order_id,order_date,customer_id,customer_name,city,category,product_name,quantity,unit_price,discount_percent,payment_mode,order_status
ONAM100001,2026-08-08,CUST1515,Neha Nair,Malappuram,Clothing,Kurta,7,2204,30,Cash,Delivered
ONAM100002,2026-07-31,CUST1083,Meera Krishnan,Ernakulam,Clothing,Kids Ethnic Wear,8,523,30,Debit Card,Delivered
ONAM100003,2026-08-26,CUST1357,Hari Rajan,Kottayam,Gifts,Chocolate Box,2,947,5,Net Banking,Delivered
ONAM100004,2026-09-08,CUST1145,Suresh Kumar,Alappuzha,Home Decor,Flower Vase,6,944,30,UPI,Delivered
ONAM100005,2026-08-26,CUST1511,Meera Rajan,Alappuzha,Electronics,Kitchen Appliance,8,8023,15,Net Banking,Delivered
ONAM100006,2026-07-28,CUST1026,Nithin Menon,Palakkad,Electronics,Kitchen Appliance,2,11695,25,Credit Card,Delivered
ONAM100007,2026-08-10,CUST1468,Gokul Joseph,Kottayam,Grocery,Rice,7,765,15,Wallet,Delivered
ONAM100008,2026-08-11,CUST1444,Lakshmi Krishnan,Ernakulam,Gifts,Tea Gift Set,1,367,10,Net Banking,Delivered
ONAM100009,2026-09-07,CUST1369,Lakshmi Krishnan,Alappuzha,Electronics,Power Bank,8,2611,30,Net Banking,Cancelled
ONAM100010,2026-08-22,CUST1325,Athira Nair,Alappuzha,Clothing,Kurta,5,1527,10,Wallet,Delivered
ONAM100011,2026-08-06,CUST1511,Hari Nair,Kochi,Clothing,Kurta,7,899,30,UPI,Delivered
ONAM100012,2026-08-06,CUST1560,Rahul Thomas,Kottayam,Gifts,Kitchen Set,4,994,0,Debit Card,Cancelled
ONAM100013,2026-08-30,CUST1006,Kavya Thomas,Kottayam,Home Decor,Brass Lamp,8,3325,10,Credit Card,Delivered
ONAM100014,2026-08-20,CUST1517,Suresh Nair,Kottayam,Electronics,Smart Watch,3,3717,15,Cash,Delivered
ONAM100015,2026-07-31,CUST1202,Adarsh Kumar,Kannur,Grocery,Banana Chips,7,175,0,Wallet,Delivered
ONAM100016,2026-09-06,CUST1523,Gokul Das,Thiruvananthapuram,Clothing,Kasavu Saree,5,4487,20,Cash,Delivered
ONAM100017,2026-08-27,CUST1175,Vishnu Thomas,Palakkad,Electronics,Kitchen Appliance,4,8604,20,Net Banking,Delivered
ONAM100018,2026-09-04,CUST1409,Anjali Pillai,Palakkad,Clothing,Kids Ethnic Wear,3,592,0,Wallet,Delivered
ONAM100019,2026-08-27,CUST1133,Neha Pillai,Alappuzha,Gifts,Gift Hamper,3,1056,10,Debit Card,Delivered
ONAM100020,2026-08-05,CUST1081,Adarsh Krishnan,Palakkad,Electronics,Power Bank,6,1415,15,Cash,Returned
ONAM100021,2026-08-27,CUST1479,Akhil Das,Kottayam,Gifts,Chocolate Box,8,1160,5,Net Banking,Returned
ONAM100022,2026-07-30,CUST1220,Nithin Kumar,Kottayam,Home Decor,Pookalam Set,8,826,25,Wallet,Delivered
ONAM100023,2026-09-06,CUST1161,Hari Joseph,Kottayam,Clothing,Kurta,4,824,15,Net Banking,Cancelled
ONAM100024,2026-08-02,CUST1302,Divya Joseph,Alappuzha,Grocery,Banana Chips,2,370,5,Credit Card,Delivered
ONAM100025,2026-08-14,CUST1190,Meera Joseph,Kollam,Clothing,Kurta,5,1804,5,Debit Card,Delivered
ONAM100026,2026-08-10,CUST1065,Arun Rajan,Thiruvananthapuram,Home Decor,Wall Decor,7,281,0,Credit Card,Delivered
ONAM100027,2026-08-16,CUST1097,Riya Thomas,Alappuzha,Home Decor,Pookalam Set,6,1083,0,Debit Card,Delivered
ONAM100028,2026-09-06,CUST1474,Amal Nair,Alappuzha,Grocery,Banana Chips,6,613,15,Debit Card,Returned
ONAM100029,2026-09-07,CUST1448,Arun Krishnan,Kollam,Home Decor,Pookalam Set,6,743,5,Cash,Delivered
ONAM100030,2026-08-29,CUST1556,Kavya Pillai,Malappuram,Electronics,Bluetooth Speaker,1,1922,10,UPI,Delivered
ONAM100031,2026-09-04,CUST1536,Hari Thomas,Malappuram,Clothing,Mundu,5,458,25,Credit Card,Delivered
ONAM100032,2026-09-05,CUST1387,Nithin Rajan,Kottayam,Gifts,Tea Gift Set,4,556,10,UPI,Cancelled
ONAM100033,2026-08-08,CUST1407,Divya Menon,Kottayam,Electronics,Kitchen Appliance,1,1771,15,Cash,Delivered
ONAM100034,2026-08-29,CUST1142,Rahul Menon,Kannur,Home Decor,Wall Decor,1,1581,15,Wallet,Delivered
ONAM100035,2026-07-28,CUST1012,Nithin Varma,Wayanad,Home Decor,Pookalam Set,4,1191,10,Cash,Cancelled
ONAM100036,2026-08-06,CUST1576,Divya Das,Ernakulam,Home Decor,Brass Lamp,6,1970,30,Cash,Delivered
ONAM100037,2026-09-03,CUST1320,Lakshmi Menon,Kochi,Gifts,Kitchen Set,7,1129,30,Debit Card,Returned
ONAM100038,2026-08-13,CUST1039,Akhil Nair,Kozhikode,Electronics,Power Bank,6,2939,15,Wallet,Cancelled
ONAM100039,2026-08-13,CUST1547,Lakshmi Thomas,Kottayam,Clothing,Kasavu Saree,1,4021,25,Net Banking,Returned
ONAM100040,2026-08-18,CUST1108,Rahul Menon,Kollam,Grocery,Banana Chips,6,660,15,UPI,Cancelled
ONAM100041,2026-08-28,CUST1167,Suresh Krishnan,Alappuzha,Electronics,Smart Watch,5,7352,10,Credit Card,Cancelled
ONAM100042,2026-08-28,CUST1492,Amal Das,Kozhikode,Clothing,Kids Ethnic Wear,3,1978,0,Debit Card,Delivered
ONAM100043,2026-09-05,CUST1030,Meera Joseph,Kannur,Grocery,Coconut Oil,1,533,5,Debit Card,Delivered
ONAM100044,2026-08-14,CUST1255,Vishnu Nair,Alappuzha,Electronics,Smart Watch,8,3259,5,Debit Card,Delivered
ONAM100045,2026-08-01,CUST1357,Gokul Varma,Malappuram,Home Decor,Pookalam Set,4,884,30,Debit Card,Delivered
ONAM100046,2026-09-05,CUST1507,Suresh Krishnan,Alappuzha,Clothing,Kasavu Saree,4,2179,20,Net Banking,Delivered
ONAM100047,2026-08-05,CUST1506,Adarsh Das,Wayanad,Home Decor,Wall Decor,4,1198,10,Debit Card,Returned
ONAM100048,2026-08-22,CUST1391,Lakshmi Menon,Kannur,Home Decor,Flower Vase,3,1083,15,UPI,Delivered
ONAM100049,2026-09-03,CUST1270,Vishnu Joseph,Kozhikode,Home Decor,Flower Vase,5,679,20,Net Banking,Returned
ONAM100050,2026-08-19,CUST1301,Athira Rajan,Ernakulam,Clothing,Kurta,1,1725,20,Cash,Delivered
ONAM100051,2026-08-21,CUST1560,Neha Pillai,Alappuzha,Clothing,Onam Dress,6,2253,0,Wallet,Delivered
ONAM100052,2026-08-15,CUST1573,Divya Menon,Palakkad,Clothing,Kurta,7,2305,30,Debit Card,Delivered
ONAM100053,2026-07-26,CUST1124,Divya Das,Malappuram,Clothing,Mundu,4,1336,15,Wallet,Delivered
ONAM100054,2026-07-31,CUST1193,Riya Kumar,Palakkad,Clothing,Kids Ethnic Wear,3,1175,10,Credit Card,Delivered
ONAM100055,2026-09-06,CUST1087,Amal Joseph,Kollam,Grocery,Spices,3,321,0,Cash,Delivered
ONAM100056,2026-09-05,CUST1526,Nithin Varma,Kannur,Grocery,Banana Chips,6,451,20,Net Banking,Delivered
ONAM100057,2026-09-04,CUST1335,Divya Kumar,Palakkad,Home Decor,Flower Vase,8,472,0,Debit Card,Delivered
ONAM100058,2026-08-19,CUST1377,Divya Joseph,Alappuzha,Gifts,Dry Fruit Box,5,1394,0,UPI,Cancelled
ONAM100059,2026-07-30,CUST1306,Gokul Thomas,Ernakulam,Electronics,Kitchen Appliance,6,9515,20,Debit Card,Delivered
ONAM100060,2026-08-27,CUST1576,Akhil Krishnan,Malappuram,Grocery,Rice,7,725,5,Credit Card,Delivered
ONAM100061,2026-08-27,CUST1215,Amal Joseph,Kollam,Gifts,Dry Fruit Box,3,2604,10,Wallet,Delivered
ONAM100062,2026-08-28,CUST1334,Hari Rajan,Wayanad,Grocery,Banana Chips,4,255,10,Credit Card,Delivered
ONAM100063,2026-08-05,CUST1036,Divya Krishnan,Kozhikode,Electronics,Bluetooth Speaker,3,3191,20,Cash,Delivered
ONAM100064,2026-09-04,CUST1191,Vishnu Rajan,Kollam,Grocery,Rice,8,639,0,Credit Card,Delivered
ONAM100065,2026-08-03,CUST1095,Athira Rajan,Palakkad,Home Decor,Table Decor,6,498,0,UPI,Delivered
ONAM100066,2026-08-04,CUST1264,Kavya Kumar,Alappuzha,Clothing,Kurta,4,2379,5,Wallet,Delivered
ONAM100067,2026-08-07,CUST1247,Nithin Varma,Wayanad,Grocery,Coconut Oil,6,312,25,Cash,Delivered
ONAM100068,2026-09-01,CUST1317,Athira Joseph,Wayanad,Home Decor,Brass Lamp,8,875,10,Credit Card,Delivered
ONAM100069,2026-08-07,CUST1162,Meera Menon,Kochi,Clothing,Kurta,7,987,25,Net Banking,Delivered
ONAM100070,2026-08-24,CUST1374,Adarsh Kumar,Palakkad,Home Decor,Wall Decor,8,809,20,Credit Card,Delivered
ONAM100071,2026-08-18,CUST1228,Hari Varma,Kollam,Grocery,Banana Chips,1,673,20,Wallet,Delivered
ONAM100072,2026-08-27,CUST1355,Riya Joseph,Kochi,Gifts,Tea Gift Set,2,865,15,UPI,Delivered
ONAM100073,2026-07-31,CUST1541,Athira Thomas,Malappuram,Clothing,Kasavu Saree,7,5510,30,Cash,Delivered
ONAM100074,2026-07-31,CUST1327,Vishnu Kumar,Kottayam,Clothing,Mundu,7,588,10,Debit Card,Delivered
ONAM100075,2026-09-08,CUST1534,Meera Das,Thrissur,Clothing,Kasavu Saree,3,3315,30,Debit Card,Cancelled
ONAM100076,2026-08-14,CUST1410,Nithin Joseph,Thrissur,Gifts,Dry Fruit Box,7,669,30,Net Banking,Delivered
ONAM100077,2026-08-18,CUST1117,Gokul Thomas,Palakkad,Gifts,Dry Fruit Box,8,2670,0,Credit Card,Delivered
ONAM100078,2026-08-09,CUST1477,Vishnu Krishnan,Wayanad,Clothing,Kids Ethnic Wear,6,1047,25,Net Banking,Delivered
ONAM100079,2026-08-01,CUST1533,Akhil Joseph,Kottayam,Home Decor,Table Decor,6,644,5,Credit Card,Delivered
ONAM100080,2026-07-25,CUST1109,Amal Rajan,Kollam,Gifts,Gift Hamper,4,1205,0,Credit Card,Delivered
ONAM100081,2026-07-27,CUST1087,Divya Menon,Palakkad,Home Decor,Wall Decor,4,1697,5,Net Banking,Cancelled
ONAM100082,2026-08-06,CUST1479,Neha Kumar,Thiruvananthapuram,Clothing,Kurta,8,696,15,Credit Card,Cancelled
ONAM100083,2026-09-02,CUST1210,Arun Krishnan,Thiruvananthapuram,Clothing,Kurta,1,1565,15,Wallet,Cancelled
ONAM100084,2026-08-28,CUST1561,Neha Thomas,Kottayam,Electronics,Smart Watch,4,9614,0,Debit Card,Delivered
ONAM100085,2026-07-27,CUST1476,Rahul Pillai,Kottayam,Electronics,Power Bank,1,2393,25,UPI,Delivered
ONAM100086,2026-08-29,CUST1176,Nithin Menon,Alappuzha,Electronics,Smart Watch,4,9771,20,Debit Card,Cancelled
ONAM100087,2026-07-29,CUST1095,Arun Das,Palakkad,Grocery,Pickle,3,370,10,Wallet,Delivered
ONAM100088,2026-08-02,CUST1507,Riya Nair,Thiruvananthapuram,Home Decor,Brass Lamp,1,3835,25,Wallet,Delivered
ONAM100089,2026-07-30,CUST1347,Neha Das,Thrissur,Gifts,Kitchen Set,1,3163,15,UPI,Delivered
ONAM100090,2026-08-28,CUST1591,Akhil Krishnan,Wayanad,Grocery,Spices,1,158,20,Credit Card,Cancelled
ONAM100091,2026-08-04,CUST1100,Nithin Varma,Kozhikode,Gifts,Kitchen Set,8,963,5,UPI,Delivered
ONAM100092,2026-07-26,CUST1152,Amal Krishnan,Kozhikode,Electronics,Earbuds,8,5884,15,Cash,Cancelled
ONAM100093,2026-08-14,CUST1125,Meera Pillai,Kollam,Clothing,Onam Dress,8,1179,25,Cash,Returned
ONAM100094,2026-08-20,CUST1257,Athira Thomas,Kozhikode,Gifts,Chocolate Box,8,857,20,UPI,Delivered
ONAM100095,2026-09-08,CUST1210,Lakshmi Krishnan,Kozhikode,Electronics,Bluetooth Speaker,7,2841,20,UPI,Delivered
ONAM100096,2026-08-07,CUST1344,Riya Rajan,Wayanad,Gifts,Dry Fruit Box,5,2723,25,Debit Card,Delivered
ONAM100097,2026-07-27,CUST1180,Neha Krishnan,Alappuzha,Gifts,Dry Fruit Box,4,1730,10,Wallet,Delivered
ONAM100098,2026-09-02,CUST1385,Gokul Kumar,Malappuram,Grocery,Pickle,5,457,0,Net Banking,Delivered
ONAM100099,2026-08-26,CUST1424,Nithin Joseph,Kannur,Electronics,Earbuds,5,6346,20,Cash,Delivered
ONAM100100,2026-08-18,CUST1432,Neha Rajan,Kottayam,Grocery,Rice,6,899,10,Net Banking,Delivered
ONAM100101,2026-08-05,CUST1110,Nithin Pillai,Kozhikode,Home Decor,Pookalam Set,8,956,30,Cash,Delivered
ONAM100102,2026-07-31,CUST1032,Riya Nair,Thiruvananthapuram,Grocery,Spices,2,545,25,Cash,Delivered
ONAM100103,2026-08-14,CUST1101,Amal Pillai,Thiruvananthapuram,Home Decor,Table Decor,5,207,5,Debit Card,Cancelled
ONAM100104,2026-08-06,CUST1424,Meera Nair,Thiruvananthapuram,Grocery,Pickle,8,254,10,UPI,Delivered
ONAM100105,2026-08-29,CUST1455,Athira Nair,Kochi,Grocery,Coconut Oil,7,284,5,Wallet,Delivered
ONAM100106,2026-08-22,CUST1453,Gokul Kumar,Kochi,Gifts,Gift Hamper,8,1839,5,Cash,Delivered
ONAM100107,2026-08-09,CUST1262,Riya Joseph,Kozhikode,Gifts,Gift Hamper,7,846,20,UPI,Returned
ONAM100108,2026-07-31,CUST1315,Divya Rajan,Alappuzha,Grocery,Banana Chips,4,473,5,Wallet,Delivered
ONAM100109,2026-09-02,CUST1271,Kavya Rajan,Kottayam,Electronics,Kitchen Appliance,5,5332,10,Cash,Delivered
ONAM100110,2026-08-12,CUST1258,Neha Varma,Thrissur,Clothing,Kids Ethnic Wear,7,2012,15,Wallet,Returned
ONAM100111,2026-08-13,CUST1167,Hari Joseph,Malappuram,Electronics,Power Bank,5,1975,5,Credit Card,Delivered
ONAM100112,2026-09-05,CUST1346,Kavya Nair,Malappuram,Grocery,Banana Chips,6,515,25,Cash,Delivered
ONAM100113,2026-08-31,CUST1382,Amal Varma,Kochi,Gifts,Gift Hamper,6,1945,20,Debit Card,Delivered
ONAM100114,2026-08-20,CUST1492,Arun Das,Wayanad,Home Decor,Wall Decor,8,340,0,Debit Card,Delivered
ONAM100115,2026-08-10,CUST1119,Kavya Rajan,Kochi,Electronics,Bluetooth Speaker,7,3457,15,Credit Card,Delivered
ONAM100116,2026-09-08,CUST1235,Akhil Kumar,Thiruvananthapuram,Clothing,Kasavu Saree,6,5869,30,Wallet,Delivered
ONAM100117,2026-07-31,CUST1056,Suresh Menon,Wayanad,Electronics,Kitchen Appliance,7,5258,5,UPI,Delivered
ONAM100118,2026-08-22,CUST1398,Anjali Menon,Alappuzha,Clothing,Kids Ethnic Wear,1,2049,15,Debit Card,Delivered
ONAM100119,2026-08-03,CUST1053,Amal Krishnan,Malappuram,Gifts,Dry Fruit Box,5,2696,10,Cash,Cancelled
ONAM100120,2026-08-22,CUST1465,Amal Varma,Thiruvananthapuram,Clothing,Kasavu Saree,3,806,15,Credit Card,Delivered
ONAM100121,2026-08-03,CUST1474,Neha Thomas,Wayanad,Grocery,Spices,4,758,10,Debit Card,Delivered
ONAM100122,2026-08-17,CUST1478,Adarsh Nair,Kannur,Clothing,Mundu,7,552,0,Net Banking,Cancelled
ONAM100123,2026-08-15,CUST1566,Nithin Pillai,Kottayam,Clothing,Kurta,5,790,15,Net Banking,Delivered
ONAM100124,2026-08-16,CUST1231,Athira Joseph,Thrissur,Electronics,Bluetooth Speaker,3,2399,10,Net Banking,Delivered
ONAM100125,2026-08-06,CUST1258,Gokul Das,Palakkad,Clothing,Onam Dress,4,1629,20,UPI,Cancelled
ONAM100126,2026-08-29,CUST1294,Riya Kumar,Palakkad,Electronics,Smart Watch,6,5208,15,Wallet,Delivered
ONAM100127,2026-09-08,CUST1275,Athira Rajan,Thiruvananthapuram,Home Decor,Brass Lamp,2,1351,15,Debit Card,Cancelled
ONAM100128,2026-08-13,CUST1491,Kavya Krishnan,Kollam,Gifts,Gift Hamper,3,593,5,Cash,Delivered
ONAM100129,2026-08-14,CUST1554,Arun Kumar,Thiruvananthapuram,Grocery,Coconut Oil,4,178,20,Debit Card,Delivered
ONAM100130,2026-08-08,CUST1343,Riya Thomas,Ernakulam,Electronics,Power Bank,1,2165,30,Cash,Cancelled
ONAM100131,2026-08-28,CUST1351,Hari Pillai,Kottayam,Gifts,Gift Hamper,5,1810,25,UPI,Cancelled
ONAM100132,2026-07-27,CUST1477,Anjali Thomas,Alappuzha,Clothing,Onam Dress,8,1496,30,UPI,Cancelled
ONAM100133,2026-08-21,CUST1271,Meera Pillai,Thrissur,Home Decor,Pookalam Set,4,575,15,Cash,Cancelled
ONAM100134,2026-08-16,CUST1040,Neha Varma,Thrissur,Clothing,Kasavu Saree,3,4025,10,Wallet,Delivered
ONAM100135,2026-08-21,CUST1316,Amal Krishnan,Thrissur,Home Decor,Brass Lamp,7,2778,25,UPI,Delivered
ONAM100136,2026-08-30,CUST1221,Riya Thomas,Wayanad,Gifts,Chocolate Box,8,786,20,Credit Card,Cancelled
ONAM100137,2026-08-05,CUST1092,Lakshmi Krishnan,Thrissur,Home Decor,Table Decor,2,1142,10,Wallet,Returned
ONAM100138,2026-07-27,CUST1417,Athira Varma,Ernakulam,Grocery,Spices,5,694,5,UPI,Delivered
ONAM100139,2026-08-26,CUST1069,Adarsh Joseph,Thiruvananthapuram,Gifts,Chocolate Box,7,893,25,UPI,Cancelled
ONAM100140,2026-08-09,CUST1057,Neha Menon,Kollam,Home Decor,Pookalam Set,6,800,10,Net Banking,Cancelled
ONAM100141,2026-08-11,CUST1291,Akhil Thomas,Kottayam,Home Decor,Pookalam Set,8,720,30,Wallet,Cancelled
ONAM100142,2026-08-19,CUST1132,Divya Krishnan,Thiruvananthapuram,Clothing,Kids Ethnic Wear,1,867,25,Net Banking,Delivered
ONAM100143,2026-07-29,CUST1008,Riya Kumar,Ernakulam,Gifts,Kitchen Set,1,565,0,Debit Card,Cancelled
ONAM100144,2026-07-26,CUST1022,Gokul Kumar,Thrissur,Grocery,Rice,2,534,0,Net Banking,Delivered
ONAM100145,2026-08-22,CUST1225,Anjali Das,Kollam,Gifts,Dry Fruit Box,1,1316,0,Net Banking,Delivered
ONAM100146,2026-09-08,CUST1542,Meera Rajan,Kollam,Gifts,Tea Gift Set,7,458,5,Cash,Delivered
ONAM100147,2026-07-26,CUST1083,Arun Menon,Kochi,Home Decor,Pookalam Set,4,1197,10,UPI,Returned
ONAM100148,2026-08-13,CUST1212,Arun Kumar,Palakkad,Home Decor,Pookalam Set,3,948,10,UPI,Delivered
ONAM100149,2026-08-31,CUST1346,Hari Menon,Kozhikode,Gifts,Gift Hamper,4,583,5,Cash,Delivered
ONAM100150,2026-08-22,CUST1096,Vishnu Thomas,Palakkad,Clothing,Kids Ethnic Wear,8,541,20,Net Banking,Cancelled
ONAM100151,2026-08-26,CUST1174,Lakshmi Thomas,Palakkad,Grocery,Banana Chips,2,294,10,UPI,Returned
ONAM100152,2026-08-01,CUST1104,Neha Rajan,Kozhikode,Grocery,Pickle,6,365,5,Net Banking,Returned
ONAM100153,2026-07-26,CUST1109,Suresh Varma,Kannur,Electronics,Kitchen Appliance,7,9213,20,Debit Card,Delivered
ONAM100154,2026-08-15,CUST1434,Adarsh Pillai,Alappuzha,Home Decor,Pookalam Set,2,958,30,Net Banking,Delivered
ONAM100155,2026-08-29,CUST1475,Lakshmi Krishnan,Thiruvananthapuram,Home Decor,Table Decor,2,482,15,Cash,Cancelled
ONAM100156,2026-08-19,CUST1272,Nithin Rajan,Malappuram,Grocery,Pickle,3,344,10,UPI,Cancelled
ONAM100157,2026-09-08,CUST1016,Neha Menon,Kochi,Electronics,Smart Watch,5,4028,10,Wallet,Delivered
ONAM100158,2026-08-23,CUST1168,Neha Pillai,Kochi,Grocery,Pickle,1,481,20,Cash,Delivered
ONAM100159,2026-07-25,CUST1534,Riya Varma,Thiruvananthapuram,Clothing,Kids Ethnic Wear,5,750,20,Cash,Delivered
ONAM100160,2026-08-15,CUST1239,Nithin Menon,Wayanad,Clothing,Kasavu Saree,3,3946,20,Cash,Cancelled
ONAM100161,2026-08-19,CUST1539,Vishnu Varma,Thiruvananthapuram,Grocery,Pickle,1,409,10,Wallet,Returned
ONAM100162,2026-08-06,CUST1112,Akhil Nair,Palakkad,Electronics,Power Bank,6,2344,0,UPI,Delivered
ONAM100163,2026-09-07,CUST1219,Riya Rajan,Thrissur,Grocery,Coconut Oil,7,765,20,Debit Card,Delivered
ONAM100164,2026-08-14,CUST1303,Adarsh Das,Wayanad,Grocery,Pickle,1,113,10,Debit Card,Delivered
ONAM100165,2026-07-29,CUST1447,Lakshmi Varma,Kozhikode,Clothing,Kasavu Saree,8,1394,5,Debit Card,Delivered
ONAM100166,2026-08-29,CUST1075,Amal Das,Kottayam,Grocery,Spices,6,172,25,UPI,Returned
ONAM100167,2026-08-18,CUST1260,Lakshmi Nair,Ernakulam,Clothing,Kurta,2,685,10,UPI,Delivered
ONAM100168,2026-08-16,CUST1002,Akhil Nair,Wayanad,Grocery,Spices,3,103,20,UPI,Delivered
ONAM100169,2026-08-26,CUST1141,Divya Nair,Malappuram,Home Decor,Table Decor,4,791,5,UPI,Returned
ONAM100170,2026-09-03,CUST1220,Neha Rajan,Kozhikode,Electronics,Smart Watch,2,5220,20,Wallet,Delivered
ONAM100171,2026-09-05,CUST1180,Lakshmi Joseph,Kottayam,Grocery,Coconut Oil,7,359,30,Cash,Delivered
ONAM100172,2026-08-13,CUST1297,Arun Das,Kottayam,Gifts,Gift Hamper,3,1572,25,Wallet,Delivered
ONAM100173,2026-08-21,CUST1263,Vishnu Varma,Ernakulam,Home Decor,Brass Lamp,5,3918,5,Wallet,Delivered
ONAM100174,2026-08-19,CUST1318,Divya Varma,Wayanad,Electronics,Power Bank,7,861,15,Cash,Delivered
ONAM100175,2026-09-05,CUST1234,Adarsh Kumar,Kollam,Grocery,Banana Chips,6,448,0,Net Banking,Delivered
ONAM100176,2026-08-15,CUST1012,Amal Kumar,Thrissur,Home Decor,Flower Vase,7,742,10,Credit Card,Delivered
ONAM100177,2026-08-24,CUST1171,Adarsh Joseph,Malappuram,Gifts,Kitchen Set,8,947,0,Net Banking,Delivered
ONAM100178,2026-08-13,CUST1294,Adarsh Thomas,Kozhikode,Home Decor,Wall Decor,1,749,30,UPI,Delivered
ONAM100179,2026-08-18,CUST1251,Vishnu Rajan,Alappuzha,Gifts,Kitchen Set,1,2455,20,Net Banking,Delivered
ONAM100180,2026-08-28,CUST1082,Amal Krishnan,Kochi,Gifts,Chocolate Box,1,1273,10,Wallet,Delivered
ONAM100181,2026-08-31,CUST1176,Akhil Kumar,Thrissur,Electronics,Power Bank,8,2378,20,Wallet,Cancelled
ONAM100182,2026-07-26,CUST1091,Meera Kumar,Kochi,Electronics,Power Bank,8,2369,0,Credit Card,Returned
ONAM100183,2026-07-26,CUST1172,Arun Varma,Malappuram,Electronics,Smart Watch,2,8452,10,Net Banking,Delivered
ONAM100184,2026-07-28,CUST1511,Neha Menon,Kollam,Home Decor,Brass Lamp,7,3507,10,Debit Card,Delivered
ONAM100185,2026-08-18,CUST1450,Divya Rajan,Ernakulam,Clothing,Onam Dress,5,1760,10,Credit Card,Delivered
ONAM100186,2026-08-04,CUST1451,Athira Thomas,Wayanad,Gifts,Tea Gift Set,2,886,5,Debit Card,Returned
ONAM100187,2026-09-05,CUST1307,Athira Thomas,Ernakulam,Grocery,Spices,7,999,10,Debit Card,Returned
ONAM100188,2026-08-07,CUST1545,Anjali Pillai,Wayanad,Grocery,Rice,3,154,10,Cash,Cancelled
ONAM100189,2026-08-23,CUST1427,Akhil Menon,Thiruvananthapuram,Gifts,Kitchen Set,2,1401,10,Credit Card,Delivered
ONAM100190,2026-09-05,CUST1093,Hari Kumar,Kozhikode,Home Decor,Flower Vase,3,1469,20,Net Banking,Delivered
ONAM100191,2026-08-18,CUST1302,Akhil Das,Palakkad,Clothing,Onam Dress,6,2931,10,UPI,Delivered
ONAM100192,2026-08-21,CUST1304,Kavya Menon,Kannur,Gifts,Dry Fruit Box,1,2249,15,UPI,Returned
ONAM100193,2026-08-12,CUST1300,Hari Thomas,Kannur,Clothing,Kasavu Saree,7,1067,25,Wallet,Delivered
ONAM100194,2026-09-03,CUST1048,Arun Varma,Thiruvananthapuram,Home Decor,Wall Decor,5,1708,20,Debit Card,Delivered
ONAM100195,2026-07-29,CUST1115,Lakshmi Pillai,Kollam,Clothing,Kasavu Saree,6,4310,0,Wallet,Delivered
ONAM100196,2026-09-01,CUST1476,Neha Nair,Kochi,Electronics,Smart Watch,6,8396,5,UPI,Delivered
ONAM100197,2026-08-13,CUST1346,Suresh Krishnan,Thiruvananthapuram,Clothing,Kids Ethnic Wear,7,632,20,Debit Card,Delivered
ONAM100198,2026-09-05,CUST1138,Rahul Kumar,Malappuram,Home Decor,Brass Lamp,3,1938,15,Wallet,Delivered
ONAM100199,2026-09-02,CUST1068,Riya Joseph,Thrissur,Electronics,Smart Watch,1,6143,20,UPI,Returned
ONAM100200,2026-08-07,CUST1227,Gokul Pillai,Malappuram,Home Decor,Brass Lamp,7,3145,30,Debit Card,Returned
ONAM100201,2026-08-03,CUST1538,Kavya Krishnan,Kollam,Clothing,Onam Dress,5,2790,15,Wallet,Delivered
ONAM100202,2026-08-26,CUST1597,Divya Thomas,Kannur,Clothing,Kurta,1,2100,25,Debit Card,Delivered
ONAM100203,2026-08-28,CUST1142,Kavya Menon,Thiruvananthapuram,Home Decor,Flower Vase,5,861,25,Net Banking,Returned
ONAM100204,2026-08-19,CUST1268,Arun Das,Palakkad,Gifts,Dry Fruit Box,2,1386,20,Debit Card,Delivered
ONAM100205,2026-09-04,CUST1294,Akhil Rajan,Ernakulam,Gifts,Kitchen Set,7,3142,5,Debit Card,Cancelled
ONAM100206,2026-07-30,CUST1077,Athira Thomas,Palakkad,Grocery,Coconut Oil,5,377,0,Debit Card,Delivered
ONAM100207,2026-08-27,CUST1396,Lakshmi Joseph,Kottayam,Gifts,Tea Gift Set,7,1637,5,UPI,Delivered
ONAM100208,2026-08-08,CUST1533,Amal Nair,Malappuram,Home Decor,Pookalam Set,5,243,25,Wallet,Delivered
ONAM100209,2026-08-31,CUST1108,Divya Pillai,Thiruvananthapuram,Gifts,Dry Fruit Box,6,1629,25,Net Banking,Delivered
ONAM100210,2026-08-01,CUST1392,Athira Joseph,Wayanad,Gifts,Chocolate Box,8,547,15,Cash,Delivered
ONAM100211,2026-08-05,CUST1175,Vishnu Kumar,Ernakulam,Home Decor,Pookalam Set,5,840,10,Debit Card,Returned
ONAM100212,2026-09-02,CUST1161,Hari Varma,Palakkad,Electronics,Bluetooth Speaker,8,5379,5,Cash,Delivered
ONAM100213,2026-08-30,CUST1524,Divya Thomas,Palakkad,Electronics,Power Bank,7,3430,5,Net Banking,Delivered
ONAM100214,2026-08-20,CUST1325,Gokul Das,Kannur,Electronics,Earbuds,7,994,20,Debit Card,Cancelled
ONAM100215,2026-08-28,CUST1421,Gokul Kumar,Thrissur,Electronics,Smart Watch,8,9728,20,UPI,Delivered
ONAM100216,2026-07-29,CUST1312,Neha Varma,Kottayam,Grocery,Spices,8,1027,15,Credit Card,Delivered
ONAM100217,2026-07-29,CUST1205,Vishnu Kumar,Kozhikode,Home Decor,Pookalam Set,2,1057,10,Net Banking,Delivered
ONAM100218,2026-08-14,CUST1468,Kavya Kumar,Palakkad,Grocery,Spices,1,1073,30,Net Banking,Returned
ONAM100219,2026-07-30,CUST1362,Gokul Thomas,Malappuram,Home Decor,Wall Decor,1,477,25,Net Banking,Delivered
ONAM100220,2026-08-22,CUST1544,Lakshmi Menon,Kannur,Electronics,Smart Watch,2,9397,15,UPI,Cancelled
ONAM100221,2026-08-14,CUST1328,Meera Nair,Thrissur,Home Decor,Brass Lamp,4,2543,30,Cash,Delivered
ONAM100222,2026-08-23,CUST1495,Rahul Krishnan,Thiruvananthapuram,Gifts,Chocolate Box,4,533,10,Credit Card,Returned
ONAM100223,2026-08-24,CUST1140,Riya Varma,Wayanad,Home Decor,Wall Decor,2,713,10,Cash,Delivered
ONAM100224,2026-08-30,CUST1303,Nithin Kumar,Kottayam,Home Decor,Pookalam Set,7,720,10,Credit Card,Delivered
ONAM100225,2026-08-15,CUST1308,Lakshmi Pillai,Kottayam,Grocery,Rice,2,889,10,UPI,Cancelled
ONAM100226,2026-08-12,CUST1342,Gokul Krishnan,Alappuzha,Home Decor,Table Decor,2,868,25,Credit Card,Returned
ONAM100227,2026-07-26,CUST1140,Hari Menon,Kannur,Gifts,Gift Hamper,5,984,25,UPI,Delivered
ONAM100228,2026-08-09,CUST1404,Kavya Joseph,Palakkad,Gifts,Dry Fruit Box,6,742,10,UPI,Delivered
ONAM100229,2026-08-31,CUST1553,Adarsh Das,Kannur,Home Decor,Brass Lamp,5,2259,0,Debit Card,Delivered
ONAM100230,2026-08-22,CUST1053,Arun Kumar,Kannur,Electronics,Smart Watch,2,6613,25,Debit Card,Delivered
ONAM100231,2026-08-27,CUST1174,Lakshmi Krishnan,Kozhikode,Gifts,Dry Fruit Box,4,697,10,Cash,Cancelled
ONAM100232,2026-08-27,CUST1035,Neha Thomas,Kottayam,Home Decor,Wall Decor,3,700,10,Debit Card,Delivered
ONAM100233,2026-09-02,CUST1004,Amal Nair,Kannur,Clothing,Kurta,3,892,30,Debit Card,Delivered
ONAM100234,2026-08-12,CUST1573,Nithin Krishnan,Ernakulam,Home Decor,Wall Decor,8,800,15,Debit Card,Delivered
ONAM100235,2026-09-03,CUST1328,Hari Thomas,Malappuram,Electronics,Kitchen Appliance,4,11473,10,Net Banking,Delivered
ONAM100236,2026-09-03,CUST1199,Amal Nair,Kochi,Gifts,Gift Hamper,4,2215,10,Wallet,Delivered
ONAM100237,2026-07-25,CUST1147,Amal Joseph,Kochi,Gifts,Chocolate Box,6,1261,25,Debit Card,Cancelled
ONAM100238,2026-08-01,CUST1223,Gokul Rajan,Malappuram,Clothing,Kids Ethnic Wear,3,1199,10,Net Banking,Returned
ONAM100239,2026-08-23,CUST1485,Kavya Pillai,Kochi,Grocery,Spices,1,1064,10,Net Banking,Delivered
ONAM100240,2026-08-22,CUST1551,Adarsh Menon,Alappuzha,Electronics,Bluetooth Speaker,8,2853,10,Debit Card,Returned
ONAM100241,2026-08-08,CUST1163,Gokul Krishnan,Kollam,Home Decor,Wall Decor,7,1550,0,Credit Card,Delivered
ONAM100242,2026-08-19,CUST1105,Gokul Menon,Kozhikode,Clothing,Kurta,2,1164,10,Debit Card,Delivered
ONAM100243,2026-08-24,CUST1078,Adarsh Das,Ernakulam,Home Decor,Brass Lamp,7,2331,20,Credit Card,Delivered
ONAM100244,2026-08-26,CUST1576,Rahul Joseph,Kottayam,Clothing,Kurta,6,1704,10,Credit Card,Returned
ONAM100245,2026-07-27,CUST1030,Athira Varma,Palakkad,Grocery,Banana Chips,2,329,5,Debit Card,Delivered
ONAM100246,2026-09-01,CUST1049,Meera Rajan,Kollam,Clothing,Onam Dress,7,2878,25,Debit Card,Delivered
ONAM100247,2026-08-21,CUST1524,Nithin Varma,Wayanad,Electronics,Power Bank,2,2609,30,Cash,Cancelled
ONAM100248,2026-08-18,CUST1297,Vishnu Pillai,Wayanad,Clothing,Mundu,6,1581,25,Cash,Delivered
ONAM100249,2026-08-15,CUST1562,Nithin Varma,Kollam,Grocery,Pickle,5,461,30,UPI,Delivered
ONAM100250,2026-09-03,CUST1488,Lakshmi Pillai,Ernakulam,Home Decor,Flower Vase,4,1139,15,Credit Card,Delivered
ONAM100251,2026-08-19,CUST1015,Suresh Krishnan,Thiruvananthapuram,Gifts,Dry Fruit Box,2,2788,5,Net Banking,Returned
ONAM100252,2026-08-05,CUST1101,Gokul Joseph,Kochi,Grocery,Coconut Oil,1,476,15,Wallet,Cancelled
ONAM100253,2026-08-05,CUST1115,Hari Pillai,Kochi,Home Decor,Table Decor,2,1050,30,Cash,Delivered
ONAM100254,2026-08-08,CUST1206,Rahul Varma,Kannur,Home Decor,Wall Decor,7,1798,30,UPI,Returned
ONAM100255,2026-09-03,CUST1163,Hari Das,Kannur,Grocery,Pickle,6,451,25,UPI,Delivered
ONAM100256,2026-07-28,CUST1132,Amal Kumar,Ernakulam,Home Decor,Flower Vase,2,485,0,Credit Card,Delivered
ONAM100257,2026-08-20,CUST1454,Athira Pillai,Alappuzha,Gifts,Dry Fruit Box,8,2248,25,Net Banking,Delivered
ONAM100258,2026-08-21,CUST1496,Lakshmi Nair,Malappuram,Clothing,Onam Dress,5,3136,5,Net Banking,Cancelled
ONAM100259,2026-09-07,CUST1216,Gokul Thomas,Kozhikode,Home Decor,Pookalam Set,8,742,25,Credit Card,Delivered
ONAM100260,2026-08-22,CUST1011,Anjali Krishnan,Ernakulam,Home Decor,Table Decor,2,1328,15,Wallet,Delivered
ONAM100261,2026-09-01,CUST1564,Akhil Rajan,Kollam,Clothing,Onam Dress,6,2368,0,Credit Card,Delivered
ONAM100262,2026-08-16,CUST1305,Arun Menon,Kochi,Gifts,Chocolate Box,3,454,25,Cash,Delivered
ONAM100263,2026-08-16,CUST1434,Kavya Pillai,Palakkad,Grocery,Banana Chips,2,147,15,UPI,Delivered
ONAM100264,2026-08-15,CUST1089,Nithin Varma,Wayanad,Gifts,Tea Gift Set,1,817,30,Net Banking,Delivered
ONAM100265,2026-08-12,CUST1138,Adarsh Menon,Ernakulam,Gifts,Dry Fruit Box,3,970,30,UPI,Delivered
ONAM100266,2026-08-10,CUST1507,Suresh Das,Wayanad,Electronics,Kitchen Appliance,3,10460,15,Debit Card,Delivered
ONAM100267,2026-08-08,CUST1351,Arun Krishnan,Alappuzha,Grocery,Coconut Oil,6,236,30,UPI,Delivered
ONAM100268,2026-08-22,CUST1213,Riya Nair,Kottayam,Grocery,Spices,3,271,25,Credit Card,Delivered
ONAM100269,2026-09-08,CUST1395,Neha Nair,Kochi,Electronics,Earbuds,7,2352,5,Debit Card,Delivered
ONAM100270,2026-08-12,CUST1242,Kavya Menon,Kannur,Clothing,Kasavu Saree,8,5004,30,Credit Card,Delivered
ONAM100271,2026-08-25,CUST1045,Akhil Thomas,Palakkad,Clothing,Kurta,8,2487,20,Debit Card,Delivered
ONAM100272,2026-09-07,CUST1556,Rahul Kumar,Kochi,Electronics,Power Bank,2,752,5,Credit Card,Delivered
ONAM100273,2026-08-17,CUST1211,Anjali Rajan,Thiruvananthapuram,Grocery,Rice,5,591,30,Credit Card,Delivered
ONAM100274,2026-09-04,CUST1164,Riya Varma,Kannur,Gifts,Tea Gift Set,3,374,15,Credit Card,Delivered
ONAM100275,2026-07-31,CUST1118,Neha Joseph,Thrissur,Clothing,Onam Dress,5,2178,10,Cash,Delivered
ONAM100276,2026-08-05,CUST1094,Akhil Nair,Alappuzha,Clothing,Kasavu Saree,1,3906,25,UPI,Delivered
ONAM100277,2026-08-29,CUST1344,Nithin Menon,Palakkad,Clothing,Kurta,3,1277,0,Wallet,Cancelled
ONAM100278,2026-08-22,CUST1258,Amal Das,Alappuzha,Clothing,Kasavu Saree,7,1324,10,Debit Card,Cancelled
ONAM100279,2026-09-05,CUST1588,Rahul Pillai,Wayanad,Grocery,Spices,2,349,15,Wallet,Delivered
ONAM100280,2026-09-04,CUST1213,Akhil Das,Palakkad,Grocery,Rice,4,740,10,UPI,Delivered
ONAM100281,2026-08-15,CUST1593,Vishnu Joseph,Kozhikode,Grocery,Coconut Oil,2,188,0,Net Banking,Delivered
ONAM100282,2026-08-01,CUST1292,Suresh Menon,Thrissur,Electronics,Smart Watch,5,5545,5,Debit Card,Delivered
ONAM100283,2026-08-09,CUST1107,Arun Joseph,Thiruvananthapuram,Gifts,Dry Fruit Box,6,2344,25,Net Banking,Returned
ONAM100284,2026-08-03,CUST1055,Kavya Das,Thiruvananthapuram,Home Decor,Brass Lamp,2,4090,5,UPI,Delivered
ONAM100285,2026-08-10,CUST1144,Riya Das,Alappuzha,Electronics,Power Bank,1,1137,20,Cash,Delivered
ONAM100286,2026-09-06,CUST1114,Rahul Menon,Kottayam,Clothing,Onam Dress,2,1372,25,Debit Card,Delivered
ONAM100287,2026-09-02,CUST1566,Divya Nair,Kottayam,Home Decor,Wall Decor,6,1250,0,Credit Card,Delivered
ONAM100288,2026-08-13,CUST1549,Nithin Thomas,Malappuram,Clothing,Kids Ethnic Wear,4,1806,15,UPI,Returned
ONAM100289,2026-07-29,CUST1004,Gokul Kumar,Malappuram,Clothing,Kids Ethnic Wear,5,1480,15,Net Banking,Cancelled
ONAM100290,2026-09-08,CUST1300,Arun Krishnan,Kannur,Grocery,Rice,2,616,0,Wallet,Delivered
ONAM100291,2026-08-18,CUST1067,Meera Thomas,Kochi,Home Decor,Pookalam Set,6,444,0,Credit Card,Cancelled
ONAM100292,2026-07-25,CUST1540,Divya Menon,Palakkad,Home Decor,Flower Vase,4,837,0,Cash,Delivered
ONAM100293,2026-08-24,CUST1130,Suresh Thomas,Thrissur,Clothing,Kurta,8,647,20,Credit Card,Delivered
ONAM100294,2026-08-01,CUST1150,Anjali Kumar,Kannur,Home Decor,Flower Vase,2,240,30,Credit Card,Delivered
ONAM100295,2026-09-07,CUST1013,Meera Das,Kochi,Gifts,Gift Hamper,4,2436,5,UPI,Delivered
ONAM100296,2026-08-02,CUST1127,Athira Menon,Malappuram,Grocery,Pickle,5,456,20,Net Banking,Delivered
ONAM100297,2026-08-30,CUST1285,Hari Menon,Thiruvananthapuram,Electronics,Bluetooth Speaker,4,1721,10,Credit Card,Delivered
ONAM100298,2026-08-11,CUST1159,Amal Krishnan,Kottayam,Clothing,Kasavu Saree,1,5970,5,Cash,Delivered
ONAM100299,2026-08-19,CUST1404,Anjali Rajan,Kollam,Home Decor,Brass Lamp,2,1375,10,Net Banking,Cancelled
ONAM100300,2026-08-31,CUST1427,Gokul Thomas,Malappuram,Gifts,Chocolate Box,6,452,30,Debit Card,Delivered
ONAM100301,2026-08-25,CUST1131,Meera Kumar,Wayanad,Home Decor,Brass Lamp,8,4467,10,Debit Card,Returned
ONAM100302,2026-07-28,CUST1375,Anjali Thomas,Kochi,Gifts,Chocolate Box,1,1375,10,Credit Card,Delivered
ONAM100303,2026-08-03,CUST1589,Nithin Das,Palakkad,Home Decor,Wall Decor,8,953,0,Cash,Delivered
ONAM100304,2026-08-17,CUST1278,Divya Kumar,Kottayam,Grocery,Banana Chips,2,404,10,UPI,Delivered
ONAM100305,2026-08-06,CUST1279,Rahul Kumar,Kannur,Electronics,Power Bank,5,845,30,UPI,Delivered
ONAM100306,2026-08-21,CUST1028,Neha Das,Thrissur,Grocery,Banana Chips,1,342,25,Debit Card,Returned
ONAM100307,2026-08-26,CUST1442,Vishnu Rajan,Kozhikode,Home Decor,Wall Decor,6,1744,30,UPI,Delivered
ONAM100308,2026-08-20,CUST1109,Amal Nair,Kochi,Clothing,Kurta,8,1374,20,Debit Card,Cancelled
ONAM100309,2026-07-28,CUST1338,Rahul Varma,Malappuram,Grocery,Pickle,4,202,25,Wallet,Delivered
ONAM100310,2026-08-13,CUST1199,Neha Rajan,Alappuzha,Gifts,Chocolate Box,3,641,30,Net Banking,Delivered
ONAM100311,2026-08-15,CUST1293,Vishnu Varma,Ernakulam,Electronics,Smart Watch,6,7902,0,Credit Card,Returned
ONAM100312,2026-08-07,CUST1426,Anjali Menon,Ernakulam,Home Decor,Table Decor,8,510,25,UPI,Delivered
ONAM100313,2026-07-29,CUST1550,Kavya Varma,Kollam,Clothing,Onam Dress,1,1976,10,Net Banking,Delivered
ONAM100314,2026-08-17,CUST1275,Gokul Joseph,Kottayam,Electronics,Kitchen Appliance,6,4299,10,Debit Card,Delivered
ONAM100315,2026-08-06,CUST1598,Neha Thomas,Malappuram,Electronics,Earbuds,3,2051,25,Credit Card,Delivered
ONAM100316,2026-08-22,CUST1349,Meera Nair,Palakkad,Clothing,Kids Ethnic Wear,1,1971,10,Cash,Returned
ONAM100317,2026-07-30,CUST1086,Amal Menon,Wayanad,Home Decor,Brass Lamp,5,4126,15,Cash,Delivered
ONAM100318,2026-08-18,CUST1224,Kavya Thomas,Kozhikode,Grocery,Spices,6,624,25,UPI,Delivered
ONAM100319,2026-08-20,CUST1564,Kavya Joseph,Kozhikode,Home Decor,Wall Decor,5,1557,10,Credit Card,Cancelled
ONAM100320,2026-08-15,CUST1103,Amal Menon,Wayanad,Electronics,Power Bank,7,2262,15,Net Banking,Cancelled
ONAM100321,2026-08-17,CUST1468,Rahul Pillai,Alappuzha,Home Decor,Pookalam Set,4,782,10,Net Banking,Delivered
ONAM100322,2026-07-28,CUST1467,Riya Kumar,Palakkad,Grocery,Pickle,7,239,5,Credit Card,Cancelled
ONAM100323,2026-08-16,CUST1441,Suresh Joseph,Ernakulam,Home Decor,Table Decor,3,999,5,Net Banking,Delivered
ONAM100324,2026-07-29,CUST1032,Amal Krishnan,Kochi,Clothing,Mundu,8,578,5,UPI,Delivered
ONAM100325,2026-08-23,CUST1583,Arun Kumar,Wayanad,Grocery,Spices,6,350,15,Credit Card,Delivered
ONAM100326,2026-07-30,CUST1580,Akhil Krishnan,Kollam,Grocery,Rice,1,655,0,UPI,Delivered
ONAM100327,2026-08-18,CUST1303,Suresh Joseph,Malappuram,Gifts,Chocolate Box,1,1244,5,Cash,Delivered
ONAM100328,2026-08-27,CUST1522,Nithin Nair,Wayanad,Gifts,Tea Gift Set,5,1037,10,Wallet,Cancelled
ONAM100329,2026-08-03,CUST1330,Nithin Kumar,Thiruvananthapuram,Clothing,Kurta,6,1221,15,Wallet,Delivered
ONAM100330,2026-08-17,CUST1481,Suresh Kumar,Kottayam,Clothing,Kasavu Saree,6,3042,20,Net Banking,Delivered
ONAM100331,2026-08-20,CUST1171,Anjali Krishnan,Thiruvananthapuram,Clothing,Kurta,8,1818,0,Wallet,Delivered
ONAM100332,2026-08-28,CUST1111,Kavya Varma,Kollam,Grocery,Spices,8,628,25,UPI,Delivered
ONAM100333,2026-08-29,CUST1116,Riya Rajan,Kottayam,Gifts,Tea Gift Set,5,481,25,Debit Card,Delivered
ONAM100334,2026-08-23,CUST1028,Nithin Kumar,Malappuram,Gifts,Kitchen Set,5,2606,5,Cash,Delivered
ONAM100335,2026-08-11,CUST1042,Arun Das,Kannur,Home Decor,Pookalam Set,7,817,25,Net Banking,Delivered
ONAM100336,2026-08-06,CUST1578,Hari Varma,Kozhikode,Gifts,Gift Hamper,5,832,10,Cash,Delivered
ONAM100337,2026-09-02,CUST1564,Meera Menon,Kollam,Home Decor,Brass Lamp,7,4204,10,Cash,Delivered
ONAM100338,2026-07-28,CUST1395,Arun Krishnan,Wayanad,Electronics,Kitchen Appliance,2,5731,25,UPI,Cancelled
ONAM100339,2026-08-11,CUST1066,Hari Varma,Thrissur,Grocery,Spices,4,1169,0,Credit Card,Returned
ONAM100340,2026-08-11,CUST1420,Neha Pillai,Wayanad,Gifts,Gift Hamper,2,546,10,Credit Card,Delivered
ONAM100341,2026-08-10,CUST1150,Gokul Menon,Malappuram,Clothing,Kids Ethnic Wear,4,1850,10,Net Banking,Cancelled
ONAM100342,2026-07-27,CUST1544,Amal Varma,Kollam,Electronics,Power Bank,4,3382,25,Credit Card,Cancelled
ONAM100343,2026-08-14,CUST1376,Gokul Das,Malappuram,Gifts,Gift Hamper,5,480,5,Wallet,Delivered
ONAM100344,2026-08-03,CUST1235,Akhil Thomas,Thiruvananthapuram,Clothing,Onam Dress,4,3264,5,Credit Card,Delivered
ONAM100345,2026-08-10,CUST1050,Hari Varma,Ernakulam,Gifts,Gift Hamper,8,825,25,Cash,Delivered
ONAM100346,2026-07-25,CUST1274,Riya Das,Thrissur,Grocery,Rice,4,340,10,UPI,Delivered
ONAM100347,2026-08-22,CUST1310,Rahul Joseph,Kottayam,Clothing,Kurta,4,1335,10,Wallet,Delivered
ONAM100348,2026-08-03,CUST1083,Akhil Nair,Alappuzha,Gifts,Dry Fruit Box,8,2474,10,Credit Card,Delivered
ONAM100349,2026-09-07,CUST1088,Gokul Varma,Kannur,Clothing,Kasavu Saree,5,2869,25,UPI,Delivered
ONAM100350,2026-09-02,CUST1162,Hari Varma,Palakkad,Grocery,Banana Chips,1,638,5,Credit Card,Returned
ONAM100351,2026-07-31,CUST1096,Neha Krishnan,Kottayam,Gifts,Dry Fruit Box,6,1821,15,Wallet,Cancelled
ONAM100352,2026-08-05,CUST1549,Arun Menon,Wayanad,Gifts,Gift Hamper,3,1204,10,Debit Card,Delivered
ONAM100353,2026-08-08,CUST1004,Kavya Krishnan,Kannur,Gifts,Chocolate Box,5,876,10,Credit Card,Delivered
ONAM100354,2026-08-03,CUST1118,Suresh Nair,Wayanad,Grocery,Rice,5,297,10,UPI,Returned
ONAM100355,2026-08-06,CUST1326,Adarsh Das,Thrissur,Home Decor,Wall Decor,4,1693,10,Wallet,Cancelled
ONAM100356,2026-08-13,CUST1225,Gokul Varma,Kozhikode,Grocery,Banana Chips,6,150,5,Credit Card,Delivered
ONAM100357,2026-08-31,CUST1172,Neha Krishnan,Kochi,Grocery,Coconut Oil,1,618,10,Debit Card,Delivered
ONAM100358,2026-08-15,CUST1233,Anjali Pillai,Kannur,Home Decor,Brass Lamp,1,3627,20,Wallet,Delivered
ONAM100359,2026-08-16,CUST1046,Riya Krishnan,Kottayam,Gifts,Kitchen Set,5,1503,10,Wallet,Delivered
ONAM100360,2026-07-31,CUST1029,Neha Krishnan,Thiruvananthapuram,Electronics,Kitchen Appliance,7,6619,15,Wallet,Delivered
ONAM100361,2026-09-03,CUST1456,Amal Das,Alappuzha,Grocery,Rice,4,477,15,UPI,Delivered
ONAM100362,2026-08-24,CUST1581,Amal Nair,Thiruvananthapuram,Electronics,Kitchen Appliance,5,2125,15,Net Banking,Delivered
ONAM100363,2026-08-02,CUST1424,Hari Krishnan,Wayanad,Gifts,Gift Hamper,7,2455,5,Cash,Delivered
ONAM100364,2026-08-22,CUST1110,Adarsh Nair,Thiruvananthapuram,Home Decor,Brass Lamp,6,2860,5,Debit Card,Delivered
ONAM100365,2026-08-07,CUST1173,Rahul Pillai,Kollam,Gifts,Gift Hamper,2,662,5,Debit Card,Delivered
ONAM100366,2026-08-28,CUST1333,Gokul Nair,Palakkad,Electronics,Earbuds,2,4462,15,Credit Card,Delivered
ONAM100367,2026-08-04,CUST1407,Divya Pillai,Alappuzha,Clothing,Kids Ethnic Wear,5,1028,15,Debit Card,Cancelled
ONAM100368,2026-07-25,CUST1005,Kavya Kumar,Thiruvananthapuram,Grocery,Pickle,7,158,0,Credit Card,Delivered
ONAM100369,2026-08-03,CUST1104,Vishnu Pillai,Thiruvananthapuram,Clothing,Kurta,6,2333,0,Wallet,Delivered
ONAM100370,2026-08-06,CUST1157,Adarsh Pillai,Wayanad,Electronics,Smart Watch,7,8928,25,Debit Card,Returned
ONAM100371,2026-08-09,CUST1483,Adarsh Nair,Palakkad,Electronics,Bluetooth Speaker,5,2302,0,Cash,Cancelled
ONAM100372,2026-08-14,CUST1127,Adarsh Das,Kollam,Electronics,Earbuds,8,1963,20,Cash,Delivered
ONAM100373,2026-08-11,CUST1450,Adarsh Pillai,Kochi,Gifts,Tea Gift Set,5,1336,5,Credit Card,Cancelled
ONAM100374,2026-09-04,CUST1226,Hari Nair,Kollam,Grocery,Banana Chips,7,337,20,Debit Card,Delivered
ONAM100375,2026-08-31,CUST1201,Lakshmi Menon,Wayanad,Home Decor,Wall Decor,5,1724,10,UPI,Delivered
ONAM100376,2026-08-09,CUST1314,Meera Varma,Ernakulam,Clothing,Kurta,6,2498,30,Wallet,Delivered
ONAM100377,2026-09-04,CUST1127,Arun Nair,Palakkad,Clothing,Onam Dress,4,2489,10,UPI,Returned
ONAM100378,2026-09-07,CUST1317,Adarsh Nair,Thiruvananthapuram,Grocery,Rice,7,506,15,Debit Card,Delivered
ONAM100379,2026-08-31,CUST1205,Kavya Krishnan,Kochi,Grocery,Pickle,3,303,15,Net Banking,Delivered
ONAM100380,2026-08-24,CUST1109,Kavya Krishnan,Ernakulam,Gifts,Dry Fruit Box,8,903,10,Cash,Cancelled
ONAM100381,2026-07-27,CUST1156,Vishnu Nair,Kottayam,Home Decor,Flower Vase,3,462,20,Net Banking,Delivered
ONAM100382,2026-08-28,CUST1090,Arun Joseph,Kozhikode,Electronics,Earbuds,3,5388,10,Debit Card,Returned
ONAM100383,2026-08-12,CUST1557,Nithin Das,Ernakulam,Electronics,Earbuds,2,3376,25,Debit Card,Delivered
ONAM100384,2026-08-09,CUST1207,Akhil Krishnan,Kottayam,Home Decor,Table Decor,7,655,5,Wallet,Returned
ONAM100385,2026-08-04,CUST1392,Riya Krishnan,Kannur,Home Decor,Flower Vase,5,1412,5,Net Banking,Returned
ONAM100386,2026-07-25,CUST1573,Rahul Thomas,Ernakulam,Electronics,Bluetooth Speaker,7,2835,30,Cash,Delivered
ONAM100387,2026-08-17,CUST1138,Suresh Menon,Thrissur,Clothing,Onam Dress,7,1937,10,Debit Card,Delivered
ONAM100388,2026-08-23,CUST1426,Akhil Kumar,Kollam,Home Decor,Wall Decor,4,650,30,Debit Card,Returned
ONAM100389,2026-09-02,CUST1436,Anjali Menon,Kottayam,Electronics,Smart Watch,4,4072,20,Credit Card,Delivered
ONAM100390,2026-08-28,CUST1329,Lakshmi Krishnan,Kollam,Home Decor,Pookalam Set,3,1199,25,Wallet,Delivered
ONAM100391,2026-08-31,CUST1566,Suresh Menon,Kottayam,Home Decor,Brass Lamp,8,1435,10,Credit Card,Delivered
ONAM100392,2026-09-02,CUST1013,Akhil Menon,Ernakulam,Gifts,Dry Fruit Box,3,640,0,Credit Card,Delivered
ONAM100393,2026-08-13,CUST1572,Rahul Das,Kochi,Electronics,Power Bank,8,2848,20,Wallet,Delivered
ONAM100394,2026-08-23,CUST1015,Lakshmi Varma,Thrissur,Grocery,Rice,6,680,30,Net Banking,Cancelled
ONAM100395,2026-09-05,CUST1067,Arun Kumar,Thiruvananthapuram,Grocery,Pickle,2,416,30,Debit Card,Delivered
ONAM100396,2026-09-05,CUST1530,Lakshmi Das,Ernakulam,Home Decor,Flower Vase,1,837,0,Cash,Delivered
ONAM100397,2026-08-10,CUST1149,Hari Menon,Thrissur,Electronics,Power Bank,1,2413,25,Wallet,Delivered
ONAM100398,2026-08-15,CUST1301,Riya Krishnan,Kochi,Grocery,Pickle,4,363,5,Debit Card,Delivered
ONAM100399,2026-08-25,CUST1199,Suresh Nair,Thrissur,Electronics,Bluetooth Speaker,1,3023,5,Cash,Returned
ONAM100400,2026-09-02,CUST1233,Vishnu Varma,Kochi,Grocery,Spices,7,155,10,Net Banking,Cancelled
ONAM100401,2026-08-23,CUST1403,Nithin Pillai,Kottayam,Home Decor,Flower Vase,6,936,30,Net Banking,Delivered
ONAM100402,2026-08-11,CUST1557,Kavya Menon,Kollam,Clothing,Mundu,2,821,10,Net Banking,Delivered
ONAM100403,2026-08-12,CUST1475,Neha Pillai,Kannur,Home Decor,Pookalam Set,3,780,5,Debit Card,Delivered
ONAM100404,2026-08-17,CUST1453,Neha Menon,Kannur,Electronics,Smart Watch,6,6235,0,Credit Card,Delivered
ONAM100405,2026-08-02,CUST1269,Arun Kumar,Ernakulam,Grocery,Pickle,5,96,15,Debit Card,Delivered
ONAM100406,2026-08-31,CUST1100,Rahul Pillai,Kannur,Gifts,Chocolate Box,8,835,5,UPI,Cancelled
ONAM100407,2026-08-13,CUST1125,Gokul Nair,Kannur,Home Decor,Pookalam Set,2,1081,25,Wallet,Cancelled
ONAM100408,2026-08-30,CUST1096,Divya Krishnan,Kannur,Electronics,Bluetooth Speaker,5,2345,20,Credit Card,Cancelled
ONAM100409,2026-08-28,CUST1266,Meera Rajan,Wayanad,Gifts,Kitchen Set,4,2394,0,Net Banking,Delivered
ONAM100410,2026-08-03,CUST1308,Riya Joseph,Kozhikode,Electronics,Power Bank,6,3282,30,Wallet,Delivered
ONAM100411,2026-09-06,CUST1544,Suresh Varma,Kannur,Electronics,Earbuds,1,2187,25,Debit Card,Delivered
ONAM100412,2026-08-17,CUST1341,Meera Das,Kollam,Grocery,Spices,8,890,0,Wallet,Delivered
ONAM100413,2026-09-08,CUST1183,Gokul Varma,Thiruvananthapuram,Gifts,Chocolate Box,6,497,20,Net Banking,Cancelled
ONAM100414,2026-08-23,CUST1483,Akhil Varma,Kozhikode,Gifts,Chocolate Box,6,1414,10,Credit Card,Returned
ONAM100415,2026-08-08,CUST1358,Meera Joseph,Palakkad,Gifts,Kitchen Set,6,607,15,Credit Card,Delivered
ONAM100416,2026-08-16,CUST1247,Lakshmi Das,Thiruvananthapuram,Electronics,Power Bank,4,1966,10,Credit Card,Cancelled
ONAM100417,2026-08-02,CUST1048,Akhil Menon,Malappuram,Home Decor,Wall Decor,8,1270,30,Cash,Delivered
ONAM100418,2026-08-23,CUST1379,Hari Krishnan,Alappuzha,Home Decor,Flower Vase,3,533,20,Wallet,Delivered
ONAM100419,2026-09-04,CUST1533,Athira Joseph,Kozhikode,Grocery,Rice,8,102,5,Debit Card,Returned
ONAM100420,2026-08-14,CUST1599,Lakshmi Pillai,Alappuzha,Clothing,Mundu,2,1304,30,Net Banking,Delivered
ONAM100421,2026-07-28,CUST1394,Kavya Kumar,Thrissur,Home Decor,Wall Decor,2,1333,20,Net Banking,Delivered
ONAM100422,2026-08-30,CUST1572,Rahul Nair,Wayanad,Gifts,Kitchen Set,2,3085,5,Credit Card,Delivered
ONAM100423,2026-08-09,CUST1210,Rahul Das,Kochi,Electronics,Kitchen Appliance,2,3521,10,Debit Card,Returned
ONAM100424,2026-08-17,CUST1484,Riya Rajan,Kochi,Gifts,Gift Hamper,7,870,0,Cash,Delivered
ONAM100425,2026-08-15,CUST1255,Suresh Das,Kozhikode,Grocery,Coconut Oil,2,340,30,UPI,Delivered
ONAM100426,2026-08-24,CUST1256,Vishnu Das,Kollam,Clothing,Mundu,1,1460,30,UPI,Delivered
ONAM100427,2026-08-05,CUST1456,Riya Varma,Kozhikode,Home Decor,Pookalam Set,3,803,30,Credit Card,Delivered
ONAM100428,2026-07-29,CUST1242,Rahul Menon,Thrissur,Gifts,Dry Fruit Box,7,576,5,Debit Card,Delivered
ONAM100429,2026-08-21,CUST1502,Adarsh Das,Kochi,Home Decor,Wall Decor,6,799,30,Wallet,Delivered
ONAM100430,2026-08-23,CUST1527,Arun Das,Thiruvananthapuram,Gifts,Tea Gift Set,7,1796,15,Net Banking,Delivered
ONAM100431,2026-09-06,CUST1318,Athira Rajan,Ernakulam,Clothing,Mundu,3,1139,25,Net Banking,Delivered
ONAM100432,2026-09-08,CUST1483,Kavya Kumar,Kozhikode,Home Decor,Pookalam Set,8,815,30,UPI,Delivered
ONAM100433,2026-08-23,CUST1208,Amal Rajan,Palakkad,Grocery,Spices,5,775,10,UPI,Cancelled
ONAM100434,2026-08-02,CUST1494,Akhil Joseph,Kozhikode,Electronics,Power Bank,1,1975,30,Net Banking,Delivered
ONAM100435,2026-08-30,CUST1423,Arun Pillai,Ernakulam,Gifts,Tea Gift Set,8,611,15,Cash,Delivered
ONAM100436,2026-09-08,CUST1486,Nithin Varma,Kollam,Gifts,Tea Gift Set,6,741,0,Credit Card,Delivered
ONAM100437,2026-08-21,CUST1045,Akhil Menon,Thrissur,Gifts,Dry Fruit Box,5,901,0,Wallet,Delivered
ONAM100438,2026-08-16,CUST1054,Suresh Pillai,Kottayam,Clothing,Onam Dress,6,2488,10,Credit Card,Delivered
ONAM100439,2026-08-17,CUST1074,Rahul Menon,Wayanad,Electronics,Bluetooth Speaker,1,1057,25,Debit Card,Delivered
ONAM100440,2026-08-26,CUST1132,Riya Kumar,Thiruvananthapuram,Clothing,Kids Ethnic Wear,7,1105,10,UPI,Delivered
ONAM100441,2026-08-09,CUST1244,Kavya Menon,Alappuzha,Grocery,Pickle,2,473,0,Net Banking,Delivered
ONAM100442,2026-08-11,CUST1486,Nithin Varma,Thiruvananthapuram,Home Decor,Pookalam Set,3,225,25,Cash,Delivered
ONAM100443,2026-08-30,CUST1382,Akhil Das,Palakkad,Gifts,Tea Gift Set,1,1167,5,Wallet,Delivered
ONAM100444,2026-08-25,CUST1090,Kavya Varma,Thiruvananthapuram,Home Decor,Pookalam Set,7,619,5,Debit Card,Delivered
ONAM100445,2026-08-10,CUST1387,Vishnu Thomas,Thrissur,Clothing,Mundu,7,1072,10,Net Banking,Cancelled
ONAM100446,2026-08-30,CUST1353,Vishnu Menon,Palakkad,Gifts,Kitchen Set,1,2434,30,Wallet,Delivered
ONAM100447,2026-07-28,CUST1524,Divya Menon,Kannur,Grocery,Banana Chips,7,273,0,Credit Card,Delivered
ONAM100448,2026-08-01,CUST1465,Meera Nair,Wayanad,Home Decor,Wall Decor,2,599,20,Cash,Delivered
ONAM100449,2026-08-13,CUST1456,Lakshmi Das,Kochi,Gifts,Gift Hamper,3,765,10,Net Banking,Delivered
ONAM100450,2026-08-08,CUST1214,Nithin Menon,Kochi,Electronics,Smart Watch,2,7707,30,Cash,Cancelled
ONAM100451,2026-08-24,CUST1044,Meera Joseph,Kochi,Home Decor,Wall Decor,6,1452,30,Credit Card,Returned
ONAM100452,2026-08-12,CUST1051,Arun Thomas,Wayanad,Electronics,Earbuds,3,6648,10,Net Banking,Cancelled
ONAM100453,2026-08-23,CUST1522,Athira Rajan,Kochi,Electronics,Kitchen Appliance,7,5262,15,Cash,Delivered
ONAM100454,2026-09-05,CUST1284,Riya Varma,Malappuram,Clothing,Onam Dress,3,3015,30,UPI,Delivered
ONAM100455,2026-08-15,CUST1147,Kavya Rajan,Kozhikode,Home Decor,Table Decor,8,232,20,Net Banking,Delivered
ONAM100456,2026-08-10,CUST1341,Lakshmi Varma,Thiruvananthapuram,Home Decor,Pookalam Set,2,648,30,UPI,Delivered
ONAM100457,2026-08-25,CUST1242,Akhil Kumar,Alappuzha,Grocery,Banana Chips,2,205,25,Debit Card,Cancelled
ONAM100458,2026-07-26,CUST1180,Amal Rajan,Wayanad,Home Decor,Flower Vase,4,1429,15,UPI,Delivered
ONAM100459,2026-09-03,CUST1013,Divya Nair,Wayanad,Clothing,Kids Ethnic Wear,4,771,20,Net Banking,Delivered
ONAM100460,2026-08-24,CUST1531,Rahul Krishnan,Kannur,Gifts,Chocolate Box,4,854,10,Wallet,Delivered
ONAM100461,2026-08-07,CUST1392,Hari Thomas,Kannur,Gifts,Tea Gift Set,6,394,10,Wallet,Delivered
ONAM100462,2026-08-14,CUST1026,Neha Thomas,Kannur,Gifts,Gift Hamper,8,875,5,Net Banking,Delivered
ONAM100463,2026-08-17,CUST1368,Akhil Menon,Kollam,Gifts,Gift Hamper,3,2311,0,UPI,Delivered
ONAM100464,2026-08-01,CUST1264,Kavya Krishnan,Kochi,Gifts,Chocolate Box,5,1434,20,Debit Card,Delivered
ONAM100465,2026-07-26,CUST1056,Nithin Pillai,Kozhikode,Electronics,Smart Watch,4,4064,10,Cash,Cancelled
ONAM100466,2026-09-01,CUST1459,Hari Varma,Palakkad,Gifts,Kitchen Set,8,3070,10,Net Banking,Cancelled
ONAM100467,2026-08-03,CUST1140,Lakshmi Das,Alappuzha,Clothing,Kasavu Saree,2,4784,0,Debit Card,Delivered
ONAM100468,2026-07-31,CUST1595,Divya Thomas,Malappuram,Home Decor,Wall Decor,6,1565,25,UPI,Delivered
ONAM100469,2026-08-21,CUST1221,Gokul Das,Wayanad,Electronics,Kitchen Appliance,8,10465,10,Credit Card,Returned
ONAM100470,2026-07-31,CUST1287,Arun Varma,Kozhikode,Home Decor,Flower Vase,1,380,5,UPI,Delivered
ONAM100471,2026-08-13,CUST1114,Suresh Kumar,Thiruvananthapuram,Grocery,Rice,3,331,25,Wallet,Delivered
ONAM100472,2026-08-07,CUST1466,Rahul Das,Palakkad,Home Decor,Wall Decor,3,731,10,Net Banking,Delivered
ONAM100473,2026-08-26,CUST1311,Kavya Varma,Alappuzha,Gifts,Chocolate Box,7,374,15,Credit Card,Delivered
ONAM100474,2026-08-07,CUST1097,Neha Krishnan,Kochi,Gifts,Dry Fruit Box,7,789,20,Net Banking,Delivered
ONAM100475,2026-09-04,CUST1140,Meera Krishnan,Kochi,Clothing,Onam Dress,7,2388,15,Cash,Cancelled
ONAM100476,2026-08-16,CUST1104,Meera Menon,Wayanad,Electronics,Smart Watch,2,5330,0,UPI,Delivered
ONAM100477,2026-08-29,CUST1559,Nithin Krishnan,Kottayam,Grocery,Spices,6,233,0,Debit Card,Returned
ONAM100478,2026-08-05,CUST1362,Gokul Kumar,Ernakulam,Gifts,Dry Fruit Box,2,774,30,Wallet,Cancelled
ONAM100479,2026-08-16,CUST1435,Nithin Das,Kottayam,Home Decor,Table Decor,6,985,20,Debit Card,Returned
ONAM100480,2026-08-14,CUST1051,Akhil Das,Malappuram,Gifts,Chocolate Box,5,1292,25,Credit Card,Cancelled
ONAM100481,2026-08-08,CUST1301,Hari Varma,Palakkad,Home Decor,Brass Lamp,3,950,15,Debit Card,Cancelled
ONAM100482,2026-08-28,CUST1103,Nithin Kumar,Thiruvananthapuram,Home Decor,Brass Lamp,7,822,10,UPI,Delivered
ONAM100483,2026-08-20,CUST1125,Hari Thomas,Malappuram,Clothing,Onam Dress,2,1704,25,Wallet,Delivered
ONAM100484,2026-08-20,CUST1296,Anjali Nair,Kochi,Clothing,Mundu,5,429,20,UPI,Delivered
ONAM100485,2026-08-15,CUST1582,Riya Pillai,Kochi,Gifts,Chocolate Box,5,251,20,Credit Card,Delivered
ONAM100486,2026-08-11,CUST1326,Adarsh Das,Kollam,Electronics,Smart Watch,1,6777,20,Cash,Cancelled
ONAM100487,2026-08-28,CUST1245,Hari Das,Ernakulam,Gifts,Dry Fruit Box,4,1823,5,UPI,Delivered
ONAM100488,2026-08-08,CUST1483,Divya Menon,Alappuzha,Home Decor,Wall Decor,4,516,20,Cash,Delivered
ONAM100489,2026-07-26,CUST1154,Rahul Thomas,Palakkad,Clothing,Kurta,6,2318,10,UPI,Delivered
ONAM100490,2026-08-22,CUST1533,Divya Joseph,Kannur,Home Decor,Brass Lamp,2,3426,15,Cash,Delivered
ONAM100491,2026-09-08,CUST1491,Nithin Kumar,Kannur,Gifts,Gift Hamper,3,881,25,Credit Card,Delivered
ONAM100492,2026-08-29,CUST1008,Hari Menon,Kollam,Electronics,Power Bank,1,944,10,Wallet,Delivered
ONAM100493,2026-09-03,CUST1306,Suresh Nair,Kollam,Gifts,Gift Hamper,4,1468,20,UPI,Delivered
ONAM100494,2026-08-26,CUST1158,Lakshmi Krishnan,Thiruvananthapuram,Home Decor,Brass Lamp,3,2527,20,Credit Card,Cancelled
ONAM100495,2026-09-04,CUST1108,Anjali Krishnan,Kannur,Grocery,Coconut Oil,8,862,0,Cash,Delivered
ONAM100496,2026-08-07,CUST1463,Arun Kumar,Ernakulam,Gifts,Chocolate Box,5,1237,5,UPI,Delivered
ONAM100497,2026-07-29,CUST1011,Meera Nair,Thiruvananthapuram,Grocery,Spices,1,953,10,Net Banking,Delivered
ONAM100498,2026-08-13,CUST1108,Lakshmi Thomas,Palakkad,Grocery,Coconut Oil,5,321,10,Debit Card,Delivered
ONAM100499,2026-08-29,CUST1127,Gokul Nair,Kochi,Clothing,Onam Dress,7,1295,30,Wallet,Delivered
ONAM100500,2026-08-31,CUST1455,Suresh Das,Thiruvananthapuram,Home Decor,Table Decor,6,311,25,UPI,Delivered
ONAM100501,2026-08-02,CUST1096,Riya Varma,Kannur,Clothing,Kids Ethnic Wear,3,793,25,Debit Card,Delivered
ONAM100502,2026-08-16,CUST1242,Lakshmi Rajan,Thrissur,Home Decor,Pookalam Set,6,1015,15,Cash,Delivered
ONAM100503,2026-08-12,CUST1127,Divya Pillai,Kochi,Electronics,Kitchen Appliance,7,3236,10,Net Banking,Returned
ONAM100504,2026-09-07,CUST1418,Akhil Varma,Wayanad,Gifts,Dry Fruit Box,8,563,0,Net Banking,Delivered
ONAM100505,2026-08-29,CUST1403,Rahul Varma,Malappuram,Gifts,Dry Fruit Box,2,2317,20,Wallet,Cancelled
ONAM100506,2026-07-25,CUST1427,Anjali Varma,Wayanad,Home Decor,Table Decor,5,803,5,Debit Card,Delivered
ONAM100507,2026-08-15,CUST1015,Riya Pillai,Kozhikode,Electronics,Kitchen Appliance,3,3569,20,Wallet,Cancelled
ONAM100508,2026-08-16,CUST1222,Amal Thomas,Palakkad,Gifts,Chocolate Box,5,353,5,UPI,Delivered
ONAM100509,2026-08-01,CUST1173,Kavya Thomas,Kannur,Electronics,Earbuds,5,6246,10,UPI,Returned
ONAM100510,2026-08-28,CUST1583,Athira Thomas,Thrissur,Clothing,Kurta,1,2227,15,Credit Card,Delivered
ONAM100511,2026-09-02,CUST1265,Nithin Menon,Kozhikode,Gifts,Tea Gift Set,4,922,30,Credit Card,Delivered
ONAM100512,2026-09-06,CUST1151,Gokul Krishnan,Thrissur,Grocery,Pickle,1,481,30,Net Banking,Cancelled
ONAM100513,2026-08-04,CUST1243,Divya Rajan,Kottayam,Gifts,Tea Gift Set,5,357,5,Net Banking,Delivered
ONAM100514,2026-07-31,CUST1582,Arun Kumar,Thiruvananthapuram,Gifts,Gift Hamper,7,2264,10,Net Banking,Returned
ONAM100515,2026-08-18,CUST1190,Meera Pillai,Kannur,Home Decor,Brass Lamp,8,3520,25,UPI,Delivered
ONAM100516,2026-08-15,CUST1521,Anjali Joseph,Kottayam,Electronics,Earbuds,5,952,15,Wallet,Delivered
ONAM100517,2026-08-12,CUST1068,Suresh Krishnan,Kozhikode,Clothing,Kids Ethnic Wear,5,1649,0,UPI,Cancelled
ONAM100518,2026-08-02,CUST1440,Vishnu Kumar,Kollam,Clothing,Kids Ethnic Wear,4,1076,10,Credit Card,Delivered
ONAM100519,2026-08-05,CUST1050,Rahul Kumar,Malappuram,Electronics,Smart Watch,6,8842,20,Net Banking,Cancelled
ONAM100520,2026-08-24,CUST1189,Neha Varma,Kozhikode,Electronics,Earbuds,2,4964,30,UPI,Delivered
ONAM100521,2026-08-08,CUST1216,Arun Thomas,Kochi,Clothing,Kurta,1,786,10,Debit Card,Delivered
ONAM100522,2026-07-30,CUST1223,Amal Kumar,Thrissur,Gifts,Dry Fruit Box,4,1053,20,Wallet,Cancelled
ONAM100523,2026-08-09,CUST1487,Athira Pillai,Palakkad,Electronics,Earbuds,7,4012,5,Net Banking,Returned
ONAM100524,2026-08-10,CUST1465,Hari Kumar,Thiruvananthapuram,Gifts,Tea Gift Set,7,957,10,Credit Card,Returned
ONAM100525,2026-08-02,CUST1041,Arun Rajan,Palakkad,Gifts,Chocolate Box,6,887,10,Debit Card,Returned
ONAM100526,2026-08-02,CUST1584,Hari Joseph,Malappuram,Clothing,Kurta,2,949,25,Credit Card,Delivered
ONAM100527,2026-09-01,CUST1383,Rahul Joseph,Thrissur,Gifts,Dry Fruit Box,7,578,10,Wallet,Cancelled
ONAM100528,2026-08-15,CUST1238,Akhil Menon,Palakkad,Electronics,Smart Watch,1,5581,10,UPI,Delivered
ONAM100529,2026-08-15,CUST1441,Rahul Pillai,Palakkad,Gifts,Dry Fruit Box,3,2603,5,Credit Card,Delivered
ONAM100530,2026-09-03,CUST1368,Akhil Kumar,Kochi,Gifts,Dry Fruit Box,1,1353,30,UPI,Delivered
ONAM100531,2026-08-27,CUST1241,Meera Kumar,Malappuram,Electronics,Bluetooth Speaker,4,2171,15,Debit Card,Delivered
ONAM100532,2026-09-02,CUST1388,Amal Das,Palakkad,Home Decor,Wall Decor,8,818,0,Cash,Delivered
ONAM100533,2026-09-01,CUST1052,Neha Varma,Palakkad,Home Decor,Pookalam Set,4,603,25,Credit Card,Delivered
ONAM100534,2026-08-10,CUST1279,Riya Varma,Kottayam,Clothing,Onam Dress,1,1592,0,Debit Card,Delivered
ONAM100535,2026-07-31,CUST1129,Vishnu Das,Alappuzha,Electronics,Earbuds,4,5174,10,UPI,Delivered
ONAM100536,2026-08-02,CUST1496,Rahul Menon,Palakkad,Grocery,Spices,1,1046,0,Debit Card,Delivered
ONAM100537,2026-08-08,CUST1594,Amal Joseph,Kollam,Grocery,Rice,7,362,0,Cash,Delivered
ONAM100538,2026-08-01,CUST1421,Arun Menon,Kochi,Home Decor,Brass Lamp,7,2415,10,Net Banking,Returned
ONAM100539,2026-08-16,CUST1536,Kavya Varma,Alappuzha,Home Decor,Table Decor,8,796,0,Net Banking,Returned
ONAM100540,2026-08-05,CUST1333,Kavya Pillai,Malappuram,Clothing,Onam Dress,1,2196,10,UPI,Cancelled
ONAM100541,2026-08-14,CUST1287,Kavya Varma,Palakkad,Clothing,Kasavu Saree,6,4055,0,Net Banking,Returned
ONAM100542,2026-07-28,CUST1103,Neha Menon,Kollam,Home Decor,Wall Decor,2,547,30,Credit Card,Delivered
ONAM100543,2026-08-09,CUST1126,Adarsh Rajan,Kozhikode,Home Decor,Wall Decor,1,1716,5,Debit Card,Delivered
ONAM100544,2026-07-30,CUST1162,Nithin Das,Malappuram,Clothing,Onam Dress,7,2874,30,Net Banking,Delivered
ONAM100545,2026-07-27,CUST1200,Amal Das,Kozhikode,Electronics,Smart Watch,7,3471,10,UPI,Delivered
ONAM100546,2026-09-03,CUST1108,Athira Pillai,Kollam,Gifts,Chocolate Box,4,381,20,Cash,Delivered
ONAM100547,2026-08-19,CUST1303,Adarsh Varma,Kozhikode,Grocery,Pickle,6,117,15,Wallet,Returned
ONAM100548,2026-08-27,CUST1199,Anjali Das,Malappuram,Grocery,Pickle,3,372,25,Cash,Delivered
ONAM100549,2026-08-31,CUST1441,Divya Rajan,Kollam,Gifts,Dry Fruit Box,1,2476,0,Net Banking,Delivered
ONAM100550,2026-07-26,CUST1538,Nithin Das,Kozhikode,Home Decor,Pookalam Set,2,1148,0,Cash,Delivered
ONAM100551,2026-07-27,CUST1456,Suresh Das,Kannur,Gifts,Dry Fruit Box,5,2587,20,Debit Card,Delivered
ONAM100552,2026-09-02,CUST1283,Hari Thomas,Kozhikode,Electronics,Power Bank,1,1520,20,Debit Card,Delivered
ONAM100553,2026-08-07,CUST1339,Suresh Menon,Kozhikode,Home Decor,Table Decor,2,873,10,Cash,Delivered
ONAM100554,2026-09-01,CUST1030,Kavya Nair,Kozhikode,Grocery,Coconut Oil,8,518,20,Wallet,Delivered
ONAM100555,2026-09-08,CUST1304,Hari Pillai,Kottayam,Grocery,Rice,7,216,0,Credit Card,Delivered
ONAM100556,2026-08-08,CUST1150,Gokul Varma,Kannur,Home Decor,Pookalam Set,1,1070,10,Cash,Delivered
ONAM100557,2026-08-10,CUST1385,Adarsh Menon,Thrissur,Clothing,Kurta,7,2304,10,Wallet,Cancelled
ONAM100558,2026-08-25,CUST1140,Arun Joseph,Thiruvananthapuram,Clothing,Mundu,5,1331,0,Net Banking,Returned
ONAM100559,2026-08-30,CUST1193,Meera Thomas,Malappuram,Gifts,Kitchen Set,7,625,30,Debit Card,Delivered
ONAM100560,2026-07-25,CUST1426,Vishnu Das,Ernakulam,Gifts,Chocolate Box,7,957,5,UPI,Delivered
ONAM100561,2026-08-18,CUST1561,Neha Menon,Ernakulam,Home Decor,Brass Lamp,2,4389,0,Cash,Delivered
ONAM100562,2026-09-03,CUST1217,Hari Rajan,Kannur,Grocery,Pickle,3,354,10,Credit Card,Cancelled
ONAM100563,2026-08-21,CUST1038,Rahul Varma,Ernakulam,Grocery,Spices,6,1080,10,Credit Card,Delivered
ONAM100564,2026-08-02,CUST1154,Hari Das,Malappuram,Home Decor,Flower Vase,5,397,20,Net Banking,Delivered
ONAM100565,2026-08-05,CUST1468,Suresh Thomas,Malappuram,Home Decor,Table Decor,4,344,5,Wallet,Delivered
ONAM100566,2026-08-16,CUST1273,Vishnu Das,Malappuram,Home Decor,Brass Lamp,6,1417,30,Debit Card,Returned
ONAM100567,2026-09-05,CUST1084,Neha Kumar,Kochi,Clothing,Onam Dress,1,2671,10,Debit Card,Delivered
ONAM100568,2026-08-29,CUST1552,Hari Pillai,Kollam,Grocery,Spices,5,957,10,Net Banking,Delivered
ONAM100569,2026-08-17,CUST1461,Akhil Rajan,Wayanad,Electronics,Kitchen Appliance,1,5294,20,UPI,Returned
ONAM100570,2026-08-19,CUST1407,Divya Das,Kottayam,Clothing,Kids Ethnic Wear,4,2170,10,Cash,Delivered
ONAM100571,2026-09-01,CUST1051,Amal Pillai,Thiruvananthapuram,Electronics,Bluetooth Speaker,2,3682,20,UPI,Returned
ONAM100572,2026-08-02,CUST1490,Adarsh Thomas,Kannur,Gifts,Chocolate Box,8,253,20,Wallet,Delivered
ONAM100573,2026-07-28,CUST1432,Divya Rajan,Ernakulam,Home Decor,Table Decor,6,652,10,UPI,Returned
ONAM100574,2026-09-04,CUST1080,Rahul Joseph,Kozhikode,Gifts,Chocolate Box,2,391,10,Cash,Delivered
ONAM100575,2026-07-30,CUST1304,Lakshmi Joseph,Ernakulam,Electronics,Kitchen Appliance,8,3318,5,Net Banking,Delivered
ONAM100576,2026-08-29,CUST1515,Akhil Varma,Kottayam,Clothing,Kurta,7,1467,10,Debit Card,Delivered
ONAM100577,2026-08-24,CUST1379,Hari Pillai,Kochi,Grocery,Coconut Oil,7,611,15,Cash,Delivered
ONAM100578,2026-09-07,CUST1172,Rahul Pillai,Kozhikode,Grocery,Coconut Oil,4,387,10,Wallet,Delivered
ONAM100579,2026-08-21,CUST1135,Riya Kumar,Wayanad,Electronics,Bluetooth Speaker,2,4809,10,Wallet,Delivered
ONAM100580,2026-08-23,CUST1437,Nithin Joseph,Kannur,Grocery,Coconut Oil,8,294,10,UPI,Delivered
ONAM100581,2026-08-06,CUST1154,Vishnu Krishnan,Kannur,Grocery,Coconut Oil,3,386,5,Net Banking,Delivered
ONAM100582,2026-08-31,CUST1319,Anjali Krishnan,Palakkad,Gifts,Dry Fruit Box,4,1274,10,Net Banking,Delivered
ONAM100583,2026-07-25,CUST1423,Arun Krishnan,Palakkad,Gifts,Tea Gift Set,6,1112,25,Net Banking,Delivered
ONAM100584,2026-07-29,CUST1424,Vishnu Joseph,Malappuram,Grocery,Rice,2,693,30,Net Banking,Delivered
ONAM100585,2026-08-12,CUST1047,Neha Rajan,Thiruvananthapuram,Home Decor,Pookalam Set,8,733,0,Net Banking,Returned
ONAM100586,2026-08-03,CUST1460,Nithin Varma,Ernakulam,Home Decor,Pookalam Set,8,849,20,UPI,Delivered
ONAM100587,2026-07-29,CUST1272,Riya Das,Kozhikode,Clothing,Kasavu Saree,5,2876,10,Cash,Cancelled
ONAM100588,2026-08-26,CUST1374,Kavya Joseph,Kannur,Home Decor,Table Decor,5,915,15,Cash,Cancelled
ONAM100589,2026-09-02,CUST1251,Kavya Varma,Palakkad,Grocery,Pickle,4,234,10,Debit Card,Returned
ONAM100590,2026-08-25,CUST1111,Rahul Joseph,Kozhikode,Electronics,Earbuds,7,1617,15,UPI,Delivered
ONAM100591,2026-08-10,CUST1471,Meera Menon,Kozhikode,Gifts,Dry Fruit Box,5,1486,20,UPI,Returned
ONAM100592,2026-08-19,CUST1364,Meera Pillai,Kozhikode,Grocery,Pickle,6,434,0,Cash,Cancelled
ONAM100593,2026-07-25,CUST1109,Kavya Menon,Palakkad,Home Decor,Table Decor,6,736,25,Cash,Cancelled
ONAM100594,2026-08-29,CUST1383,Arun Pillai,Kottayam,Gifts,Kitchen Set,1,1927,15,UPI,Returned
ONAM100595,2026-08-10,CUST1220,Hari Rajan,Palakkad,Clothing,Mundu,4,740,25,Cash,Delivered
ONAM100596,2026-07-31,CUST1146,Rahul Nair,Malappuram,Grocery,Rice,2,661,10,UPI,Delivered
ONAM100597,2026-08-08,CUST1071,Rahul Thomas,Kottayam,Clothing,Onam Dress,6,1981,25,Net Banking,Delivered
ONAM100598,2026-08-26,CUST1230,Amal Pillai,Kottayam,Grocery,Spices,8,1143,15,Credit Card,Delivered
ONAM100599,2026-07-29,CUST1280,Gokul Varma,Palakkad,Electronics,Bluetooth Speaker,3,1943,15,Wallet,Delivered
ONAM100600,2026-08-04,CUST1124,Suresh Pillai,Kozhikode,Grocery,Rice,5,504,10,Debit Card,Delivered
ONAM100601,2026-08-07,CUST1162,Neha Das,Palakkad,Home Decor,Flower Vase,7,1116,5,Wallet,Delivered
ONAM100602,2026-08-20,CUST1220,Kavya Krishnan,Palakkad,Gifts,Chocolate Box,2,491,15,Wallet,Returned
ONAM100603,2026-09-08,CUST1100,Amal Joseph,Palakkad,Clothing,Kasavu Saree,4,1509,10,Credit Card,Cancelled
ONAM100604,2026-09-03,CUST1495,Rahul Krishnan,Thiruvananthapuram,Electronics,Kitchen Appliance,2,7041,5,Wallet,Delivered
ONAM100605,2026-09-02,CUST1177,Lakshmi Das,Kannur,Electronics,Power Bank,7,3098,0,Wallet,Delivered
ONAM100606,2026-09-01,CUST1102,Akhil Varma,Ernakulam,Clothing,Mundu,4,1282,5,Cash,Delivered
ONAM100607,2026-08-28,CUST1073,Vishnu Thomas,Kochi,Clothing,Kasavu Saree,5,4902,20,Credit Card,Returned
ONAM100608,2026-08-25,CUST1097,Nithin Krishnan,Alappuzha,Home Decor,Wall Decor,7,745,25,Net Banking,Delivered
ONAM100609,2026-09-02,CUST1006,Nithin Nair,Alappuzha,Clothing,Mundu,5,1706,15,Debit Card,Delivered
ONAM100610,2026-07-29,CUST1284,Hari Pillai,Kottayam,Clothing,Kasavu Saree,3,3777,30,Cash,Delivered
ONAM100611,2026-07-31,CUST1576,Meera Kumar,Thiruvananthapuram,Gifts,Kitchen Set,7,2065,0,Wallet,Delivered
ONAM100612,2026-08-28,CUST1068,Nithin Thomas,Kottayam,Clothing,Onam Dress,3,2505,20,Cash,Delivered
ONAM100613,2026-07-31,CUST1045,Hari Nair,Malappuram,Clothing,Onam Dress,4,1666,15,Net Banking,Delivered
ONAM100614,2026-09-08,CUST1301,Kavya Varma,Ernakulam,Clothing,Onam Dress,2,1406,5,Debit Card,Delivered
ONAM100615,2026-08-08,CUST1410,Akhil Varma,Kozhikode,Electronics,Kitchen Appliance,3,3363,15,Credit Card,Cancelled
ONAM100616,2026-09-07,CUST1386,Nithin Thomas,Palakkad,Home Decor,Pookalam Set,8,649,10,Debit Card,Delivered
ONAM100617,2026-08-05,CUST1223,Amal Nair,Kannur,Home Decor,Pookalam Set,4,412,25,Credit Card,Delivered
ONAM100618,2026-08-06,CUST1304,Hari Das,Thrissur,Electronics,Kitchen Appliance,1,10474,20,Net Banking,Delivered
ONAM100619,2026-08-02,CUST1563,Arun Rajan,Kozhikode,Gifts,Dry Fruit Box,1,1432,10,Wallet,Delivered
ONAM100620,2026-07-27,CUST1545,Rahul Das,Kottayam,Electronics,Power Bank,1,2185,0,Credit Card,Delivered
ONAM100621,2026-08-12,CUST1366,Meera Varma,Alappuzha,Home Decor,Table Decor,8,1221,10,Cash,Delivered
ONAM100622,2026-07-26,CUST1270,Rahul Varma,Kochi,Gifts,Chocolate Box,3,1343,15,Credit Card,Delivered
ONAM100623,2026-08-10,CUST1188,Divya Thomas,Thrissur,Home Decor,Brass Lamp,4,648,0,Credit Card,Cancelled
ONAM100624,2026-08-28,CUST1175,Rahul Nair,Alappuzha,Gifts,Chocolate Box,5,979,30,UPI,Returned
ONAM100625,2026-07-28,CUST1257,Adarsh Das,Malappuram,Clothing,Kurta,8,1452,25,Cash,Cancelled
ONAM100626,2026-08-10,CUST1096,Hari Joseph,Malappuram,Gifts,Kitchen Set,6,1715,20,Debit Card,Delivered
ONAM100627,2026-09-02,CUST1266,Athira Varma,Kollam,Gifts,Dry Fruit Box,3,534,25,Credit Card,Cancelled
ONAM100628,2026-07-26,CUST1250,Meera Krishnan,Thiruvananthapuram,Electronics,Bluetooth Speaker,1,4970,5,Debit Card,Delivered
ONAM100629,2026-09-07,CUST1309,Amal Joseph,Kannur,Home Decor,Pookalam Set,1,778,10,Credit Card,Delivered
ONAM100630,2026-08-12,CUST1146,Arun Varma,Malappuram,Home Decor,Flower Vase,6,682,20,Net Banking,Cancelled
ONAM100631,2026-08-02,CUST1425,Kavya Das,Malappuram,Gifts,Dry Fruit Box,5,631,5,UPI,Returned
ONAM100632,2026-08-03,CUST1400,Meera Rajan,Kozhikode,Grocery,Rice,7,227,5,Debit Card,Returned
ONAM100633,2026-08-17,CUST1169,Athira Thomas,Kozhikode,Home Decor,Wall Decor,6,1207,10,UPI,Delivered
ONAM100634,2026-08-09,CUST1264,Suresh Pillai,Kannur,Grocery,Spices,5,153,20,UPI,Delivered
ONAM100635,2026-08-04,CUST1408,Amal Kumar,Kozhikode,Gifts,Dry Fruit Box,4,984,30,UPI,Cancelled
ONAM100636,2026-08-30,CUST1551,Suresh Pillai,Ernakulam,Gifts,Dry Fruit Box,3,1960,10,Cash,Delivered
ONAM100637,2026-08-04,CUST1006,Adarsh Nair,Palakkad,Home Decor,Brass Lamp,7,2942,30,Net Banking,Returned
ONAM100638,2026-08-19,CUST1090,Amal Joseph,Malappuram,Electronics,Smart Watch,2,4907,20,Cash,Delivered
ONAM100639,2026-08-17,CUST1077,Athira Kumar,Kozhikode,Electronics,Bluetooth Speaker,8,2419,0,Credit Card,Delivered
ONAM100640,2026-08-10,CUST1474,Meera Varma,Kozhikode,Grocery,Rice,1,816,0,Wallet,Cancelled
ONAM100641,2026-08-04,CUST1063,Amal Kumar,Ernakulam,Electronics,Bluetooth Speaker,7,3685,10,Net Banking,Cancelled
ONAM100642,2026-08-27,CUST1111,Amal Rajan,Wayanad,Grocery,Coconut Oil,5,693,10,UPI,Delivered
ONAM100643,2026-08-15,CUST1303,Amal Joseph,Alappuzha,Grocery,Coconut Oil,1,641,20,Net Banking,Returned
ONAM100644,2026-08-27,CUST1156,Hari Rajan,Palakkad,Home Decor,Brass Lamp,3,994,0,Credit Card,Delivered
ONAM100645,2026-08-16,CUST1328,Rahul Das,Thiruvananthapuram,Electronics,Earbuds,4,2114,25,Debit Card,Delivered
ONAM100646,2026-08-11,CUST1056,Kavya Das,Thrissur,Electronics,Earbuds,2,6184,20,Cash,Delivered
ONAM100647,2026-07-29,CUST1182,Vishnu Krishnan,Kozhikode,Gifts,Tea Gift Set,7,1456,20,Debit Card,Cancelled
ONAM100648,2026-08-13,CUST1394,Gokul Rajan,Wayanad,Electronics,Kitchen Appliance,2,5536,15,Wallet,Delivered
ONAM100649,2026-08-16,CUST1437,Gokul Menon,Thrissur,Gifts,Dry Fruit Box,8,2691,25,Net Banking,Delivered
ONAM100650,2026-07-31,CUST1527,Riya Krishnan,Malappuram,Home Decor,Flower Vase,2,1283,30,UPI,Delivered
ONAM100651,2026-08-18,CUST1170,Lakshmi Menon,Malappuram,Home Decor,Flower Vase,3,1171,15,Debit Card,Delivered
ONAM100652,2026-08-02,CUST1079,Gokul Nair,Thrissur,Gifts,Chocolate Box,1,786,25,UPI,Delivered
ONAM100653,2026-08-09,CUST1306,Kavya Kumar,Malappuram,Electronics,Earbuds,3,3442,20,Net Banking,Cancelled
ONAM100654,2026-08-05,CUST1366,Athira Varma,Wayanad,Home Decor,Wall Decor,1,547,10,Wallet,Delivered
ONAM100655,2026-08-31,CUST1474,Gokul Das,Kottayam,Grocery,Spices,2,687,10,Debit Card,Delivered
ONAM100656,2026-09-02,CUST1004,Nithin Nair,Palakkad,Grocery,Spices,4,899,15,Net Banking,Returned
ONAM100657,2026-08-03,CUST1202,Hari Nair,Alappuzha,Clothing,Mundu,4,1229,25,Net Banking,Cancelled
ONAM100658,2026-09-02,CUST1322,Athira Nair,Alappuzha,Grocery,Coconut Oil,4,625,20,Net Banking,Delivered
ONAM100659,2026-08-07,CUST1224,Suresh Thomas,Malappuram,Gifts,Gift Hamper,3,2335,10,UPI,Cancelled
ONAM100660,2026-08-03,CUST1047,Nithin Menon,Palakkad,Home Decor,Brass Lamp,2,1754,5,Wallet,Delivered
ONAM100661,2026-09-06,CUST1381,Suresh Rajan,Kannur,Clothing,Kasavu Saree,6,1141,20,Debit Card,Delivered
ONAM100662,2026-08-03,CUST1306,Gokul Joseph,Kozhikode,Clothing,Mundu,7,1510,25,Debit Card,Delivered
ONAM100663,2026-08-28,CUST1155,Athira Thomas,Malappuram,Electronics,Earbuds,1,2923,0,UPI,Delivered
ONAM100664,2026-09-06,CUST1016,Kavya Nair,Ernakulam,Clothing,Kurta,5,1176,20,Net Banking,Delivered
ONAM100665,2026-07-26,CUST1448,Lakshmi Thomas,Kochi,Clothing,Kasavu Saree,5,5170,25,Debit Card,Returned
ONAM100666,2026-09-03,CUST1220,Amal Krishnan,Alappuzha,Clothing,Kids Ethnic Wear,2,735,5,Net Banking,Delivered
ONAM100667,2026-08-07,CUST1468,Athira Das,Kollam,Home Decor,Table Decor,1,1499,20,Net Banking,Delivered
ONAM100668,2026-08-12,CUST1138,Lakshmi Nair,Kollam,Clothing,Kasavu Saree,1,2367,10,Debit Card,Cancelled
ONAM100669,2026-09-05,CUST1182,Anjali Thomas,Alappuzha,Home Decor,Flower Vase,8,990,20,Debit Card,Delivered
ONAM100670,2026-07-28,CUST1066,Suresh Nair,Kannur,Gifts,Gift Hamper,4,1362,10,Wallet,Delivered
ONAM100671,2026-09-06,CUST1281,Gokul Nair,Palakkad,Clothing,Kurta,3,2273,5,Wallet,Delivered
ONAM100672,2026-08-21,CUST1438,Nithin Kumar,Kollam,Grocery,Rice,1,258,25,Debit Card,Delivered
ONAM100673,2026-08-25,CUST1390,Amal Kumar,Thiruvananthapuram,Home Decor,Pookalam Set,7,624,10,Wallet,Delivered
ONAM100674,2026-08-07,CUST1055,Amal Krishnan,Kottayam,Gifts,Chocolate Box,7,1104,25,Wallet,Delivered
ONAM100675,2026-09-04,CUST1311,Athira Menon,Thrissur,Electronics,Earbuds,3,1060,5,Wallet,Delivered
ONAM100676,2026-08-05,CUST1015,Athira Pillai,Kochi,Electronics,Kitchen Appliance,6,6389,30,UPI,Delivered
ONAM100677,2026-08-19,CUST1479,Neha Kumar,Wayanad,Home Decor,Brass Lamp,6,3620,20,Cash,Cancelled
ONAM100678,2026-08-16,CUST1503,Suresh Krishnan,Kannur,Electronics,Earbuds,3,5618,15,Cash,Delivered
ONAM100679,2026-08-26,CUST1043,Lakshmi Das,Malappuram,Clothing,Kids Ethnic Wear,5,2104,25,Credit Card,Returned
ONAM100680,2026-08-09,CUST1284,Gokul Menon,Wayanad,Clothing,Onam Dress,5,2995,5,UPI,Delivered
ONAM100681,2026-08-01,CUST1299,Suresh Rajan,Kozhikode,Clothing,Mundu,2,1574,10,Wallet,Delivered
ONAM100682,2026-07-31,CUST1421,Akhil Joseph,Kottayam,Gifts,Tea Gift Set,6,935,20,UPI,Delivered
ONAM100683,2026-09-04,CUST1141,Hari Pillai,Palakkad,Clothing,Onam Dress,7,1909,10,Wallet,Delivered
ONAM100684,2026-08-11,CUST1543,Rahul Kumar,Ernakulam,Electronics,Kitchen Appliance,5,5228,25,Wallet,Delivered
ONAM100685,2026-08-19,CUST1293,Nithin Joseph,Kannur,Gifts,Kitchen Set,4,2218,30,Wallet,Returned
ONAM100686,2026-08-29,CUST1461,Rahul Menon,Wayanad,Grocery,Pickle,4,218,0,Net Banking,Delivered
ONAM100687,2026-08-29,CUST1579,Gokul Das,Wayanad,Grocery,Spices,1,214,5,Net Banking,Delivered
ONAM100688,2026-08-27,CUST1523,Adarsh Joseph,Wayanad,Clothing,Mundu,3,581,15,Net Banking,Delivered
ONAM100689,2026-08-24,CUST1575,Meera Kumar,Malappuram,Clothing,Kurta,5,2070,0,Cash,Cancelled
ONAM100690,2026-08-12,CUST1407,Arun Das,Kottayam,Gifts,Gift Hamper,3,427,5,Credit Card,Delivered
ONAM100691,2026-08-24,CUST1171,Arun Nair,Alappuzha,Grocery,Rice,3,99,20,Cash,Returned
ONAM100692,2026-08-16,CUST1176,Divya Kumar,Palakkad,Electronics,Smart Watch,8,6915,10,Cash,Delivered
ONAM100693,2026-08-31,CUST1512,Adarsh Rajan,Ernakulam,Clothing,Kurta,5,2151,25,Wallet,Cancelled
ONAM100694,2026-08-14,CUST1238,Nithin Nair,Thrissur,Gifts,Chocolate Box,8,270,10,Debit Card,Delivered
ONAM100695,2026-08-28,CUST1504,Anjali Menon,Malappuram,Grocery,Pickle,2,221,0,Net Banking,Returned
ONAM100696,2026-08-31,CUST1523,Anjali Pillai,Kollam,Electronics,Power Bank,8,1409,0,UPI,Returned
ONAM100697,2026-08-17,CUST1228,Nithin Rajan,Kottayam,Clothing,Kasavu Saree,6,2589,5,Debit Card,Delivered
ONAM100698,2026-09-08,CUST1386,Hari Joseph,Kottayam,Electronics,Bluetooth Speaker,7,1995,5,UPI,Delivered
ONAM100699,2026-09-02,CUST1580,Anjali Thomas,Alappuzha,Clothing,Onam Dress,5,2767,0,Credit Card,Delivered
ONAM100700,2026-08-17,CUST1388,Nithin Pillai,Alappuzha,Home Decor,Flower Vase,2,959,10,Net Banking,Delivered
ONAM100701,2026-08-25,CUST1447,Divya Pillai,Palakkad,Gifts,Chocolate Box,2,800,10,Net Banking,Returned
ONAM100702,2026-07-31,CUST1015,Hari Krishnan,Kochi,Clothing,Kasavu Saree,8,2213,30,Credit Card,Cancelled
ONAM100703,2026-07-31,CUST1388,Amal Pillai,Thrissur,Gifts,Tea Gift Set,7,1614,0,Wallet,Delivered
ONAM100704,2026-08-25,CUST1119,Lakshmi Das,Kottayam,Electronics,Power Bank,1,3043,5,UPI,Delivered
ONAM100705,2026-08-23,CUST1068,Neha Nair,Kannur,Electronics,Kitchen Appliance,7,4611,20,Debit Card,Delivered
ONAM100706,2026-08-21,CUST1142,Suresh Krishnan,Kochi,Home Decor,Pookalam Set,5,490,25,UPI,Returned
ONAM100707,2026-08-17,CUST1526,Lakshmi Varma,Thrissur,Home Decor,Wall Decor,4,1695,5,Wallet,Delivered
ONAM100708,2026-08-30,CUST1284,Suresh Nair,Thiruvananthapuram,Grocery,Banana Chips,5,658,15,Debit Card,Delivered
ONAM100709,2026-08-23,CUST1523,Vishnu Rajan,Thiruvananthapuram,Electronics,Kitchen Appliance,7,10592,0,UPI,Delivered
ONAM100710,2026-08-20,CUST1468,Divya Das,Ernakulam,Grocery,Coconut Oil,7,487,10,Wallet,Delivered
ONAM100711,2026-08-27,CUST1358,Athira Pillai,Thiruvananthapuram,Clothing,Mundu,6,831,25,Cash,Delivered
ONAM100712,2026-09-05,CUST1498,Kavya Varma,Ernakulam,Electronics,Earbuds,2,3292,30,Debit Card,Cancelled
ONAM100713,2026-08-24,CUST1504,Rahul Menon,Malappuram,Home Decor,Pookalam Set,6,798,30,Wallet,Delivered
ONAM100714,2026-08-04,CUST1079,Athira Pillai,Thiruvananthapuram,Home Decor,Table Decor,7,292,5,UPI,Returned
ONAM100715,2026-08-27,CUST1088,Lakshmi Pillai,Kottayam,Home Decor,Brass Lamp,1,2993,20,Wallet,Delivered
ONAM100716,2026-08-23,CUST1411,Suresh Rajan,Wayanad,Clothing,Kasavu Saree,5,4842,20,Net Banking,Delivered
ONAM100717,2026-08-17,CUST1452,Lakshmi Joseph,Thiruvananthapuram,Gifts,Dry Fruit Box,3,2354,20,Wallet,Returned
ONAM100718,2026-09-04,CUST1450,Divya Das,Thiruvananthapuram,Gifts,Dry Fruit Box,7,963,5,UPI,Returned
ONAM100719,2026-08-11,CUST1132,Suresh Pillai,Kollam,Electronics,Kitchen Appliance,3,8430,10,Cash,Cancelled
ONAM100720,2026-08-24,CUST1211,Vishnu Kumar,Wayanad,Gifts,Dry Fruit Box,8,1339,20,Debit Card,Returned
ONAM100721,2026-07-28,CUST1107,Neha Rajan,Kannur,Clothing,Kurta,3,1832,5,UPI,Returned
ONAM100722,2026-08-03,CUST1343,Arun Das,Thrissur,Gifts,Gift Hamper,5,1276,15,UPI,Delivered
ONAM100723,2026-08-14,CUST1300,Neha Nair,Kozhikode,Electronics,Power Bank,7,1143,10,Debit Card,Delivered
ONAM100724,2026-08-11,CUST1106,Divya Kumar,Ernakulam,Electronics,Kitchen Appliance,4,1882,25,UPI,Returned
ONAM100725,2026-09-02,CUST1593,Riya Varma,Alappuzha,Electronics,Smart Watch,8,9112,25,UPI,Delivered
ONAM100726,2026-08-22,CUST1143,Lakshmi Joseph,Wayanad,Gifts,Tea Gift Set,6,509,10,Wallet,Cancelled
ONAM100727,2026-08-05,CUST1066,Gokul Krishnan,Kochi,Grocery,Rice,7,139,15,Cash,Delivered
ONAM100728,2026-07-28,CUST1209,Athira Menon,Kochi,Home Decor,Brass Lamp,8,2201,15,Credit Card,Returned
ONAM100729,2026-08-07,CUST1316,Meera Krishnan,Alappuzha,Home Decor,Flower Vase,5,1394,10,Net Banking,Delivered
ONAM100730,2026-08-01,CUST1263,Lakshmi Thomas,Malappuram,Home Decor,Flower Vase,7,941,10,UPI,Delivered
ONAM100731,2026-08-29,CUST1134,Gokul Varma,Alappuzha,Home Decor,Flower Vase,7,1461,25,UPI,Returned
ONAM100732,2026-08-11,CUST1575,Adarsh Krishnan,Kozhikode,Gifts,Tea Gift Set,6,1118,5,Cash,Delivered
ONAM100733,2026-08-28,CUST1120,Neha Pillai,Kozhikode,Gifts,Gift Hamper,3,2318,30,UPI,Cancelled
ONAM100734,2026-07-31,CUST1051,Hari Varma,Kochi,Home Decor,Table Decor,4,1314,25,Debit Card,Delivered
ONAM100735,2026-08-06,CUST1254,Rahul Joseph,Kottayam,Home Decor,Flower Vase,7,1008,20,Cash,Delivered
ONAM100736,2026-08-20,CUST1327,Anjali Varma,Palakkad,Grocery,Rice,1,431,25,Credit Card,Delivered
ONAM100737,2026-08-17,CUST1492,Gokul Rajan,Alappuzha,Gifts,Dry Fruit Box,8,2472,0,Debit Card,Cancelled
ONAM100738,2026-07-27,CUST1502,Athira Krishnan,Alappuzha,Gifts,Tea Gift Set,4,594,30,Wallet,Delivered
ONAM100739,2026-08-17,CUST1186,Rahul Thomas,Ernakulam,Grocery,Rice,6,726,25,Debit Card,Delivered
ONAM100740,2026-08-20,CUST1262,Hari Varma,Thrissur,Grocery,Coconut Oil,8,764,15,Net Banking,Delivered
ONAM100741,2026-08-12,CUST1225,Rahul Krishnan,Alappuzha,Grocery,Rice,6,128,10,UPI,Delivered
ONAM100742,2026-07-31,CUST1535,Akhil Nair,Ernakulam,Clothing,Kids Ethnic Wear,4,1934,5,UPI,Delivered
ONAM100743,2026-08-17,CUST1441,Athira Pillai,Kozhikode,Electronics,Power Bank,4,2241,25,Credit Card,Cancelled
ONAM100744,2026-08-03,CUST1509,Divya Kumar,Thrissur,Grocery,Coconut Oil,1,634,10,Credit Card,Delivered
ONAM100745,2026-09-07,CUST1402,Divya Das,Kollam,Electronics,Earbuds,2,1261,25,Cash,Cancelled
ONAM100746,2026-08-06,CUST1083,Akhil Pillai,Wayanad,Gifts,Gift Hamper,3,1317,5,UPI,Cancelled
ONAM100747,2026-09-05,CUST1431,Gokul Nair,Alappuzha,Gifts,Dry Fruit Box,4,2804,20,Net Banking,Delivered
ONAM100748,2026-08-10,CUST1213,Lakshmi Pillai,Kollam,Electronics,Earbuds,3,6055,0,Credit Card,Delivered
ONAM100749,2026-08-12,CUST1023,Vishnu Rajan,Alappuzha,Clothing,Onam Dress,6,1653,10,Credit Card,Delivered
ONAM100750,2026-08-18,CUST1014,Amal Das,Thiruvananthapuram,Grocery,Pickle,2,342,25,Credit Card,Delivered
ONAM100751,2026-08-19,CUST1175,Amal Rajan,Alappuzha,Electronics,Bluetooth Speaker,5,5432,15,Credit Card,Delivered
ONAM100752,2026-08-22,CUST1160,Nithin Nair,Malappuram,Home Decor,Brass Lamp,5,4187,15,Net Banking,Delivered
ONAM100753,2026-07-29,CUST1365,Hari Rajan,Thrissur,Grocery,Banana Chips,7,663,0,Cash,Delivered
ONAM100754,2026-08-31,CUST1264,Hari Kumar,Alappuzha,Home Decor,Brass Lamp,2,3044,30,Debit Card,Delivered
ONAM100755,2026-07-28,CUST1321,Lakshmi Joseph,Kollam,Home Decor,Wall Decor,4,330,30,Cash,Returned
ONAM100756,2026-09-03,CUST1049,Divya Das,Ernakulam,Gifts,Kitchen Set,4,2756,20,Credit Card,Delivered
ONAM100757,2026-09-04,CUST1220,Riya Krishnan,Alappuzha,Gifts,Tea Gift Set,6,1308,10,UPI,Delivered
ONAM100758,2026-09-06,CUST1242,Akhil Krishnan,Thrissur,Home Decor,Wall Decor,8,918,30,Wallet,Delivered
ONAM100759,2026-08-28,CUST1429,Vishnu Nair,Malappuram,Gifts,Gift Hamper,8,1339,5,Debit Card,Cancelled
ONAM100760,2026-08-01,CUST1214,Riya Menon,Kannur,Electronics,Earbuds,8,3410,10,Credit Card,Delivered
ONAM100761,2026-09-07,CUST1092,Kavya Das,Ernakulam,Home Decor,Wall Decor,2,286,10,Wallet,Cancelled
ONAM100762,2026-08-31,CUST1076,Kavya Kumar,Kochi,Grocery,Pickle,7,259,20,Credit Card,Delivered
ONAM100763,2026-08-11,CUST1039,Akhil Nair,Kannur,Electronics,Power Bank,5,1242,10,Wallet,Delivered
ONAM100764,2026-08-29,CUST1051,Adarsh Varma,Kannur,Grocery,Coconut Oil,5,594,25,Debit Card,Delivered
ONAM100765,2026-08-27,CUST1583,Akhil Krishnan,Thrissur,Gifts,Chocolate Box,6,1193,20,Cash,Delivered
ONAM100766,2026-08-03,CUST1044,Divya Joseph,Thiruvananthapuram,Gifts,Chocolate Box,7,344,25,Net Banking,Delivered
ONAM100767,2026-09-02,CUST1525,Arun Thomas,Kozhikode,Gifts,Tea Gift Set,4,1633,10,Wallet,Delivered
ONAM100768,2026-08-21,CUST1009,Riya Rajan,Ernakulam,Gifts,Tea Gift Set,6,558,25,UPI,Delivered
ONAM100769,2026-08-08,CUST1260,Meera Thomas,Kottayam,Clothing,Kasavu Saree,1,3167,10,Cash,Delivered
ONAM100770,2026-09-02,CUST1252,Athira Das,Palakkad,Clothing,Kurta,2,1125,30,Wallet,Cancelled
ONAM100771,2026-08-02,CUST1116,Hari Menon,Palakkad,Clothing,Kasavu Saree,4,4767,0,Credit Card,Delivered
ONAM100772,2026-09-03,CUST1095,Adarsh Das,Thrissur,Gifts,Tea Gift Set,7,1095,15,Cash,Returned
ONAM100773,2026-08-24,CUST1375,Suresh Varma,Wayanad,Clothing,Kurta,2,968,10,Cash,Returned
ONAM100774,2026-08-20,CUST1066,Akhil Das,Ernakulam,Clothing,Onam Dress,6,1794,5,Net Banking,Delivered
ONAM100775,2026-09-02,CUST1471,Nithin Rajan,Thiruvananthapuram,Grocery,Spices,8,1126,5,Wallet,Delivered
ONAM100776,2026-07-29,CUST1569,Vishnu Varma,Thrissur,Clothing,Kids Ethnic Wear,1,1933,0,Debit Card,Delivered
ONAM100777,2026-09-03,CUST1530,Arun Das,Thrissur,Clothing,Kids Ethnic Wear,8,748,20,Wallet,Delivered
ONAM100778,2026-08-25,CUST1501,Divya Menon,Thrissur,Gifts,Tea Gift Set,3,611,10,Debit Card,Delivered
ONAM100779,2026-08-12,CUST1405,Riya Pillai,Kozhikode,Clothing,Onam Dress,2,1798,15,Net Banking,Delivered
ONAM100780,2026-08-11,CUST1215,Rahul Kumar,Thiruvananthapuram,Gifts,Kitchen Set,8,1258,15,UPI,Returned
ONAM100781,2026-08-18,CUST1287,Suresh Varma,Alappuzha,Gifts,Tea Gift Set,3,620,25,Wallet,Delivered
ONAM100782,2026-07-27,CUST1495,Adarsh Joseph,Kollam,Grocery,Rice,6,727,20,Net Banking,Cancelled
ONAM100783,2026-08-28,CUST1438,Meera Menon,Malappuram,Home Decor,Pookalam Set,4,1052,10,UPI,Delivered
ONAM100784,2026-08-09,CUST1536,Neha Rajan,Kozhikode,Gifts,Kitchen Set,7,2168,0,Debit Card,Cancelled
ONAM100785,2026-09-04,CUST1295,Divya Krishnan,Thiruvananthapuram,Electronics,Kitchen Appliance,1,6199,10,Credit Card,Returned
ONAM100786,2026-08-14,CUST1476,Adarsh Krishnan,Thrissur,Home Decor,Brass Lamp,1,4070,15,Credit Card,Delivered
ONAM100787,2026-08-28,CUST1079,Neha Krishnan,Kottayam,Gifts,Tea Gift Set,6,545,10,UPI,Returned
ONAM100788,2026-09-07,CUST1555,Amal Thomas,Malappuram,Clothing,Kasavu Saree,3,2480,20,Net Banking,Cancelled
ONAM100789,2026-08-28,CUST1171,Meera Nair,Kannur,Grocery,Banana Chips,4,556,30,Debit Card,Delivered
ONAM100790,2026-08-13,CUST1157,Hari Nair,Ernakulam,Electronics,Kitchen Appliance,8,5506,10,Cash,Delivered
ONAM100791,2026-07-27,CUST1447,Hari Das,Kannur,Grocery,Rice,4,564,5,Cash,Delivered
ONAM100792,2026-09-06,CUST1598,Meera Das,Thrissur,Gifts,Kitchen Set,8,3278,30,Net Banking,Delivered
ONAM100793,2026-09-01,CUST1491,Amal Nair,Kollam,Grocery,Rice,5,479,30,Credit Card,Delivered
ONAM100794,2026-08-13,CUST1045,Divya Joseph,Kozhikode,Electronics,Smart Watch,3,4304,10,UPI,Delivered
ONAM100795,2026-08-28,CUST1087,Gokul Das,Kochi,Electronics,Smart Watch,4,6249,10,UPI,Delivered
ONAM100796,2026-07-28,CUST1508,Hari Pillai,Alappuzha,Home Decor,Flower Vase,1,482,15,Net Banking,Delivered
ONAM100797,2026-08-24,CUST1457,Anjali Menon,Thrissur,Home Decor,Pookalam Set,1,333,30,Credit Card,Delivered
ONAM100798,2026-07-28,CUST1155,Kavya Krishnan,Kozhikode,Gifts,Kitchen Set,1,2438,30,UPI,Delivered
ONAM100799,2026-08-08,CUST1543,Hari Pillai,Wayanad,Electronics,Bluetooth Speaker,6,3304,10,UPI,Cancelled
ONAM100800,2026-08-06,CUST1472,Neha Krishnan,Kollam,Grocery,Banana Chips,6,377,15,Debit Card,Delivered
ONAM100801,2026-09-02,CUST1021,Athira Kumar,Malappuram,Gifts,Tea Gift Set,5,367,10,Credit Card,Returned
ONAM100802,2026-08-15,CUST1480,Riya Pillai,Kochi,Clothing,Kids Ethnic Wear,4,2088,15,Debit Card,Delivered
ONAM100803,2026-08-26,CUST1174,Divya Pillai,Palakkad,Clothing,Mundu,5,1791,20,Net Banking,Delivered
ONAM100804,2026-08-20,CUST1458,Vishnu Joseph,Ernakulam,Home Decor,Table Decor,5,252,15,Wallet,Delivered
ONAM100805,2026-07-25,CUST1306,Athira Menon,Kottayam,Gifts,Chocolate Box,8,1120,25,Cash,Delivered
ONAM100806,2026-09-05,CUST1546,Vishnu Rajan,Kottayam,Clothing,Onam Dress,1,1045,25,Cash,Delivered
ONAM100807,2026-08-16,CUST1203,Suresh Pillai,Alappuzha,Clothing,Kasavu Saree,5,3209,20,Wallet,Delivered
ONAM100808,2026-08-25,CUST1574,Riya Nair,Alappuzha,Grocery,Pickle,1,201,25,Wallet,Delivered
ONAM100809,2026-09-05,CUST1565,Lakshmi Thomas,Kollam,Grocery,Coconut Oil,2,154,25,Credit Card,Delivered
ONAM100810,2026-07-26,CUST1193,Riya Varma,Malappuram,Grocery,Coconut Oil,5,824,10,Net Banking,Delivered
ONAM100811,2026-09-01,CUST1209,Gokul Krishnan,Malappuram,Clothing,Kids Ethnic Wear,7,1039,5,Net Banking,Delivered
ONAM100812,2026-08-12,CUST1083,Arun Rajan,Kochi,Electronics,Smart Watch,5,4436,20,Cash,Delivered
ONAM100813,2026-09-01,CUST1545,Akhil Nair,Kochi,Gifts,Chocolate Box,4,410,0,Debit Card,Returned
ONAM100814,2026-07-27,CUST1554,Athira Nair,Alappuzha,Gifts,Tea Gift Set,4,898,30,Net Banking,Delivered
ONAM100815,2026-07-29,CUST1487,Arun Kumar,Thiruvananthapuram,Clothing,Kasavu Saree,4,2706,10,Debit Card,Delivered
ONAM100816,2026-07-25,CUST1539,Vishnu Das,Kochi,Grocery,Coconut Oil,1,215,0,Net Banking,Delivered
ONAM100817,2026-07-26,CUST1250,Suresh Joseph,Kollam,Clothing,Kids Ethnic Wear,5,1194,10,Wallet,Delivered
ONAM100818,2026-07-31,CUST1041,Divya Kumar,Malappuram,Electronics,Smart Watch,7,6046,10,Net Banking,Delivered
ONAM100819,2026-08-22,CUST1281,Rahul Pillai,Kottayam,Electronics,Power Bank,8,2327,30,Cash,Delivered
ONAM100820,2026-08-02,CUST1499,Riya Kumar,Alappuzha,Clothing,Mundu,7,696,30,UPI,Delivered
ONAM100821,2026-09-02,CUST1213,Hari Joseph,Kochi,Clothing,Kurta,1,2042,30,Wallet,Delivered
ONAM100822,2026-07-28,CUST1183,Meera Thomas,Kozhikode,Gifts,Dry Fruit Box,5,2021,15,Debit Card,Returned
ONAM100823,2026-08-13,CUST1231,Meera Rajan,Thiruvananthapuram,Clothing,Kids Ethnic Wear,2,1022,0,UPI,Delivered
ONAM100824,2026-08-28,CUST1568,Divya Thomas,Ernakulam,Gifts,Chocolate Box,1,1208,25,Debit Card,Delivered
ONAM100825,2026-09-06,CUST1113,Kavya Menon,Kollam,Electronics,Power Bank,5,1031,30,Cash,Delivered
ONAM100826,2026-07-26,CUST1082,Hari Thomas,Alappuzha,Electronics,Smart Watch,6,9416,15,Wallet,Returned
ONAM100827,2026-08-30,CUST1283,Vishnu Pillai,Kannur,Gifts,Dry Fruit Box,8,2572,10,UPI,Cancelled
ONAM100828,2026-07-28,CUST1147,Athira Pillai,Malappuram,Gifts,Gift Hamper,1,2028,25,Credit Card,Returned
ONAM100829,2026-09-05,CUST1056,Anjali Nair,Kollam,Gifts,Kitchen Set,5,3097,15,Net Banking,Delivered
ONAM100830,2026-08-18,CUST1562,Rahul Pillai,Palakkad,Clothing,Mundu,1,1381,15,UPI,Delivered
ONAM100831,2026-08-25,CUST1531,Vishnu Kumar,Kozhikode,Gifts,Dry Fruit Box,5,1624,10,Credit Card,Returned
ONAM100832,2026-08-28,CUST1035,Akhil Nair,Alappuzha,Home Decor,Table Decor,3,1418,15,UPI,Delivered
ONAM100833,2026-09-01,CUST1365,Meera Rajan,Palakkad,Electronics,Earbuds,8,3592,10,Wallet,Delivered
ONAM100834,2026-08-02,CUST1072,Riya Krishnan,Thrissur,Grocery,Pickle,3,202,10,Wallet,Returned
ONAM100835,2026-08-19,CUST1324,Rahul Nair,Palakkad,Electronics,Earbuds,4,5084,10,Credit Card,Cancelled
ONAM100836,2026-08-20,CUST1520,Lakshmi Menon,Kozhikode,Clothing,Onam Dress,1,1407,30,Credit Card,Returned
ONAM100837,2026-08-26,CUST1123,Divya Pillai,Wayanad,Home Decor,Wall Decor,7,1036,10,Credit Card,Delivered
ONAM100838,2026-07-31,CUST1461,Divya Varma,Kozhikode,Grocery,Coconut Oil,3,455,20,UPI,Returned
ONAM100839,2026-09-03,CUST1455,Adarsh Pillai,Kannur,Gifts,Tea Gift Set,4,1102,10,Cash,Cancelled
ONAM100840,2026-08-11,CUST1504,Lakshmi Joseph,Thrissur,Clothing,Kurta,2,1897,10,Net Banking,Delivered
ONAM100841,2026-08-15,CUST1131,Adarsh Joseph,Wayanad,Home Decor,Pookalam Set,1,859,10,Cash,Delivered
ONAM100842,2026-08-09,CUST1427,Rahul Varma,Wayanad,Grocery,Spices,5,752,0,Debit Card,Cancelled
ONAM100843,2026-08-13,CUST1317,Suresh Thomas,Thiruvananthapuram,Clothing,Kurta,1,955,0,Credit Card,Delivered
ONAM100844,2026-08-07,CUST1078,Neha Das,Kannur,Electronics,Bluetooth Speaker,6,5438,10,Net Banking,Cancelled
ONAM100845,2026-09-07,CUST1489,Kavya Kumar,Alappuzha,Grocery,Coconut Oil,1,335,10,UPI,Delivered
ONAM100846,2026-08-29,CUST1154,Nithin Nair,Wayanad,Grocery,Spices,8,180,20,Credit Card,Delivered
ONAM100847,2026-08-03,CUST1247,Gokul Krishnan,Kozhikode,Grocery,Coconut Oil,6,339,0,Net Banking,Delivered
ONAM100848,2026-08-13,CUST1550,Anjali Varma,Malappuram,Grocery,Pickle,1,166,10,Wallet,Delivered
ONAM100849,2026-08-19,CUST1472,Gokul Kumar,Thiruvananthapuram,Clothing,Kasavu Saree,7,1094,20,Credit Card,Delivered
ONAM100850,2026-08-04,CUST1409,Akhil Rajan,Thrissur,Grocery,Spices,4,617,10,UPI,Cancelled
ONAM100851,2026-09-04,CUST1508,Nithin Rajan,Malappuram,Gifts,Kitchen Set,3,1962,0,UPI,Delivered
ONAM100852,2026-08-07,CUST1354,Athira Rajan,Thrissur,Grocery,Pickle,7,377,30,Wallet,Cancelled
ONAM100853,2026-08-07,CUST1256,Rahul Krishnan,Thrissur,Electronics,Kitchen Appliance,3,4764,0,Cash,Cancelled
ONAM100854,2026-08-05,CUST1166,Suresh Rajan,Kannur,Gifts,Chocolate Box,3,465,15,UPI,Delivered
ONAM100855,2026-07-26,CUST1001,Akhil Rajan,Kozhikode,Home Decor,Brass Lamp,7,2205,5,UPI,Cancelled
ONAM100856,2026-08-29,CUST1213,Adarsh Rajan,Kannur,Gifts,Kitchen Set,1,3429,0,Debit Card,Delivered
ONAM100857,2026-09-07,CUST1154,Arun Pillai,Kozhikode,Clothing,Mundu,6,544,15,UPI,Returned
ONAM100858,2026-08-12,CUST1383,Gokul Kumar,Wayanad,Electronics,Power Bank,6,2662,10,Wallet,Delivered
ONAM100859,2026-08-25,CUST1279,Nithin Joseph,Kannur,Gifts,Gift Hamper,7,1892,5,Debit Card,Cancelled
ONAM100860,2026-08-13,CUST1007,Meera Das,Palakkad,Clothing,Kasavu Saree,3,5755,5,Debit Card,Cancelled
ONAM100861,2026-08-19,CUST1072,Divya Kumar,Palakkad,Grocery,Spices,6,847,10,UPI,Delivered
ONAM100862,2026-08-05,CUST1114,Athira Kumar,Kochi,Home Decor,Brass Lamp,5,3700,25,Wallet,Cancelled
ONAM100863,2026-08-13,CUST1406,Anjali Nair,Thrissur,Clothing,Mundu,1,599,0,UPI,Delivered
ONAM100864,2026-09-05,CUST1080,Kavya Thomas,Kollam,Clothing,Kurta,6,2131,10,Credit Card,Delivered
ONAM100865,2026-08-09,CUST1105,Amal Thomas,Malappuram,Clothing,Onam Dress,5,1217,15,Cash,Delivered
ONAM100866,2026-08-29,CUST1016,Neha Krishnan,Kollam,Clothing,Mundu,3,1553,5,Debit Card,Delivered
ONAM100867,2026-07-31,CUST1026,Arun Pillai,Thiruvananthapuram,Grocery,Pickle,3,481,5,Net Banking,Delivered
ONAM100868,2026-09-07,CUST1198,Vishnu Thomas,Kollam,Gifts,Chocolate Box,3,308,10,Credit Card,Delivered
ONAM100869,2026-08-14,CUST1553,Athira Varma,Kochi,Electronics,Earbuds,7,5618,30,Debit Card,Delivered
ONAM100870,2026-08-28,CUST1412,Adarsh Krishnan,Ernakulam,Clothing,Kasavu Saree,2,5465,10,Net Banking,Delivered
ONAM100871,2026-07-30,CUST1456,Kavya Varma,Kochi,Home Decor,Flower Vase,7,373,10,Credit Card,Delivered
ONAM100872,2026-08-11,CUST1469,Amal Thomas,Thiruvananthapuram,Gifts,Gift Hamper,4,445,20,Debit Card,Delivered
ONAM100873,2026-09-02,CUST1201,Vishnu Rajan,Kannur,Grocery,Rice,2,200,30,Debit Card,Delivered
ONAM100874,2026-08-17,CUST1093,Nithin Varma,Kollam,Clothing,Mundu,4,701,15,Wallet,Cancelled
ONAM100875,2026-08-11,CUST1522,Kavya Das,Kottayam,Gifts,Chocolate Box,3,1052,0,Wallet,Delivered
ONAM100876,2026-09-05,CUST1345,Rahul Das,Palakkad,Clothing,Kids Ethnic Wear,4,1640,10,Cash,Delivered
ONAM100877,2026-09-03,CUST1473,Hari Pillai,Ernakulam,Clothing,Kurta,3,704,20,Credit Card,Delivered
ONAM100878,2026-07-27,CUST1098,Adarsh Kumar,Kozhikode,Electronics,Power Bank,5,3335,25,Net Banking,Cancelled
ONAM100879,2026-09-07,CUST1526,Arun Kumar,Palakkad,Clothing,Kids Ethnic Wear,4,2119,5,Wallet,Delivered
ONAM100880,2026-08-01,CUST1416,Vishnu Pillai,Kozhikode,Electronics,Kitchen Appliance,2,6894,5,UPI,Delivered
ONAM100881,2026-08-27,CUST1258,Divya Rajan,Wayanad,Gifts,Gift Hamper,7,1509,30,UPI,Delivered
ONAM100882,2026-07-25,CUST1400,Akhil Krishnan,Kannur,Home Decor,Table Decor,3,310,30,UPI,Delivered
ONAM100883,2026-08-07,CUST1024,Nithin Pillai,Thrissur,Home Decor,Table Decor,6,948,30,Net Banking,Cancelled
ONAM100884,2026-09-05,CUST1560,Neha Thomas,Thiruvananthapuram,Gifts,Tea Gift Set,2,1033,10,Credit Card,Delivered
ONAM100885,2026-08-27,CUST1531,Gokul Pillai,Kozhikode,Electronics,Earbuds,8,4581,20,Cash,Cancelled
ONAM100886,2026-09-04,CUST1166,Adarsh Rajan,Kozhikode,Gifts,Chocolate Box,7,759,5,Net Banking,Returned
ONAM100887,2026-08-28,CUST1142,Anjali Joseph,Wayanad,Clothing,Mundu,1,1674,10,Cash,Delivered
ONAM100888,2026-08-17,CUST1457,Rahul Varma,Alappuzha,Home Decor,Table Decor,2,1299,20,Net Banking,Returned
ONAM100889,2026-09-04,CUST1483,Vishnu Joseph,Kottayam,Home Decor,Table Decor,1,570,10,Debit Card,Returned
ONAM100890,2026-08-13,CUST1158,Divya Joseph,Kottayam,Home Decor,Brass Lamp,1,2839,0,Credit Card,Delivered
ONAM100891,2026-08-03,CUST1144,Hari Nair,Kannur,Electronics,Power Bank,6,2420,30,Net Banking,Cancelled
ONAM100892,2026-08-14,CUST1259,Hari Nair,Kottayam,Home Decor,Pookalam Set,2,406,20,Net Banking,Delivered
ONAM100893,2026-08-14,CUST1565,Divya Joseph,Palakkad,Grocery,Rice,2,440,0,UPI,Delivered
ONAM100894,2026-08-04,CUST1082,Divya Kumar,Thiruvananthapuram,Gifts,Kitchen Set,1,1294,5,Debit Card,Delivered
ONAM100895,2026-08-07,CUST1048,Meera Rajan,Kochi,Home Decor,Table Decor,5,671,10,Cash,Delivered
ONAM100896,2026-09-05,CUST1515,Kavya Varma,Palakkad,Gifts,Dry Fruit Box,1,2364,25,Wallet,Cancelled
ONAM100897,2026-08-21,CUST1564,Neha Pillai,Thrissur,Electronics,Kitchen Appliance,8,7827,25,Net Banking,Delivered
ONAM100898,2026-08-10,CUST1085,Neha Thomas,Kozhikode,Home Decor,Table Decor,4,469,15,UPI,Delivered
ONAM100899,2026-08-03,CUST1438,Kavya Joseph,Kochi,Gifts,Chocolate Box,6,1415,10,Net Banking,Delivered
ONAM100900,2026-08-06,CUST1082,Arun Kumar,Kottayam,Home Decor,Table Decor,5,202,20,Debit Card,Delivered
ONAM100901,2026-08-19,CUST1230,Athira Nair,Kannur,Electronics,Bluetooth Speaker,4,3483,0,Net Banking,Delivered
ONAM100902,2026-08-02,CUST1008,Akhil Thomas,Kottayam,Electronics,Power Bank,2,2185,25,Net Banking,Delivered
ONAM100903,2026-08-29,CUST1122,Neha Varma,Kollam,Clothing,Onam Dress,5,2458,10,Cash,Delivered
ONAM100904,2026-08-12,CUST1249,Athira Pillai,Wayanad,Home Decor,Table Decor,3,903,25,UPI,Cancelled
ONAM100905,2026-08-01,CUST1521,Nithin Varma,Kochi,Clothing,Mundu,8,635,15,UPI,Returned
ONAM100906,2026-07-30,CUST1548,Amal Rajan,Kozhikode,Gifts,Kitchen Set,7,2318,15,Debit Card,Delivered
ONAM100907,2026-09-04,CUST1212,Riya Kumar,Wayanad,Clothing,Mundu,2,623,0,Credit Card,Cancelled
ONAM100908,2026-08-10,CUST1237,Arun Varma,Thiruvananthapuram,Home Decor,Wall Decor,7,819,5,Debit Card,Delivered
ONAM100909,2026-08-07,CUST1210,Anjali Menon,Kozhikode,Grocery,Spices,1,353,30,UPI,Delivered
ONAM100910,2026-08-20,CUST1212,Neha Nair,Kollam,Electronics,Smart Watch,3,9374,10,Cash,Delivered
ONAM100911,2026-09-04,CUST1194,Anjali Joseph,Kollam,Clothing,Kids Ethnic Wear,6,1675,10,Cash,Returned
ONAM100912,2026-08-03,CUST1204,Arun Krishnan,Kottayam,Electronics,Smart Watch,7,8639,25,Credit Card,Cancelled
ONAM100913,2026-08-04,CUST1239,Nithin Rajan,Kottayam,Home Decor,Pookalam Set,2,998,10,Cash,Returned
ONAM100914,2026-08-31,CUST1499,Gokul Das,Kollam,Gifts,Dry Fruit Box,8,2677,20,Debit Card,Returned
ONAM100915,2026-08-21,CUST1547,Kavya Das,Thrissur,Electronics,Bluetooth Speaker,1,5372,15,Credit Card,Cancelled
ONAM100916,2026-08-27,CUST1081,Amal Pillai,Thiruvananthapuram,Electronics,Earbuds,2,4036,15,Wallet,Delivered
ONAM100917,2026-07-28,CUST1362,Athira Thomas,Kollam,Home Decor,Wall Decor,4,1010,25,Wallet,Delivered
ONAM100918,2026-07-28,CUST1310,Riya Nair,Kozhikode,Gifts,Tea Gift Set,4,1571,30,Credit Card,Delivered
ONAM100919,2026-07-31,CUST1255,Divya Rajan,Kozhikode,Clothing,Kids Ethnic Wear,6,844,15,Wallet,Delivered
ONAM100920,2026-08-31,CUST1281,Rahul Kumar,Kozhikode,Grocery,Coconut Oil,3,203,15,UPI,Delivered
ONAM100921,2026-09-08,CUST1241,Anjali Krishnan,Kochi,Grocery,Pickle,7,311,10,Debit Card,Returned
ONAM100922,2026-08-05,CUST1003,Arun Rajan,Malappuram,Electronics,Power Bank,2,1225,30,Net Banking,Delivered
ONAM100923,2026-08-17,CUST1360,Adarsh Krishnan,Kozhikode,Electronics,Smart Watch,5,5059,0,Net Banking,Delivered
ONAM100924,2026-07-26,CUST1449,Anjali Das,Thrissur,Grocery,Banana Chips,8,423,25,Credit Card,Delivered
ONAM100925,2026-07-29,CUST1319,Riya Thomas,Alappuzha,Grocery,Coconut Oil,4,171,0,Net Banking,Delivered
ONAM100926,2026-09-07,CUST1075,Hari Joseph,Kottayam,Gifts,Chocolate Box,6,1133,30,Credit Card,Delivered
ONAM100927,2026-08-12,CUST1407,Anjali Thomas,Kannur,Home Decor,Pookalam Set,2,1111,25,Credit Card,Delivered
ONAM100928,2026-08-26,CUST1224,Kavya Rajan,Kottayam,Gifts,Chocolate Box,4,801,15,Cash,Delivered
ONAM100929,2026-08-20,CUST1061,Hari Menon,Palakkad,Grocery,Rice,4,826,5,Credit Card,Delivered
ONAM100930,2026-08-24,CUST1166,Rahul Thomas,Kottayam,Gifts,Dry Fruit Box,7,2002,30,Wallet,Delivered
ONAM100931,2026-08-12,CUST1596,Meera Menon,Kannur,Gifts,Tea Gift Set,2,914,10,Debit Card,Delivered
ONAM100932,2026-08-22,CUST1413,Akhil Nair,Kochi,Grocery,Rice,1,135,30,Cash,Cancelled
ONAM100933,2026-09-08,CUST1545,Amal Rajan,Thrissur,Grocery,Banana Chips,8,452,0,Net Banking,Delivered
ONAM100934,2026-09-08,CUST1007,Suresh Kumar,Wayanad,Gifts,Dry Fruit Box,2,2494,0,Net Banking,Delivered
ONAM100935,2026-08-06,CUST1195,Divya Pillai,Thrissur,Clothing,Kids Ethnic Wear,6,542,15,Debit Card,Delivered
ONAM100936,2026-08-29,CUST1507,Riya Nair,Kochi,Gifts,Kitchen Set,4,609,30,Credit Card,Returned
ONAM100937,2026-08-30,CUST1399,Nithin Krishnan,Kochi,Home Decor,Wall Decor,6,777,0,Net Banking,Delivered
ONAM100938,2026-08-31,CUST1151,Akhil Nair,Thrissur,Clothing,Onam Dress,8,1802,20,Net Banking,Cancelled
ONAM100939,2026-08-04,CUST1212,Lakshmi Menon,Malappuram,Clothing,Kasavu Saree,8,3080,10,Net Banking,Delivered
ONAM100940,2026-08-22,CUST1336,Lakshmi Kumar,Kochi,Home Decor,Flower Vase,2,1271,10,UPI,Delivered
ONAM100941,2026-08-03,CUST1426,Arun Menon,Thrissur,Clothing,Kids Ethnic Wear,1,1436,25,Net Banking,Delivered
ONAM100942,2026-07-26,CUST1452,Arun Menon,Wayanad,Clothing,Mundu,1,463,10,Cash,Returned
ONAM100943,2026-08-18,CUST1425,Gokul Nair,Palakkad,Home Decor,Pookalam Set,3,732,10,Debit Card,Cancelled
ONAM100944,2026-07-30,CUST1469,Akhil Nair,Alappuzha,Gifts,Gift Hamper,6,2396,5,Net Banking,Delivered
ONAM100945,2026-07-31,CUST1448,Riya Krishnan,Thrissur,Electronics,Power Bank,3,2173,10,Credit Card,Delivered
ONAM100946,2026-08-25,CUST1249,Adarsh Nair,Kozhikode,Clothing,Kasavu Saree,4,2493,20,Cash,Delivered
ONAM100947,2026-08-17,CUST1358,Athira Joseph,Alappuzha,Clothing,Mundu,2,570,20,UPI,Returned
ONAM100948,2026-08-09,CUST1063,Meera Thomas,Kollam,Home Decor,Pookalam Set,8,515,10,Credit Card,Delivered
ONAM100949,2026-08-04,CUST1218,Vishnu Joseph,Wayanad,Clothing,Mundu,2,1722,30,Cash,Delivered
ONAM100950,2026-08-28,CUST1054,Amal Varma,Kozhikode,Grocery,Coconut Oil,6,480,20,Wallet,Delivered
ONAM100951,2026-08-25,CUST1376,Suresh Joseph,Kottayam,Gifts,Dry Fruit Box,6,1723,25,Wallet,Delivered
ONAM100952,2026-08-16,CUST1583,Adarsh Varma,Thiruvananthapuram,Gifts,Dry Fruit Box,5,2347,10,Net Banking,Delivered
ONAM100953,2026-08-25,CUST1007,Arun Krishnan,Wayanad,Grocery,Coconut Oil,4,733,10,Cash,Delivered
ONAM100954,2026-08-19,CUST1461,Neha Das,Kottayam,Gifts,Kitchen Set,1,2735,25,Net Banking,Delivered
ONAM100955,2026-08-26,CUST1597,Adarsh Joseph,Kochi,Electronics,Bluetooth Speaker,6,2646,5,Cash,Delivered
ONAM100956,2026-07-28,CUST1094,Rahul Pillai,Kottayam,Home Decor,Pookalam Set,8,385,20,UPI,Returned
ONAM100957,2026-08-20,CUST1495,Athira Joseph,Ernakulam,Home Decor,Wall Decor,4,750,5,Cash,Delivered
ONAM100958,2026-09-01,CUST1556,Hari Menon,Ernakulam,Electronics,Smart Watch,7,5053,10,Wallet,Delivered
ONAM100959,2026-08-26,CUST1173,Akhil Varma,Thrissur,Home Decor,Brass Lamp,4,4079,15,Wallet,Delivered
ONAM100960,2026-08-11,CUST1251,Hari Thomas,Kozhikode,Home Decor,Table Decor,5,1431,20,Cash,Delivered
ONAM100961,2026-08-22,CUST1559,Meera Varma,Kozhikode,Home Decor,Wall Decor,6,1785,10,Debit Card,Returned
ONAM100962,2026-08-01,CUST1524,Suresh Nair,Kollam,Home Decor,Table Decor,2,825,10,Cash,Returned
ONAM100963,2026-07-25,CUST1229,Adarsh Das,Alappuzha,Electronics,Power Bank,4,1721,10,Wallet,Delivered
ONAM100964,2026-09-08,CUST1003,Anjali Pillai,Ernakulam,Gifts,Tea Gift Set,7,696,5,UPI,Cancelled
ONAM100965,2026-08-06,CUST1483,Vishnu Pillai,Thrissur,Grocery,Spices,7,657,5,Net Banking,Returned
ONAM100966,2026-08-13,CUST1077,Anjali Kumar,Thiruvananthapuram,Clothing,Mundu,7,1633,10,UPI,Delivered
ONAM100967,2026-09-01,CUST1156,Vishnu Rajan,Wayanad,Electronics,Smart Watch,7,3196,30,Credit Card,Delivered
ONAM100968,2026-08-07,CUST1011,Lakshmi Das,Wayanad,Home Decor,Flower Vase,7,1131,15,Credit Card,Returned
ONAM100969,2026-08-02,CUST1266,Vishnu Das,Thrissur,Clothing,Mundu,3,1647,10,Net Banking,Delivered
ONAM100970,2026-07-31,CUST1210,Gokul Joseph,Thrissur,Clothing,Kids Ethnic Wear,2,919,30,Net Banking,Delivered
ONAM100971,2026-08-14,CUST1077,Neha Varma,Malappuram,Electronics,Power Bank,6,3475,5,UPI,Delivered
ONAM100972,2026-08-08,CUST1143,Adarsh Nair,Ernakulam,Clothing,Kids Ethnic Wear,3,1656,5,Credit Card,Cancelled
ONAM100973,2026-08-26,CUST1233,Gokul Menon,Thiruvananthapuram,Home Decor,Wall Decor,6,354,0,Net Banking,Delivered
ONAM100974,2026-08-07,CUST1138,Amal Krishnan,Alappuzha,Home Decor,Flower Vase,8,1292,20,Credit Card,Delivered
ONAM100975,2026-08-31,CUST1557,Neha Joseph,Alappuzha,Electronics,Power Bank,6,2978,25,Debit Card,Returned
ONAM100976,2026-08-18,CUST1572,Akhil Das,Wayanad,Electronics,Kitchen Appliance,7,6649,20,Wallet,Delivered
ONAM100977,2026-07-26,CUST1281,Divya Das,Wayanad,Clothing,Kasavu Saree,8,4580,0,Credit Card,Cancelled
ONAM100978,2026-09-03,CUST1427,Neha Das,Wayanad,Home Decor,Brass Lamp,2,2324,30,Wallet,Delivered
ONAM100979,2026-08-25,CUST1548,Arun Joseph,Wayanad,Gifts,Gift Hamper,1,401,30,Cash,Delivered
ONAM100980,2026-08-29,CUST1428,Neha Kumar,Kochi,Grocery,Coconut Oil,2,782,10,Credit Card,Delivered
ONAM100981,2026-09-02,CUST1215,Neha Nair,Palakkad,Home Decor,Table Decor,3,530,0,Debit Card,Delivered
ONAM100982,2026-08-29,CUST1013,Divya Rajan,Alappuzha,Gifts,Dry Fruit Box,8,667,10,Wallet,Returned
ONAM100983,2026-08-05,CUST1552,Divya Thomas,Palakkad,Home Decor,Table Decor,7,985,30,Net Banking,Returned
ONAM100984,2026-08-31,CUST1151,Gokul Pillai,Kannur,Home Decor,Brass Lamp,7,2490,25,Wallet,Delivered
ONAM100985,2026-08-23,CUST1591,Amal Thomas,Wayanad,Home Decor,Wall Decor,1,1390,10,Debit Card,Returned
ONAM100986,2026-08-11,CUST1482,Nithin Das,Kannur,Electronics,Earbuds,1,6494,25,UPI,Returned
ONAM100987,2026-09-03,CUST1460,Hari Menon,Alappuzha,Grocery,Banana Chips,1,194,10,Credit Card,Delivered
ONAM100988,2026-08-15,CUST1440,Arun Kumar,Alappuzha,Grocery,Spices,8,632,5,Debit Card,Delivered
ONAM100989,2026-08-05,CUST1510,Akhil Krishnan,Kannur,Electronics,Earbuds,7,5763,10,Wallet,Delivered
ONAM100990,2026-08-06,CUST1012,Anjali Das,Kottayam,Gifts,Gift Hamper,7,2284,10,Debit Card,Delivered
ONAM100991,2026-08-20,CUST1230,Nithin Nair,Thiruvananthapuram,Electronics,Power Bank,4,3442,15,Debit Card,Returned
ONAM100992,2026-08-10,CUST1251,Rahul Joseph,Thiruvananthapuram,Grocery,Spices,5,111,15,Credit Card,Delivered
ONAM100993,2026-08-26,CUST1147,Divya Thomas,Thiruvananthapuram,Electronics,Smart Watch,6,7152,25,Credit Card,Delivered
ONAM100994,2026-09-04,CUST1428,Nithin Menon,Alappuzha,Home Decor,Flower Vase,2,1187,10,Credit Card,Returned
ONAM100995,2026-08-02,CUST1531,Neha Das,Palakkad,Gifts,Tea Gift Set,5,1142,25,Debit Card,Delivered
ONAM100996,2026-09-08,CUST1434,Athira Thomas,Alappuzha,Grocery,Spices,1,243,15,Credit Card,Delivered
ONAM100997,2026-08-09,CUST1034,Anjali Thomas,Palakkad,Electronics,Power Bank,6,3311,5,Wallet,Delivered
ONAM100998,2026-09-08,CUST1146,Amal Das,Wayanad,Electronics,Earbuds,6,2850,30,Credit Card,Returned
ONAM100999,2026-08-24,CUST1126,Gokul Pillai,Wayanad,Clothing,Mundu,7,1344,10,Net Banking,Cancelled
ONAM101000,2026-07-25,CUST1267,Amal Nair,Malappuram,Gifts,Kitchen Set,5,2702,10,Wallet,Delivered
ONAM101001,2026-08-20,CUST1237,Vishnu Nair,Kochi,Electronics,Bluetooth Speaker,4,4244,0,Wallet,Cancelled
ONAM101002,2026-08-26,CUST1410,Riya Nair,Ernakulam,Electronics,Bluetooth Speaker,5,3374,20,Debit Card,Returned
ONAM101003,2026-08-07,CUST1003,Riya Kumar,Kottayam,Home Decor,Pookalam Set,4,770,10,Debit Card,Delivered
ONAM101004,2026-08-08,CUST1489,Rahul Thomas,Kottayam,Electronics,Bluetooth Speaker,2,3316,0,UPI,Delivered
ONAM101005,2026-07-28,CUST1096,Gokul Krishnan,Ernakulam,Grocery,Pickle,4,463,15,Cash,Returned
ONAM101006,2026-08-24,CUST1316,Meera Pillai,Ernakulam,Home Decor,Brass Lamp,8,3130,30,Debit Card,Delivered
ONAM101007,2026-08-28,CUST1402,Akhil Krishnan,Thrissur,Home Decor,Brass Lamp,5,2452,25,Credit Card,Returned
ONAM101008,2026-08-16,CUST1154,Lakshmi Krishnan,Kottayam,Clothing,Mundu,5,1509,20,Cash,Delivered
ONAM101009,2026-08-02,CUST1293,Amal Menon,Kannur,Home Decor,Brass Lamp,2,2564,20,Wallet,Delivered
ONAM101010,2026-08-01,CUST1276,Hari Pillai,Wayanad,Clothing,Onam Dress,5,1602,0,UPI,Delivered
ONAM101011,2026-07-28,CUST1460,Amal Rajan,Ernakulam,Electronics,Earbuds,1,4941,10,Credit Card,Delivered
ONAM101012,2026-08-26,CUST1512,Suresh Rajan,Kollam,Home Decor,Brass Lamp,2,2217,0,Wallet,Delivered
ONAM101013,2026-08-20,CUST1104,Anjali Pillai,Thiruvananthapuram,Gifts,Kitchen Set,4,2554,20,Cash,Delivered
ONAM101014,2026-08-02,CUST1456,Arun Thomas,Kannur,Clothing,Mundu,7,707,30,Debit Card,Cancelled
ONAM101015,2026-08-04,CUST1308,Neha Kumar,Kollam,Gifts,Gift Hamper,3,745,5,Wallet,Delivered
ONAM101016,2026-09-08,CUST1567,Divya Menon,Malappuram,Grocery,Coconut Oil,3,242,20,Credit Card,Delivered
ONAM101017,2026-08-01,CUST1072,Kavya Rajan,Kochi,Grocery,Spices,3,157,15,UPI,Delivered
ONAM101018,2026-08-03,CUST1075,Gokul Krishnan,Ernakulam,Home Decor,Wall Decor,1,1363,25,UPI,Delivered
ONAM101019,2026-09-03,CUST1285,Suresh Joseph,Alappuzha,Gifts,Dry Fruit Box,6,1694,0,Net Banking,Delivered
ONAM101020,2026-09-07,CUST1030,Vishnu Pillai,Kottayam,Electronics,Smart Watch,2,6711,5,Credit Card,Returned
ONAM101021,2026-07-31,CUST1520,Neha Varma,Ernakulam,Grocery,Spices,1,358,20,UPI,Delivered
ONAM101022,2026-09-04,CUST1484,Anjali Joseph,Palakkad,Electronics,Earbuds,3,1085,5,Wallet,Delivered
ONAM101023,2026-07-27,CUST1554,Akhil Das,Kozhikode,Grocery,Banana Chips,3,570,20,Cash,Delivered
ONAM101024,2026-07-29,CUST1465,Divya Menon,Kozhikode,Grocery,Banana Chips,3,686,15,Cash,Delivered
ONAM101025,2026-08-26,CUST1225,Kavya Kumar,Kochi,Gifts,Dry Fruit Box,7,2020,10,UPI,Delivered
ONAM101026,2026-08-01,CUST1370,Akhil Varma,Alappuzha,Grocery,Pickle,6,424,10,Credit Card,Cancelled
ONAM101027,2026-08-30,CUST1300,Vishnu Varma,Kochi,Electronics,Kitchen Appliance,4,5701,30,Net Banking,Delivered
ONAM101028,2026-08-28,CUST1091,Athira Varma,Ernakulam,Home Decor,Flower Vase,2,1361,15,Debit Card,Delivered
ONAM101029,2026-08-07,CUST1431,Gokul Pillai,Alappuzha,Home Decor,Table Decor,8,1386,25,UPI,Returned
ONAM101030,2026-08-13,CUST1190,Akhil Krishnan,Kannur,Electronics,Earbuds,6,4443,25,Wallet,Cancelled
ONAM101031,2026-08-19,CUST1353,Akhil Das,Malappuram,Clothing,Kurta,4,1296,10,Net Banking,Delivered
ONAM101032,2026-08-27,CUST1348,Divya Varma,Alappuzha,Clothing,Mundu,7,906,20,Debit Card,Delivered
ONAM101033,2026-08-06,CUST1261,Kavya Kumar,Wayanad,Gifts,Tea Gift Set,3,702,25,Cash,Delivered
ONAM101034,2026-08-25,CUST1445,Amal Pillai,Kannur,Electronics,Smart Watch,5,2710,20,Wallet,Returned
ONAM101035,2026-09-03,CUST1396,Kavya Menon,Malappuram,Grocery,Spices,6,848,25,Debit Card,Delivered
ONAM101036,2026-08-26,CUST1512,Athira Nair,Kozhikode,Electronics,Earbuds,3,5806,0,Wallet,Delivered
ONAM101037,2026-08-08,CUST1098,Hari Thomas,Kollam,Gifts,Gift Hamper,6,613,15,Debit Card,Cancelled
ONAM101038,2026-08-12,CUST1445,Meera Krishnan,Kochi,Clothing,Mundu,5,1759,10,UPI,Delivered
ONAM101039,2026-08-01,CUST1239,Vishnu Krishnan,Thiruvananthapuram,Gifts,Gift Hamper,2,2158,15,Wallet,Delivered
ONAM101040,2026-09-01,CUST1334,Nithin Varma,Palakkad,Clothing,Kids Ethnic Wear,6,1711,15,Wallet,Delivered
ONAM101041,2026-07-26,CUST1349,Neha Das,Kozhikode,Gifts,Chocolate Box,5,538,15,Cash,Delivered
ONAM101042,2026-09-08,CUST1325,Nithin Thomas,Kochi,Home Decor,Flower Vase,2,1310,25,Wallet,Delivered
ONAM101043,2026-08-18,CUST1313,Anjali Joseph,Thrissur,Grocery,Rice,5,274,0,Net Banking,Delivered
ONAM101044,2026-08-13,CUST1204,Riya Pillai,Kochi,Electronics,Bluetooth Speaker,2,2216,10,Debit Card,Delivered
ONAM101045,2026-08-02,CUST1157,Neha Nair,Thiruvananthapuram,Grocery,Pickle,2,272,20,Cash,Delivered
ONAM101046,2026-07-28,CUST1364,Divya Rajan,Kochi,Grocery,Pickle,4,380,25,Debit Card,Delivered
ONAM101047,2026-08-13,CUST1511,Adarsh Rajan,Thrissur,Grocery,Coconut Oil,8,508,20,Credit Card,Delivered
ONAM101048,2026-08-25,CUST1545,Hari Varma,Thiruvananthapuram,Gifts,Dry Fruit Box,3,691,20,UPI,Delivered
ONAM101049,2026-08-06,CUST1532,Lakshmi Nair,Malappuram,Electronics,Power Bank,3,1827,25,Net Banking,Delivered
ONAM101050,2026-08-01,CUST1007,Arun Thomas,Kollam,Gifts,Chocolate Box,5,1214,0,Credit Card,Delivered
ONAM101051,2026-08-25,CUST1322,Divya Das,Kannur,Home Decor,Wall Decor,5,1140,30,Wallet,Delivered
ONAM101052,2026-08-31,CUST1253,Divya Kumar,Palakkad,Home Decor,Wall Decor,7,251,25,Debit Card,Delivered
ONAM101053,2026-09-07,CUST1278,Adarsh Rajan,Kochi,Gifts,Tea Gift Set,2,722,20,Net Banking,Delivered
ONAM101054,2026-07-26,CUST1461,Vishnu Menon,Kollam,Electronics,Smart Watch,8,4079,15,Credit Card,Delivered
ONAM101055,2026-08-04,CUST1414,Adarsh Kumar,Palakkad,Home Decor,Brass Lamp,3,531,10,UPI,Delivered
ONAM101056,2026-08-14,CUST1481,Hari Rajan,Alappuzha,Gifts,Gift Hamper,6,1714,10,Debit Card,Returned
ONAM101057,2026-08-15,CUST1345,Gokul Krishnan,Kozhikode,Clothing,Kurta,5,1581,30,Net Banking,Delivered
ONAM101058,2026-09-04,CUST1187,Nithin Pillai,Thrissur,Electronics,Earbuds,1,5468,15,Net Banking,Delivered
ONAM101059,2026-09-03,CUST1361,Akhil Das,Kannur,Gifts,Gift Hamper,5,2451,5,Net Banking,Returned
ONAM101060,2026-07-29,CUST1195,Akhil Rajan,Kannur,Electronics,Earbuds,5,6386,15,UPI,Cancelled
ONAM101061,2026-08-31,CUST1587,Amal Pillai,Thrissur,Grocery,Coconut Oil,3,410,25,Wallet,Cancelled
ONAM101062,2026-09-04,CUST1083,Adarsh Pillai,Thrissur,Grocery,Banana Chips,5,319,10,Credit Card,Delivered
ONAM101063,2026-08-13,CUST1495,Rahul Menon,Thiruvananthapuram,Home Decor,Flower Vase,6,1294,10,Net Banking,Delivered
ONAM101064,2026-09-07,CUST1479,Athira Thomas,Alappuzha,Home Decor,Table Decor,4,343,10,Net Banking,Delivered
ONAM101065,2026-07-27,CUST1348,Meera Nair,Wayanad,Home Decor,Table Decor,7,205,30,Wallet,Cancelled
ONAM101066,2026-08-11,CUST1319,Gokul Joseph,Wayanad,Grocery,Rice,2,827,0,Net Banking,Delivered
ONAM101067,2026-08-02,CUST1015,Suresh Krishnan,Kannur,Grocery,Rice,8,279,15,Credit Card,Cancelled
ONAM101068,2026-07-25,CUST1596,Divya Krishnan,Thiruvananthapuram,Grocery,Pickle,7,121,10,Net Banking,Returned
ONAM101069,2026-08-14,CUST1566,Kavya Das,Wayanad,Home Decor,Wall Decor,8,666,25,Wallet,Delivered
ONAM101070,2026-08-11,CUST1422,Suresh Joseph,Ernakulam,Electronics,Smart Watch,7,6570,5,Wallet,Delivered
ONAM101071,2026-08-30,CUST1360,Gokul Varma,Thrissur,Gifts,Tea Gift Set,7,1210,25,Credit Card,Delivered
ONAM101072,2026-08-27,CUST1336,Vishnu Rajan,Wayanad,Clothing,Kurta,3,1889,0,Net Banking,Delivered
ONAM101073,2026-08-14,CUST1568,Meera Joseph,Thiruvananthapuram,Grocery,Spices,2,454,10,UPI,Delivered
ONAM101074,2026-08-14,CUST1158,Gokul Kumar,Kannur,Gifts,Gift Hamper,8,1511,0,Net Banking,Cancelled
ONAM101075,2026-08-22,CUST1304,Lakshmi Krishnan,Malappuram,Home Decor,Pookalam Set,7,498,30,Debit Card,Delivered
ONAM101076,2026-08-11,CUST1112,Kavya Thomas,Alappuzha,Grocery,Coconut Oil,4,258,20,Credit Card,Delivered
ONAM101077,2026-08-26,CUST1039,Meera Varma,Thrissur,Clothing,Kasavu Saree,7,928,25,Net Banking,Delivered
ONAM101078,2026-07-25,CUST1007,Gokul Rajan,Kozhikode,Home Decor,Flower Vase,8,1081,0,Cash,Delivered
ONAM101079,2026-07-25,CUST1599,Athira Das,Wayanad,Grocery,Banana Chips,3,589,10,UPI,Delivered
ONAM101080,2026-08-10,CUST1134,Gokul Thomas,Alappuzha,Gifts,Chocolate Box,5,530,5,Cash,Delivered
ONAM101081,2026-09-02,CUST1356,Akhil Kumar,Thiruvananthapuram,Grocery,Spices,8,396,20,Wallet,Delivered
ONAM101082,2026-08-30,CUST1224,Athira Pillai,Palakkad,Electronics,Smart Watch,5,6742,15,UPI,Delivered
ONAM101083,2026-07-27,CUST1476,Athira Joseph,Wayanad,Electronics,Bluetooth Speaker,4,5786,15,Debit Card,Delivered
ONAM101084,2026-08-05,CUST1023,Vishnu Krishnan,Palakkad,Home Decor,Flower Vase,5,665,30,Cash,Delivered
ONAM101085,2026-08-05,CUST1123,Kavya Das,Thiruvananthapuram,Electronics,Power Bank,1,1882,20,Credit Card,Delivered
ONAM101086,2026-08-13,CUST1484,Meera Joseph,Alappuzha,Electronics,Bluetooth Speaker,1,3498,10,Cash,Delivered
ONAM101087,2026-08-17,CUST1267,Riya Joseph,Wayanad,Electronics,Earbuds,4,3707,10,Net Banking,Delivered
ONAM101088,2026-08-07,CUST1198,Meera Joseph,Thiruvananthapuram,Clothing,Kasavu Saree,6,5537,25,Cash,Delivered
ONAM101089,2026-08-17,CUST1426,Gokul Joseph,Kochi,Electronics,Earbuds,2,4938,30,Wallet,Delivered
ONAM101090,2026-09-03,CUST1014,Akhil Menon,Kozhikode,Electronics,Power Bank,2,2323,25,UPI,Delivered
ONAM101091,2026-08-02,CUST1254,Hari Das,Kozhikode,Grocery,Pickle,5,258,0,Net Banking,Delivered
ONAM101092,2026-08-13,CUST1422,Meera Thomas,Kochi,Clothing,Onam Dress,4,2584,20,Cash,Delivered
ONAM101093,2026-08-06,CUST1245,Meera Krishnan,Kochi,Grocery,Spices,8,687,10,Cash,Cancelled
ONAM101094,2026-08-18,CUST1271,Kavya Varma,Thiruvananthapuram,Gifts,Gift Hamper,8,1598,5,UPI,Cancelled
ONAM101095,2026-09-02,CUST1367,Riya Kumar,Wayanad,Clothing,Kurta,7,1304,25,Net Banking,Returned
ONAM101096,2026-08-04,CUST1545,Anjali Pillai,Thiruvananthapuram,Electronics,Kitchen Appliance,6,10778,10,Wallet,Delivered
ONAM101097,2026-07-27,CUST1561,Kavya Menon,Kochi,Grocery,Spices,6,507,10,Wallet,Delivered
ONAM101098,2026-08-11,CUST1265,Nithin Thomas,Kannur,Clothing,Kids Ethnic Wear,1,536,10,Credit Card,Delivered
ONAM101099,2026-08-13,CUST1143,Vishnu Das,Ernakulam,Home Decor,Wall Decor,1,522,10,Debit Card,Delivered
ONAM101100,2026-08-15,CUST1178,Lakshmi Varma,Kottayam,Electronics,Earbuds,1,4269,25,Wallet,Delivered
ONAM101101,2026-08-10,CUST1106,Adarsh Varma,Malappuram,Gifts,Chocolate Box,8,686,15,Wallet,Delivered
ONAM101102,2026-07-26,CUST1093,Rahul Das,Kozhikode,Grocery,Coconut Oil,4,561,5,Cash,Delivered
ONAM101103,2026-08-20,CUST1554,Neha Nair,Thrissur,Gifts,Dry Fruit Box,8,837,30,Net Banking,Delivered
ONAM101104,2026-09-06,CUST1062,Neha Nair,Thrissur,Home Decor,Flower Vase,3,356,15,Debit Card,Delivered
ONAM101105,2026-08-12,CUST1505,Suresh Krishnan,Ernakulam,Grocery,Coconut Oil,8,471,20,Debit Card,Returned
ONAM101106,2026-08-16,CUST1434,Neha Thomas,Kochi,Grocery,Spices,6,740,10,Net Banking,Delivered
ONAM101107,2026-08-29,CUST1342,Rahul Kumar,Thrissur,Electronics,Power Bank,8,1335,25,Wallet,Returned
ONAM101108,2026-08-24,CUST1444,Anjali Thomas,Ernakulam,Gifts,Chocolate Box,6,263,20,UPI,Delivered
ONAM101109,2026-08-07,CUST1315,Akhil Menon,Kochi,Grocery,Pickle,1,299,30,Cash,Delivered
ONAM101110,2026-08-02,CUST1478,Hari Rajan,Thiruvananthapuram,Gifts,Gift Hamper,2,1707,5,Net Banking,Delivered
ONAM101111,2026-08-18,CUST1145,Lakshmi Kumar,Thrissur,Gifts,Kitchen Set,4,1426,10,Net Banking,Delivered
ONAM101112,2026-08-27,CUST1412,Adarsh Das,Kottayam,Gifts,Gift Hamper,1,675,20,Credit Card,Delivered
ONAM101113,2026-08-12,CUST1461,Gokul Thomas,Alappuzha,Grocery,Spices,7,302,20,Debit Card,Cancelled
ONAM101114,2026-08-22,CUST1381,Akhil Thomas,Alappuzha,Home Decor,Brass Lamp,5,1316,5,Cash,Cancelled
ONAM101115,2026-08-28,CUST1119,Gokul Pillai,Thrissur,Home Decor,Flower Vase,4,974,0,Net Banking,Returned
ONAM101116,2026-08-17,CUST1374,Lakshmi Nair,Kollam,Clothing,Mundu,3,626,25,Debit Card,Delivered
ONAM101117,2026-08-19,CUST1179,Lakshmi Rajan,Alappuzha,Electronics,Bluetooth Speaker,4,2899,30,Net Banking,Delivered
ONAM101118,2026-08-23,CUST1228,Athira Varma,Kannur,Grocery,Coconut Oil,8,729,10,Credit Card,Cancelled
ONAM101119,2026-08-17,CUST1248,Nithin Joseph,Kochi,Electronics,Bluetooth Speaker,1,1782,25,Debit Card,Delivered
ONAM101120,2026-09-02,CUST1037,Neha Joseph,Palakkad,Grocery,Spices,8,1000,10,Net Banking,Delivered
ONAM101121,2026-08-15,CUST1012,Amal Krishnan,Malappuram,Home Decor,Pookalam Set,1,1051,15,Cash,Delivered
ONAM101122,2026-08-16,CUST1221,Riya Pillai,Kannur,Clothing,Onam Dress,5,2729,0,Credit Card,Delivered
ONAM101123,2026-08-22,CUST1360,Amal Nair,Thrissur,Clothing,Kurta,8,1397,15,Credit Card,Delivered
ONAM101124,2026-08-23,CUST1201,Vishnu Thomas,Kannur,Grocery,Pickle,2,411,25,Debit Card,Delivered
ONAM101125,2026-08-06,CUST1340,Suresh Menon,Wayanad,Home Decor,Flower Vase,4,1059,25,Cash,Delivered
ONAM101126,2026-08-24,CUST1406,Athira Pillai,Alappuzha,Gifts,Kitchen Set,3,2928,15,UPI,Delivered
ONAM101127,2026-08-29,CUST1293,Lakshmi Varma,Palakkad,Home Decor,Wall Decor,3,1346,20,Wallet,Delivered
ONAM101128,2026-08-30,CUST1179,Rahul Rajan,Alappuzha,Home Decor,Wall Decor,2,471,15,Wallet,Delivered
ONAM101129,2026-07-25,CUST1262,Kavya Das,Alappuzha,Grocery,Banana Chips,4,619,15,Net Banking,Delivered
ONAM101130,2026-08-12,CUST1064,Divya Varma,Palakkad,Gifts,Kitchen Set,7,3337,10,UPI,Delivered
ONAM101131,2026-08-31,CUST1217,Akhil Joseph,Kochi,Grocery,Rice,4,586,20,Cash,Delivered
ONAM101132,2026-08-04,CUST1405,Amal Menon,Kannur,Grocery,Banana Chips,3,290,10,Wallet,Cancelled
ONAM101133,2026-08-04,CUST1010,Amal Krishnan,Kozhikode,Clothing,Onam Dress,6,1511,20,Net Banking,Delivered
ONAM101134,2026-09-07,CUST1596,Gokul Thomas,Kozhikode,Clothing,Kids Ethnic Wear,1,1632,30,Cash,Delivered
ONAM101135,2026-08-17,CUST1124,Amal Nair,Kochi,Home Decor,Table Decor,2,527,25,Wallet,Delivered
ONAM101136,2026-09-05,CUST1098,Riya Nair,Kollam,Electronics,Kitchen Appliance,4,7475,0,Cash,Delivered
ONAM101137,2026-09-02,CUST1040,Rahul Krishnan,Kochi,Clothing,Kurta,7,1406,30,Cash,Delivered
ONAM101138,2026-08-03,CUST1077,Nithin Rajan,Thiruvananthapuram,Gifts,Tea Gift Set,7,1736,5,Net Banking,Cancelled
ONAM101139,2026-08-25,CUST1172,Amal Rajan,Malappuram,Grocery,Rice,1,505,0,UPI,Delivered
ONAM101140,2026-08-15,CUST1399,Kavya Kumar,Alappuzha,Clothing,Kids Ethnic Wear,5,1059,5,Debit Card,Delivered
ONAM101141,2026-08-01,CUST1183,Anjali Das,Kozhikode,Home Decor,Wall Decor,5,1662,10,Debit Card,Delivered
ONAM101142,2026-07-31,CUST1598,Meera Varma,Kottayam,Grocery,Pickle,2,107,20,Net Banking,Cancelled
ONAM101143,2026-08-21,CUST1260,Athira Das,Ernakulam,Grocery,Banana Chips,4,273,25,Debit Card,Delivered
ONAM101144,2026-08-12,CUST1292,Arun Rajan,Wayanad,Grocery,Coconut Oil,8,713,0,Wallet,Delivered
ONAM101145,2026-08-09,CUST1479,Meera Menon,Kozhikode,Electronics,Kitchen Appliance,2,7381,30,Cash,Cancelled
ONAM101146,2026-08-01,CUST1159,Kavya Krishnan,Alappuzha,Gifts,Kitchen Set,2,1190,10,Wallet,Delivered
ONAM101147,2026-08-19,CUST1538,Rahul Rajan,Malappuram,Clothing,Onam Dress,4,1452,5,Credit Card,Cancelled
ONAM101148,2026-08-22,CUST1576,Nithin Varma,Kottayam,Home Decor,Table Decor,1,1384,0,Wallet,Delivered
ONAM101149,2026-07-30,CUST1219,Hari Rajan,Thrissur,Gifts,Gift Hamper,4,1494,5,Credit Card,Cancelled
ONAM101150,2026-07-31,CUST1255,Arun Pillai,Alappuzha,Gifts,Chocolate Box,2,1478,5,Net Banking,Cancelled
ONAM101151,2026-08-03,CUST1177,Amal Das,Kannur,Clothing,Kasavu Saree,6,4225,30,Credit Card,Delivered
ONAM101152,2026-08-12,CUST1556,Anjali Joseph,Malappuram,Grocery,Rice,6,183,30,Cash,Delivered
ONAM101153,2026-08-14,CUST1306,Divya Menon,Alappuzha,Home Decor,Pookalam Set,1,980,10,Credit Card,Delivered
ONAM101154,2026-08-21,CUST1089,Neha Thomas,Kozhikode,Gifts,Kitchen Set,6,3216,20,Debit Card,Delivered
ONAM101155,2026-07-29,CUST1417,Anjali Nair,Kollam,Clothing,Kurta,1,928,30,Credit Card,Delivered
ONAM101156,2026-08-07,CUST1340,Nithin Pillai,Malappuram,Clothing,Onam Dress,4,2715,10,Debit Card,Delivered
ONAM101157,2026-08-03,CUST1483,Rahul Das,Alappuzha,Clothing,Kasavu Saree,1,1808,20,Debit Card,Delivered
ONAM101158,2026-08-19,CUST1459,Hari Rajan,Alappuzha,Electronics,Bluetooth Speaker,4,5050,20,Net Banking,Delivered
ONAM101159,2026-08-24,CUST1589,Hari Thomas,Kozhikode,Gifts,Dry Fruit Box,7,1467,25,Net Banking,Cancelled
ONAM101160,2026-08-25,CUST1151,Rahul Rajan,Kochi,Grocery,Spices,5,134,10,Wallet,Delivered
ONAM101161,2026-08-03,CUST1432,Neha Thomas,Kottayam,Home Decor,Flower Vase,2,446,20,Net Banking,Returned
ONAM101162,2026-07-27,CUST1528,Nithin Joseph,Kochi,Grocery,Rice,3,879,5,Net Banking,Delivered
ONAM101163,2026-08-30,CUST1572,Neha Pillai,Alappuzha,Home Decor,Table Decor,7,1138,10,Debit Card,Returned
ONAM101164,2026-08-04,CUST1265,Athira Krishnan,Malappuram,Gifts,Kitchen Set,3,3364,25,Net Banking,Delivered
ONAM101165,2026-08-02,CUST1091,Gokul Rajan,Kollam,Home Decor,Flower Vase,7,1188,15,Cash,Delivered
ONAM101166,2026-08-24,CUST1319,Anjali Joseph,Palakkad,Gifts,Dry Fruit Box,1,1586,15,Cash,Cancelled
ONAM101167,2026-08-31,CUST1083,Kavya Thomas,Kottayam,Grocery,Banana Chips,6,523,25,Cash,Delivered
ONAM101168,2026-09-04,CUST1008,Kavya Joseph,Kottayam,Grocery,Coconut Oil,8,719,5,Net Banking,Delivered
ONAM101169,2026-07-31,CUST1153,Anjali Kumar,Palakkad,Gifts,Dry Fruit Box,4,1592,25,Net Banking,Returned
ONAM101170,2026-09-03,CUST1303,Kavya Kumar,Thrissur,Grocery,Spices,3,1091,0,Cash,Delivered
ONAM101171,2026-08-22,CUST1381,Neha Varma,Wayanad,Grocery,Pickle,5,361,10,Credit Card,Delivered
ONAM101172,2026-08-13,CUST1589,Meera Das,Kottayam,Home Decor,Wall Decor,6,1622,20,UPI,Returned
ONAM101173,2026-08-16,CUST1026,Anjali Thomas,Thiruvananthapuram,Grocery,Rice,8,876,0,Wallet,Delivered
ONAM101174,2026-08-09,CUST1245,Rahul Das,Ernakulam,Gifts,Dry Fruit Box,7,1770,0,Debit Card,Delivered
ONAM101175,2026-08-22,CUST1566,Lakshmi Pillai,Wayanad,Grocery,Rice,2,463,10,Credit Card,Delivered
ONAM101176,2026-08-10,CUST1593,Amal Nair,Thrissur,Grocery,Coconut Oil,8,607,10,Debit Card,Delivered
ONAM101177,2026-08-20,CUST1083,Meera Pillai,Malappuram,Home Decor,Table Decor,7,1536,0,UPI,Delivered
ONAM101178,2026-09-02,CUST1087,Kavya Nair,Thrissur,Grocery,Spices,5,433,15,Cash,Cancelled
ONAM101179,2026-07-26,CUST1219,Vishnu Krishnan,Palakkad,Clothing,Mundu,3,1058,30,Cash,Cancelled
ONAM101180,2026-07-28,CUST1338,Hari Nair,Kochi,Gifts,Kitchen Set,6,1429,5,Wallet,Cancelled
ONAM101181,2026-07-28,CUST1182,Vishnu Nair,Kannur,Home Decor,Pookalam Set,2,465,10,UPI,Cancelled
ONAM101182,2026-09-06,CUST1039,Gokul Menon,Wayanad,Electronics,Kitchen Appliance,2,5536,15,UPI,Delivered
ONAM101183,2026-08-16,CUST1096,Adarsh Pillai,Kochi,Electronics,Smart Watch,7,8366,10,Credit Card,Delivered
ONAM101184,2026-09-02,CUST1046,Athira Pillai,Kannur,Electronics,Smart Watch,5,2709,15,Net Banking,Delivered
ONAM101185,2026-08-28,CUST1598,Amal Joseph,Palakkad,Clothing,Kurta,1,1661,10,Debit Card,Delivered
ONAM101186,2026-07-30,CUST1268,Amal Thomas,Wayanad,Grocery,Coconut Oil,2,192,15,Debit Card,Delivered
ONAM101187,2026-08-15,CUST1072,Athira Kumar,Thrissur,Home Decor,Brass Lamp,7,2359,30,Net Banking,Delivered
ONAM101188,2026-09-08,CUST1464,Akhil Krishnan,Kochi,Home Decor,Pookalam Set,8,292,0,Credit Card,Delivered
ONAM101189,2026-08-13,CUST1239,Meera Joseph,Kannur,Electronics,Smart Watch,2,9078,20,Cash,Delivered
ONAM101190,2026-08-01,CUST1428,Divya Varma,Thrissur,Home Decor,Brass Lamp,7,959,10,Wallet,Delivered
ONAM101191,2026-08-02,CUST1154,Divya Pillai,Kannur,Gifts,Kitchen Set,3,1232,20,Credit Card,Delivered
ONAM101192,2026-07-25,CUST1444,Adarsh Varma,Kollam,Grocery,Rice,4,360,15,Cash,Cancelled
ONAM101193,2026-09-02,CUST1534,Riya Krishnan,Thrissur,Gifts,Gift Hamper,8,1215,0,Debit Card,Delivered
ONAM101194,2026-07-28,CUST1098,Nithin Krishnan,Ernakulam,Gifts,Dry Fruit Box,8,2294,5,Credit Card,Delivered
ONAM101195,2026-09-06,CUST1075,Meera Kumar,Thiruvananthapuram,Clothing,Onam Dress,2,1628,5,UPI,Delivered
ONAM101196,2026-08-11,CUST1142,Gokul Joseph,Palakkad,Grocery,Spices,1,1015,0,UPI,Cancelled
ONAM101197,2026-08-17,CUST1024,Riya Nair,Palakkad,Electronics,Kitchen Appliance,3,2716,20,Net Banking,Delivered
ONAM101198,2026-07-27,CUST1465,Amal Thomas,Malappuram,Clothing,Mundu,6,1291,25,Wallet,Delivered
ONAM101199,2026-07-25,CUST1310,Divya Krishnan,Kollam,Clothing,Kasavu Saree,4,1885,30,Wallet,Delivered
ONAM101200,2026-08-21,CUST1170,Vishnu Nair,Palakkad,Home Decor,Brass Lamp,6,2359,10,UPI,Delivered
ONAM101201,2026-08-01,CUST1502,Kavya Joseph,Thiruvananthapuram,Clothing,Kids Ethnic Wear,2,1256,10,Wallet,Delivered
ONAM101202,2026-08-29,CUST1361,Anjali Krishnan,Palakkad,Clothing,Kurta,8,2417,25,UPI,Delivered
ONAM101203,2026-08-24,CUST1382,Lakshmi Thomas,Palakkad,Grocery,Spices,1,383,15,Cash,Delivered
ONAM101204,2026-07-25,CUST1162,Vishnu Thomas,Wayanad,Electronics,Earbuds,6,1585,20,UPI,Delivered
ONAM101205,2026-08-27,CUST1537,Arun Krishnan,Kochi,Clothing,Mundu,6,1770,15,UPI,Delivered
ONAM101206,2026-07-25,CUST1436,Gokul Joseph,Ernakulam,Clothing,Onam Dress,6,1883,5,UPI,Delivered
ONAM101207,2026-08-01,CUST1326,Anjali Rajan,Ernakulam,Electronics,Kitchen Appliance,3,6903,10,Net Banking,Delivered
ONAM101208,2026-07-30,CUST1129,Gokul Joseph,Kannur,Home Decor,Flower Vase,4,978,5,Cash,Delivered
ONAM101209,2026-08-05,CUST1313,Gokul Kumar,Palakkad,Grocery,Coconut Oil,3,885,10,Credit Card,Cancelled
ONAM101210,2026-09-08,CUST1301,Vishnu Thomas,Kochi,Grocery,Rice,8,82,15,Net Banking,Delivered
ONAM101211,2026-08-25,CUST1574,Vishnu Thomas,Ernakulam,Clothing,Mundu,5,1507,30,Wallet,Delivered
ONAM101212,2026-08-09,CUST1584,Arun Menon,Kochi,Grocery,Spices,5,921,15,Debit Card,Delivered
ONAM101213,2026-08-19,CUST1326,Athira Menon,Thiruvananthapuram,Home Decor,Table Decor,8,1368,15,Net Banking,Delivered
ONAM101214,2026-08-25,CUST1079,Gokul Menon,Alappuzha,Grocery,Spices,6,250,25,Wallet,Delivered
ONAM101215,2026-08-23,CUST1444,Rahul Kumar,Ernakulam,Electronics,Earbuds,4,6424,15,Cash,Delivered
ONAM101216,2026-08-11,CUST1031,Lakshmi Rajan,Kollam,Clothing,Kasavu Saree,4,3699,15,Wallet,Delivered
ONAM101217,2026-09-08,CUST1175,Lakshmi Krishnan,Alappuzha,Gifts,Kitchen Set,6,3426,20,Wallet,Delivered
ONAM101218,2026-08-11,CUST1317,Hari Kumar,Ernakulam,Electronics,Smart Watch,7,4040,10,UPI,Cancelled
ONAM101219,2026-08-23,CUST1263,Suresh Rajan,Kochi,Grocery,Rice,6,809,20,Net Banking,Cancelled
ONAM101220,2026-07-30,CUST1260,Rahul Rajan,Thrissur,Grocery,Banana Chips,2,561,15,Net Banking,Delivered
ONAM101221,2026-08-14,CUST1588,Gokul Nair,Kochi,Home Decor,Table Decor,3,229,20,Wallet,Cancelled
ONAM101222,2026-08-20,CUST1388,Riya Krishnan,Malappuram,Gifts,Gift Hamper,4,2013,15,Cash,Delivered
ONAM101223,2026-08-28,CUST1052,Amal Nair,Kottayam,Gifts,Dry Fruit Box,8,2545,10,Debit Card,Delivered
ONAM101224,2026-08-28,CUST1172,Hari Das,Alappuzha,Grocery,Pickle,6,120,15,Cash,Delivered
ONAM101225,2026-09-01,CUST1173,Athira Das,Wayanad,Home Decor,Flower Vase,6,544,30,UPI,Delivered
ONAM101226,2026-07-26,CUST1413,Lakshmi Nair,Kollam,Home Decor,Pookalam Set,1,912,30,Wallet,Delivered
ONAM101227,2026-08-29,CUST1046,Anjali Kumar,Kozhikode,Home Decor,Brass Lamp,3,3903,0,Wallet,Delivered
ONAM101228,2026-08-01,CUST1579,Amal Thomas,Kozhikode,Gifts,Chocolate Box,5,1178,25,Debit Card,Delivered
ONAM101229,2026-09-02,CUST1413,Meera Varma,Kochi,Clothing,Onam Dress,2,2437,25,Wallet,Delivered
ONAM101230,2026-08-12,CUST1555,Gokul Krishnan,Wayanad,Clothing,Kids Ethnic Wear,7,2109,5,UPI,Cancelled
ONAM101231,2026-08-09,CUST1565,Neha Menon,Kottayam,Home Decor,Table Decor,8,1024,15,Net Banking,Delivered
ONAM101232,2026-08-14,CUST1464,Nithin Menon,Kollam,Grocery,Rice,5,687,5,Cash,Delivered
ONAM101233,2026-09-03,CUST1120,Gokul Kumar,Thiruvananthapuram,Electronics,Power Bank,3,801,10,Net Banking,Cancelled
ONAM101234,2026-08-15,CUST1101,Gokul Rajan,Thrissur,Home Decor,Pookalam Set,7,266,20,Net Banking,Delivered
ONAM101235,2026-08-17,CUST1428,Gokul Varma,Kochi,Grocery,Rice,6,457,15,Credit Card,Delivered
ONAM101236,2026-08-26,CUST1323,Akhil Kumar,Wayanad,Grocery,Rice,5,238,20,UPI,Delivered
ONAM101237,2026-08-22,CUST1491,Meera Kumar,Wayanad,Home Decor,Table Decor,6,275,0,Wallet,Delivered
ONAM101238,2026-08-29,CUST1539,Amal Krishnan,Alappuzha,Home Decor,Table Decor,5,1046,25,Wallet,Delivered
ONAM101239,2026-08-01,CUST1143,Anjali Das,Kottayam,Grocery,Banana Chips,3,171,25,UPI,Delivered
ONAM101240,2026-09-04,CUST1219,Hari Kumar,Ernakulam,Clothing,Mundu,4,1425,30,Wallet,Delivered
ONAM101241,2026-08-31,CUST1117,Adarsh Kumar,Kannur,Grocery,Banana Chips,5,230,10,Debit Card,Delivered
ONAM101242,2026-09-07,CUST1310,Amal Joseph,Malappuram,Home Decor,Brass Lamp,6,1096,5,Net Banking,Cancelled
ONAM101243,2026-08-29,CUST1465,Gokul Thomas,Ernakulam,Clothing,Mundu,4,1731,10,Wallet,Delivered
ONAM101244,2026-09-07,CUST1030,Nithin Das,Kollam,Grocery,Banana Chips,3,403,10,Credit Card,Delivered
ONAM101245,2026-08-24,CUST1233,Gokul Rajan,Alappuzha,Gifts,Gift Hamper,4,1748,10,Credit Card,Cancelled
ONAM101246,2026-08-14,CUST1276,Vishnu Nair,Alappuzha,Electronics,Kitchen Appliance,3,9828,10,Credit Card,Delivered
ONAM101247,2026-08-10,CUST1137,Suresh Joseph,Thiruvananthapuram,Clothing,Kids Ethnic Wear,3,1173,30,Cash,Delivered
ONAM101248,2026-08-14,CUST1598,Neha Das,Palakkad,Electronics,Smart Watch,6,6722,20,UPI,Delivered
ONAM101249,2026-08-09,CUST1377,Divya Thomas,Kannur,Electronics,Power Bank,6,1620,30,Wallet,Cancelled
ONAM101250,2026-08-01,CUST1357,Neha Nair,Kozhikode,Grocery,Banana Chips,2,648,20,UPI,Delivered
ONAM101251,2026-08-29,CUST1147,Arun Krishnan,Kochi,Gifts,Gift Hamper,6,2431,20,Net Banking,Delivered
ONAM101252,2026-08-12,CUST1388,Riya Rajan,Kozhikode,Gifts,Chocolate Box,2,605,0,Debit Card,Delivered
ONAM101253,2026-07-31,CUST1087,Adarsh Rajan,Kannur,Gifts,Tea Gift Set,5,1286,25,Credit Card,Delivered
ONAM101254,2026-08-31,CUST1324,Lakshmi Menon,Malappuram,Home Decor,Wall Decor,2,589,0,Wallet,Delivered
ONAM101255,2026-09-05,CUST1321,Adarsh Das,Alappuzha,Electronics,Earbuds,3,6171,15,Cash,Delivered
ONAM101256,2026-07-28,CUST1383,Arun Pillai,Thiruvananthapuram,Grocery,Banana Chips,6,607,25,Net Banking,Delivered
ONAM101257,2026-08-07,CUST1301,Kavya Varma,Wayanad,Gifts,Tea Gift Set,4,868,20,Credit Card,Delivered
ONAM101258,2026-08-17,CUST1105,Athira Rajan,Kollam,Gifts,Dry Fruit Box,3,1643,10,Debit Card,Delivered
ONAM101259,2026-08-24,CUST1396,Meera Varma,Thrissur,Clothing,Kurta,7,1531,10,Net Banking,Delivered
ONAM101260,2026-09-01,CUST1176,Meera Nair,Kochi,Grocery,Pickle,6,474,0,Debit Card,Delivered
ONAM101261,2026-08-27,CUST1418,Gokul Das,Thiruvananthapuram,Home Decor,Table Decor,4,1247,15,Net Banking,Returned
ONAM101262,2026-08-07,CUST1096,Amal Pillai,Kollam,Gifts,Gift Hamper,5,1632,10,Debit Card,Delivered
ONAM101263,2026-08-06,CUST1078,Divya Kumar,Alappuzha,Grocery,Coconut Oil,1,346,15,Credit Card,Delivered
ONAM101264,2026-09-01,CUST1125,Meera Thomas,Alappuzha,Gifts,Chocolate Box,3,713,5,Credit Card,Delivered
ONAM101265,2026-07-27,CUST1456,Adarsh Joseph,Kottayam,Gifts,Kitchen Set,4,508,25,Debit Card,Returned
ONAM101266,2026-08-13,CUST1264,Lakshmi Rajan,Palakkad,Gifts,Gift Hamper,1,510,25,Wallet,Delivered
ONAM101267,2026-08-01,CUST1385,Hari Kumar,Kottayam,Clothing,Mundu,8,545,10,Cash,Delivered
ONAM101268,2026-07-28,CUST1496,Neha Menon,Kozhikode,Electronics,Bluetooth Speaker,6,2340,10,Credit Card,Delivered
ONAM101269,2026-08-18,CUST1554,Gokul Krishnan,Thiruvananthapuram,Electronics,Power Bank,8,1312,10,Wallet,Delivered
ONAM101270,2026-07-31,CUST1005,Suresh Kumar,Kozhikode,Clothing,Kasavu Saree,3,1514,5,Credit Card,Delivered
ONAM101271,2026-08-30,CUST1561,Athira Joseph,Palakkad,Clothing,Onam Dress,4,2481,10,Net Banking,Delivered
ONAM101272,2026-08-23,CUST1116,Meera Varma,Wayanad,Grocery,Banana Chips,6,278,10,Wallet,Delivered
ONAM101273,2026-08-03,CUST1392,Hari Nair,Thiruvananthapuram,Electronics,Smart Watch,8,7484,20,Credit Card,Delivered
ONAM101274,2026-08-03,CUST1447,Nithin Nair,Alappuzha,Clothing,Kurta,2,1544,10,UPI,Cancelled
ONAM101275,2026-08-01,CUST1268,Adarsh Menon,Kollam,Grocery,Banana Chips,2,556,10,Debit Card,Delivered
ONAM101276,2026-09-04,CUST1173,Adarsh Rajan,Thiruvananthapuram,Grocery,Banana Chips,8,155,0,Credit Card,Delivered
ONAM101277,2026-08-10,CUST1090,Anjali Varma,Kollam,Electronics,Power Bank,4,3221,20,Cash,Delivered
ONAM101278,2026-07-25,CUST1197,Nithin Pillai,Palakkad,Clothing,Kasavu Saree,4,2913,30,Cash,Cancelled
ONAM101279,2026-08-01,CUST1268,Kavya Rajan,Thiruvananthapuram,Electronics,Smart Watch,6,6987,10,Net Banking,Delivered
ONAM101280,2026-09-02,CUST1064,Nithin Varma,Ernakulam,Gifts,Dry Fruit Box,2,2718,0,Debit Card,Delivered
ONAM101281,2026-07-29,CUST1381,Adarsh Varma,Alappuzha,Grocery,Rice,3,446,10,Credit Card,Delivered
ONAM101282,2026-08-14,CUST1387,Riya Krishnan,Kannur,Electronics,Smart Watch,4,7717,30,Credit Card,Delivered
ONAM101283,2026-08-03,CUST1087,Gokul Rajan,Ernakulam,Electronics,Kitchen Appliance,4,1868,20,Cash,Delivered
ONAM101284,2026-08-21,CUST1522,Suresh Varma,Kozhikode,Home Decor,Flower Vase,7,855,15,Cash,Delivered
ONAM101285,2026-07-27,CUST1557,Akhil Pillai,Kozhikode,Home Decor,Wall Decor,3,1521,5,Credit Card,Delivered
ONAM101286,2026-09-08,CUST1418,Vishnu Das,Kannur,Home Decor,Wall Decor,1,1276,15,Debit Card,Cancelled
ONAM101287,2026-09-03,CUST1243,Riya Nair,Palakkad,Clothing,Onam Dress,4,1372,10,Credit Card,Delivered
ONAM101288,2026-07-31,CUST1505,Nithin Pillai,Thiruvananthapuram,Electronics,Kitchen Appliance,8,11983,25,UPI,Delivered
ONAM101289,2026-08-11,CUST1103,Amal Rajan,Kochi,Clothing,Kasavu Saree,2,2623,10,Wallet,Delivered
ONAM101290,2026-08-04,CUST1142,Neha Menon,Thiruvananthapuram,Home Decor,Flower Vase,4,1099,30,UPI,Delivered
ONAM101291,2026-07-31,CUST1290,Arun Thomas,Kannur,Gifts,Gift Hamper,1,2097,30,UPI,Returned
ONAM101292,2026-08-28,CUST1474,Amal Krishnan,Ernakulam,Grocery,Spices,5,312,25,Cash,Delivered
ONAM101293,2026-08-08,CUST1312,Suresh Varma,Palakkad,Clothing,Mundu,1,1759,30,Debit Card,Delivered
ONAM101294,2026-09-05,CUST1443,Rahul Das,Malappuram,Electronics,Earbuds,5,6019,30,Net Banking,Delivered
ONAM101295,2026-08-30,CUST1346,Arun Joseph,Kozhikode,Home Decor,Flower Vase,4,632,10,Wallet,Delivered
ONAM101296,2026-09-02,CUST1496,Rahul Nair,Palakkad,Clothing,Kids Ethnic Wear,8,822,30,Cash,Delivered
ONAM101297,2026-08-26,CUST1494,Gokul Kumar,Kottayam,Electronics,Bluetooth Speaker,4,4517,25,Credit Card,Returned
ONAM101298,2026-08-12,CUST1387,Kavya Joseph,Kollam,Clothing,Onam Dress,7,1265,25,Debit Card,Delivered
ONAM101299,2026-08-31,CUST1365,Anjali Menon,Ernakulam,Home Decor,Wall Decor,6,1213,25,Debit Card,Cancelled
ONAM101300,2026-08-20,CUST1185,Vishnu Thomas,Kottayam,Clothing,Kids Ethnic Wear,5,537,5,Wallet,Delivered
ONAM101301,2026-08-02,CUST1534,Hari Menon,Palakkad,Home Decor,Wall Decor,8,683,10,Debit Card,Cancelled
ONAM101302,2026-08-22,CUST1536,Neha Pillai,Alappuzha,Clothing,Onam Dress,1,1868,30,Debit Card,Delivered
ONAM101303,2026-08-10,CUST1337,Vishnu Joseph,Wayanad,Electronics,Smart Watch,4,8649,15,Credit Card,Delivered
ONAM101304,2026-08-22,CUST1579,Suresh Joseph,Kannur,Gifts,Dry Fruit Box,8,1082,10,Credit Card,Delivered
ONAM101305,2026-08-22,CUST1283,Arun Rajan,Thrissur,Gifts,Chocolate Box,3,543,10,Debit Card,Delivered
ONAM101306,2026-08-02,CUST1500,Divya Menon,Alappuzha,Gifts,Chocolate Box,2,1413,30,Cash,Delivered
ONAM101307,2026-08-04,CUST1123,Adarsh Menon,Kochi,Clothing,Kids Ethnic Wear,5,1898,25,Wallet,Delivered
ONAM101308,2026-07-25,CUST1420,Neha Thomas,Kottayam,Clothing,Kids Ethnic Wear,6,1664,5,UPI,Cancelled
ONAM101309,2026-08-24,CUST1042,Rahul Nair,Kottayam,Home Decor,Pookalam Set,8,644,10,Credit Card,Delivered
ONAM101310,2026-09-01,CUST1185,Vishnu Pillai,Thiruvananthapuram,Clothing,Kids Ethnic Wear,5,995,20,Credit Card,Delivered
ONAM101311,2026-08-02,CUST1299,Anjali Das,Kochi,Grocery,Banana Chips,4,102,20,Net Banking,Delivered
ONAM101312,2026-07-27,CUST1309,Suresh Joseph,Kannur,Electronics,Smart Watch,3,9394,15,Wallet,Cancelled
ONAM101313,2026-09-01,CUST1356,Divya Joseph,Kozhikode,Gifts,Tea Gift Set,2,1216,5,Wallet,Delivered
ONAM101314,2026-08-06,CUST1084,Anjali Nair,Kozhikode,Home Decor,Table Decor,2,668,15,Cash,Cancelled
ONAM101315,2026-08-17,CUST1257,Amal Varma,Alappuzha,Grocery,Coconut Oil,2,355,15,UPI,Delivered
ONAM101316,2026-08-29,CUST1350,Gokul Thomas,Kottayam,Electronics,Smart Watch,2,8462,5,Wallet,Delivered
ONAM101317,2026-08-17,CUST1233,Lakshmi Varma,Alappuzha,Clothing,Kurta,6,1312,25,UPI,Delivered
ONAM101318,2026-09-07,CUST1431,Arun Rajan,Alappuzha,Home Decor,Pookalam Set,4,321,20,Net Banking,Cancelled
ONAM101319,2026-08-28,CUST1162,Kavya Pillai,Alappuzha,Grocery,Rice,6,397,15,Cash,Delivered
ONAM101320,2026-08-24,CUST1450,Rahul Kumar,Malappuram,Grocery,Rice,2,403,30,Debit Card,Returned
ONAM101321,2026-08-05,CUST1148,Vishnu Das,Kochi,Home Decor,Pookalam Set,3,490,10,Credit Card,Delivered
ONAM101322,2026-08-19,CUST1435,Athira Nair,Thiruvananthapuram,Gifts,Tea Gift Set,1,604,10,Credit Card,Delivered
ONAM101323,2026-08-27,CUST1137,Rahul Varma,Kochi,Electronics,Bluetooth Speaker,8,1364,10,Wallet,Delivered
ONAM101324,2026-08-23,CUST1351,Divya Kumar,Palakkad,Electronics,Earbuds,5,6267,10,Debit Card,Delivered
ONAM101325,2026-07-25,CUST1190,Nithin Rajan,Malappuram,Home Decor,Brass Lamp,8,3747,10,UPI,Cancelled
ONAM101326,2026-09-05,CUST1096,Akhil Thomas,Kollam,Grocery,Spices,5,348,10,UPI,Delivered
ONAM101327,2026-08-23,CUST1456,Divya Nair,Thiruvananthapuram,Electronics,Kitchen Appliance,5,5915,5,Debit Card,Delivered
ONAM101328,2026-08-02,CUST1019,Amal Das,Malappuram,Clothing,Onam Dress,1,1862,5,Debit Card,Delivered
ONAM101329,2026-08-06,CUST1376,Athira Kumar,Ernakulam,Grocery,Banana Chips,6,150,25,Cash,Delivered
ONAM101330,2026-09-07,CUST1009,Kavya Rajan,Thrissur,Grocery,Rice,6,740,30,Debit Card,Cancelled
ONAM101331,2026-08-02,CUST1375,Neha Nair,Wayanad,Clothing,Mundu,7,605,15,Debit Card,Delivered
ONAM101332,2026-09-05,CUST1317,Amal Krishnan,Wayanad,Grocery,Coconut Oil,1,808,15,Credit Card,Returned
ONAM101333,2026-07-28,CUST1277,Riya Das,Kollam,Home Decor,Flower Vase,7,516,0,Debit Card,Delivered
ONAM101334,2026-08-12,CUST1090,Adarsh Das,Thrissur,Clothing,Kurta,8,1223,20,Debit Card,Delivered
ONAM101335,2026-08-24,CUST1152,Akhil Thomas,Alappuzha,Home Decor,Brass Lamp,3,3976,25,UPI,Delivered
ONAM101336,2026-08-22,CUST1269,Kavya Rajan,Malappuram,Gifts,Dry Fruit Box,8,1039,0,UPI,Delivered
ONAM101337,2026-08-29,CUST1205,Nithin Rajan,Thiruvananthapuram,Gifts,Tea Gift Set,3,1108,20,UPI,Delivered
ONAM101338,2026-08-10,CUST1482,Arun Nair,Thrissur,Electronics,Smart Watch,4,6818,30,Net Banking,Returned
ONAM101339,2026-08-16,CUST1018,Kavya Joseph,Wayanad,Home Decor,Flower Vase,4,610,10,Wallet,Delivered
ONAM101340,2026-08-24,CUST1478,Rahul Varma,Alappuzha,Gifts,Tea Gift Set,3,1520,25,Wallet,Delivered
ONAM101341,2026-09-02,CUST1598,Hari Das,Thiruvananthapuram,Electronics,Smart Watch,7,9820,0,Cash,Delivered
ONAM101342,2026-08-30,CUST1411,Kavya Pillai,Alappuzha,Home Decor,Flower Vase,2,1046,5,Credit Card,Delivered
ONAM101343,2026-07-25,CUST1534,Arun Nair,Thiruvananthapuram,Grocery,Pickle,6,135,15,Debit Card,Cancelled
ONAM101344,2026-07-29,CUST1526,Suresh Joseph,Kochi,Clothing,Onam Dress,6,1305,5,Credit Card,Cancelled
ONAM101345,2026-08-23,CUST1249,Arun Thomas,Thrissur,Electronics,Power Bank,1,1872,10,Debit Card,Delivered
ONAM101346,2026-08-25,CUST1344,Neha Kumar,Kollam,Grocery,Spices,8,721,5,Credit Card,Returned
ONAM101347,2026-08-11,CUST1092,Riya Kumar,Kollam,Home Decor,Flower Vase,4,1389,10,Debit Card,Delivered
ONAM101348,2026-08-25,CUST1544,Rahul Das,Wayanad,Home Decor,Flower Vase,7,599,15,UPI,Returned
ONAM101349,2026-07-27,CUST1237,Athira Varma,Kollam,Gifts,Dry Fruit Box,8,1998,5,Cash,Delivered
ONAM101350,2026-09-04,CUST1435,Adarsh Nair,Thiruvananthapuram,Grocery,Rice,2,689,10,Debit Card,Cancelled
ONAM101351,2026-09-01,CUST1542,Arun Joseph,Palakkad,Gifts,Dry Fruit Box,4,2754,20,Net Banking,Cancelled
ONAM101352,2026-09-06,CUST1049,Kavya Pillai,Kannur,Clothing,Kurta,6,1276,0,Credit Card,Delivered
ONAM101353,2026-08-08,CUST1072,Amal Rajan,Ernakulam,Clothing,Kurta,8,1644,15,Debit Card,Delivered
ONAM101354,2026-08-16,CUST1115,Lakshmi Thomas,Kozhikode,Electronics,Smart Watch,7,7420,20,Net Banking,Delivered
ONAM101355,2026-08-30,CUST1596,Divya Das,Malappuram,Home Decor,Brass Lamp,6,1333,30,Wallet,Delivered
ONAM101356,2026-07-30,CUST1051,Lakshmi Pillai,Kannur,Grocery,Rice,1,400,15,Wallet,Delivered
ONAM101357,2026-08-13,CUST1600,Athira Rajan,Alappuzha,Electronics,Earbuds,4,3600,0,Credit Card,Delivered
ONAM101358,2026-07-27,CUST1001,Nithin Joseph,Kottayam,Clothing,Onam Dress,3,1316,5,Debit Card,Cancelled
ONAM101359,2026-08-31,CUST1288,Suresh Menon,Ernakulam,Home Decor,Brass Lamp,2,4094,10,Net Banking,Cancelled
ONAM101360,2026-09-05,CUST1351,Neha Rajan,Kottayam,Grocery,Coconut Oil,3,184,0,Net Banking,Delivered
ONAM101361,2026-08-15,CUST1018,Adarsh Varma,Thiruvananthapuram,Grocery,Rice,2,108,30,Cash,Delivered
ONAM101362,2026-08-07,CUST1510,Riya Krishnan,Thiruvananthapuram,Grocery,Pickle,3,485,30,Credit Card,Delivered
ONAM101363,2026-08-01,CUST1137,Anjali Rajan,Wayanad,Grocery,Coconut Oil,2,309,25,UPI,Cancelled
ONAM101364,2026-08-16,CUST1127,Anjali Rajan,Kochi,Home Decor,Pookalam Set,1,1189,10,UPI,Delivered
ONAM101365,2026-08-27,CUST1337,Nithin Kumar,Kannur,Clothing,Kids Ethnic Wear,3,1997,10,Debit Card,Delivered
ONAM101366,2026-08-15,CUST1184,Anjali Nair,Palakkad,Gifts,Dry Fruit Box,6,2113,25,Debit Card,Delivered
ONAM101367,2026-08-23,CUST1574,Anjali Menon,Thiruvananthapuram,Gifts,Dry Fruit Box,5,1600,15,UPI,Delivered
ONAM101368,2026-08-31,CUST1338,Akhil Kumar,Malappuram,Clothing,Mundu,6,448,20,Debit Card,Cancelled
ONAM101369,2026-09-02,CUST1229,Lakshmi Thomas,Thiruvananthapuram,Clothing,Onam Dress,4,2030,30,Debit Card,Delivered
ONAM101370,2026-07-31,CUST1392,Arun Rajan,Kochi,Clothing,Kurta,3,686,5,Debit Card,Delivered
ONAM101371,2026-07-25,CUST1509,Hari Krishnan,Wayanad,Electronics,Bluetooth Speaker,2,1579,10,Wallet,Returned
ONAM101372,2026-07-31,CUST1476,Rahul Pillai,Kannur,Clothing,Mundu,7,929,0,Cash,Delivered
ONAM101373,2026-08-18,CUST1166,Vishnu Krishnan,Kozhikode,Home Decor,Brass Lamp,6,1821,25,Cash,Cancelled
ONAM101374,2026-08-12,CUST1001,Suresh Pillai,Wayanad,Clothing,Mundu,4,850,0,Net Banking,Cancelled
ONAM101375,2026-08-25,CUST1552,Akhil Kumar,Kottayam,Electronics,Earbuds,5,6689,0,UPI,Delivered
ONAM101376,2026-07-25,CUST1471,Meera Kumar,Alappuzha,Gifts,Tea Gift Set,7,1669,0,Debit Card,Delivered
ONAM101377,2026-08-06,CUST1133,Riya Thomas,Kannur,Clothing,Kasavu Saree,3,2758,10,UPI,Returned
ONAM101378,2026-08-29,CUST1028,Arun Thomas,Kochi,Electronics,Smart Watch,8,2300,10,Debit Card,Returned
ONAM101379,2026-07-28,CUST1249,Arun Rajan,Palakkad,Gifts,Gift Hamper,8,1327,5,Credit Card,Delivered
ONAM101380,2026-08-16,CUST1262,Adarsh Varma,Alappuzha,Clothing,Kasavu Saree,8,1599,20,Net Banking,Delivered
ONAM101381,2026-08-07,CUST1510,Neha Das,Thiruvananthapuram,Gifts,Chocolate Box,5,1032,0,Credit Card,Delivered
ONAM101382,2026-08-09,CUST1022,Athira Kumar,Kollam,Home Decor,Pookalam Set,1,1106,10,Wallet,Delivered
ONAM101383,2026-08-16,CUST1166,Kavya Krishnan,Alappuzha,Electronics,Kitchen Appliance,8,11648,30,Cash,Cancelled
ONAM101384,2026-07-27,CUST1113,Riya Rajan,Ernakulam,Gifts,Chocolate Box,6,324,10,Credit Card,Delivered
ONAM101385,2026-08-20,CUST1516,Kavya Das,Alappuzha,Home Decor,Table Decor,6,1301,25,Net Banking,Delivered
ONAM101386,2026-08-14,CUST1496,Anjali Krishnan,Thrissur,Grocery,Coconut Oil,3,384,20,Net Banking,Delivered
ONAM101387,2026-09-04,CUST1537,Lakshmi Menon,Wayanad,Grocery,Spices,2,670,10,Credit Card,Delivered
ONAM101388,2026-08-06,CUST1532,Akhil Krishnan,Malappuram,Electronics,Kitchen Appliance,3,5836,5,Credit Card,Delivered
ONAM101389,2026-08-29,CUST1545,Adarsh Kumar,Kollam,Home Decor,Table Decor,8,651,0,Wallet,Delivered
ONAM101390,2026-08-31,CUST1121,Anjali Krishnan,Thrissur,Gifts,Kitchen Set,7,727,10,Credit Card,Delivered
ONAM101391,2026-08-28,CUST1055,Gokul Pillai,Thiruvananthapuram,Home Decor,Brass Lamp,5,2610,0,UPI,Delivered
ONAM101392,2026-09-03,CUST1320,Arun Thomas,Wayanad,Home Decor,Wall Decor,5,1433,30,Net Banking,Delivered
ONAM101393,2026-08-03,CUST1325,Vishnu Thomas,Kochi,Gifts,Gift Hamper,6,1132,25,Debit Card,Cancelled
ONAM101394,2026-09-05,CUST1442,Divya Joseph,Alappuzha,Clothing,Mundu,5,1455,15,Net Banking,Delivered
ONAM101395,2026-09-08,CUST1104,Nithin Kumar,Thrissur,Grocery,Rice,6,792,30,Net Banking,Cancelled
ONAM101396,2026-08-31,CUST1194,Riya Kumar,Palakkad,Electronics,Kitchen Appliance,7,10787,5,Net Banking,Cancelled
ONAM101397,2026-08-01,CUST1226,Adarsh Krishnan,Malappuram,Clothing,Mundu,6,459,10,Wallet,Returned
ONAM101398,2026-08-24,CUST1050,Nithin Krishnan,Kollam,Electronics,Power Bank,7,725,10,UPI,Returned
ONAM101399,2026-08-30,CUST1116,Arun Joseph,Kottayam,Home Decor,Pookalam Set,2,538,0,Wallet,Delivered
ONAM101400,2026-07-26,CUST1446,Gokul Menon,Kottayam,Grocery,Rice,7,616,30,UPI,Delivered
ONAM101401,2026-09-07,CUST1008,Meera Menon,Kollam,Gifts,Dry Fruit Box,1,896,10,Wallet,Delivered
ONAM101402,2026-08-24,CUST1071,Lakshmi Kumar,Kottayam,Electronics,Power Bank,5,2980,10,Net Banking,Delivered
ONAM101403,2026-08-18,CUST1259,Vishnu Joseph,Thrissur,Electronics,Power Bank,3,1121,15,Debit Card,Cancelled
ONAM101404,2026-08-06,CUST1599,Arun Thomas,Kottayam,Home Decor,Brass Lamp,1,1361,10,Wallet,Returned
ONAM101405,2026-07-25,CUST1401,Rahul Kumar,Malappuram,Home Decor,Pookalam Set,3,226,25,Debit Card,Delivered
ONAM101406,2026-08-06,CUST1443,Divya Krishnan,Kottayam,Gifts,Chocolate Box,6,1095,15,Credit Card,Delivered
ONAM101407,2026-08-14,CUST1082,Suresh Joseph,Thrissur,Grocery,Coconut Oil,1,628,0,Credit Card,Cancelled
ONAM101408,2026-08-26,CUST1301,Kavya Kumar,Wayanad,Gifts,Gift Hamper,7,2108,10,UPI,Delivered
ONAM101409,2026-07-26,CUST1307,Neha Menon,Kozhikode,Electronics,Earbuds,3,3811,5,Wallet,Delivered
ONAM101410,2026-07-26,CUST1056,Vishnu Menon,Kochi,Home Decor,Brass Lamp,1,737,25,Debit Card,Delivered
ONAM101411,2026-08-03,CUST1454,Adarsh Menon,Malappuram,Electronics,Bluetooth Speaker,4,5482,10,Cash,Delivered
ONAM101412,2026-08-06,CUST1249,Athira Joseph,Kollam,Clothing,Kasavu Saree,5,2379,10,Debit Card,Cancelled
ONAM101413,2026-08-17,CUST1478,Amal Varma,Wayanad,Gifts,Chocolate Box,3,1354,10,Net Banking,Returned
ONAM101414,2026-07-29,CUST1066,Neha Joseph,Ernakulam,Grocery,Coconut Oil,4,275,10,Debit Card,Delivered
ONAM101415,2026-08-21,CUST1517,Riya Krishnan,Alappuzha,Gifts,Chocolate Box,7,906,10,Credit Card,Delivered
ONAM101416,2026-08-07,CUST1582,Riya Varma,Thiruvananthapuram,Clothing,Onam Dress,7,3003,20,UPI,Delivered
ONAM101417,2026-08-28,CUST1183,Hari Menon,Kozhikode,Gifts,Gift Hamper,5,466,20,Debit Card,Cancelled
ONAM101418,2026-08-26,CUST1330,Vishnu Menon,Kannur,Gifts,Kitchen Set,3,1592,5,Net Banking,Delivered
ONAM101419,2026-07-26,CUST1018,Suresh Krishnan,Kollam,Home Decor,Wall Decor,8,728,0,Credit Card,Delivered
ONAM101420,2026-09-02,CUST1253,Hari Pillai,Kannur,Clothing,Kids Ethnic Wear,6,1167,10,Credit Card,Delivered
ONAM101421,2026-07-26,CUST1105,Arun Das,Palakkad,Gifts,Kitchen Set,7,2273,10,UPI,Delivered
ONAM101422,2026-08-17,CUST1217,Anjali Joseph,Kollam,Clothing,Mundu,5,761,15,Net Banking,Delivered
ONAM101423,2026-08-23,CUST1037,Kavya Menon,Malappuram,Home Decor,Wall Decor,1,1738,20,Cash,Delivered
ONAM101424,2026-08-23,CUST1600,Suresh Menon,Kannur,Grocery,Banana Chips,4,157,15,Credit Card,Cancelled
ONAM101425,2026-09-03,CUST1077,Arun Kumar,Malappuram,Clothing,Kurta,8,1795,10,UPI,Delivered
ONAM101426,2026-08-01,CUST1488,Gokul Rajan,Kottayam,Clothing,Kurta,4,1547,0,Wallet,Cancelled
ONAM101427,2026-09-05,CUST1541,Divya Nair,Alappuzha,Grocery,Spices,2,792,20,Net Banking,Delivered
ONAM101428,2026-09-03,CUST1234,Riya Das,Kottayam,Grocery,Coconut Oil,5,871,20,Wallet,Cancelled
ONAM101429,2026-07-29,CUST1219,Riya Das,Kannur,Clothing,Mundu,3,768,10,Cash,Delivered
ONAM101430,2026-08-17,CUST1492,Kavya Thomas,Thrissur,Electronics,Power Bank,6,1754,10,UPI,Returned
ONAM101431,2026-08-06,CUST1015,Neha Rajan,Ernakulam,Electronics,Power Bank,3,1227,25,Credit Card,Delivered
ONAM101432,2026-08-17,CUST1213,Gokul Joseph,Wayanad,Grocery,Pickle,3,451,25,Debit Card,Delivered
ONAM101433,2026-07-27,CUST1043,Neha Menon,Thiruvananthapuram,Clothing,Mundu,6,655,25,Credit Card,Returned
ONAM101434,2026-08-21,CUST1498,Athira Joseph,Malappuram,Clothing,Mundu,4,424,15,Credit Card,Delivered
ONAM101435,2026-08-14,CUST1301,Suresh Thomas,Kozhikode,Grocery,Pickle,5,99,15,Net Banking,Cancelled
ONAM101436,2026-08-10,CUST1439,Kavya Nair,Thrissur,Electronics,Power Bank,2,1065,15,Debit Card,Delivered
ONAM101437,2026-08-27,CUST1166,Akhil Kumar,Palakkad,Electronics,Kitchen Appliance,8,10687,25,Debit Card,Returned
ONAM101438,2026-08-09,CUST1082,Anjali Das,Wayanad,Gifts,Gift Hamper,2,1927,5,UPI,Returned
ONAM101439,2026-09-01,CUST1164,Kavya Pillai,Thiruvananthapuram,Clothing,Mundu,2,1515,10,Credit Card,Cancelled
ONAM101440,2026-08-04,CUST1347,Anjali Das,Palakkad,Grocery,Coconut Oil,5,649,30,Debit Card,Delivered
ONAM101441,2026-08-12,CUST1421,Riya Kumar,Ernakulam,Clothing,Kids Ethnic Wear,2,1757,20,Net Banking,Delivered
ONAM101442,2026-07-31,CUST1370,Lakshmi Krishnan,Kottayam,Grocery,Rice,1,363,0,Net Banking,Delivered
ONAM101443,2026-07-26,CUST1547,Kavya Pillai,Palakkad,Electronics,Earbuds,4,2505,0,Debit Card,Delivered
ONAM101444,2026-08-27,CUST1484,Lakshmi Joseph,Kannur,Grocery,Rice,6,471,25,Debit Card,Delivered
ONAM101445,2026-08-11,CUST1308,Anjali Pillai,Kozhikode,Home Decor,Table Decor,7,299,25,Cash,Delivered
ONAM101446,2026-08-10,CUST1267,Nithin Das,Thiruvananthapuram,Clothing,Onam Dress,4,1929,10,Credit Card,Returned
ONAM101447,2026-08-26,CUST1090,Vishnu Thomas,Kochi,Electronics,Kitchen Appliance,5,8195,5,Debit Card,Cancelled
ONAM101448,2026-08-25,CUST1341,Nithin Krishnan,Wayanad,Gifts,Dry Fruit Box,2,2434,20,Credit Card,Returned
ONAM101449,2026-08-27,CUST1178,Kavya Nair,Malappuram,Home Decor,Table Decor,7,1074,20,Net Banking,Delivered
ONAM101450,2026-07-28,CUST1128,Rahul Pillai,Kannur,Electronics,Power Bank,3,845,25,UPI,Returned
ONAM101451,2026-07-28,CUST1586,Akhil Kumar,Ernakulam,Home Decor,Table Decor,1,1078,0,Credit Card,Delivered
ONAM101452,2026-08-05,CUST1093,Vishnu Krishnan,Kannur,Clothing,Kids Ethnic Wear,4,1196,0,Net Banking,Delivered
ONAM101453,2026-08-05,CUST1395,Neha Menon,Kozhikode,Gifts,Gift Hamper,3,920,20,UPI,Delivered
ONAM101454,2026-08-17,CUST1238,Neha Krishnan,Thrissur,Clothing,Kurta,2,2104,20,UPI,Delivered
ONAM101455,2026-08-15,CUST1431,Meera Thomas,Kannur,Gifts,Gift Hamper,3,1327,0,Net Banking,Delivered
ONAM101456,2026-08-29,CUST1115,Adarsh Thomas,Ernakulam,Electronics,Smart Watch,1,4188,10,Net Banking,Returned
ONAM101457,2026-08-27,CUST1023,Hari Rajan,Malappuram,Electronics,Smart Watch,1,6166,10,Wallet,Delivered
ONAM101458,2026-08-15,CUST1473,Suresh Pillai,Kottayam,Gifts,Chocolate Box,8,1023,10,Net Banking,Delivered
ONAM101459,2026-08-08,CUST1245,Meera Joseph,Kollam,Gifts,Kitchen Set,1,3359,30,Credit Card,Returned
ONAM101460,2026-09-08,CUST1522,Vishnu Das,Alappuzha,Grocery,Rice,8,168,15,Wallet,Delivered
ONAM101461,2026-07-27,CUST1578,Divya Rajan,Kozhikode,Home Decor,Brass Lamp,5,4267,10,Net Banking,Delivered
ONAM101462,2026-08-09,CUST1107,Hari Thomas,Ernakulam,Electronics,Earbuds,3,6062,15,UPI,Delivered
ONAM101463,2026-09-02,CUST1314,Nithin Thomas,Wayanad,Electronics,Kitchen Appliance,2,4705,20,Cash,Delivered
ONAM101464,2026-08-31,CUST1520,Athira Pillai,Malappuram,Electronics,Kitchen Appliance,3,5441,10,Wallet,Delivered
ONAM101465,2026-08-20,CUST1550,Riya Das,Thrissur,Electronics,Bluetooth Speaker,6,3044,0,UPI,Delivered
ONAM101466,2026-08-01,CUST1001,Gokul Rajan,Thiruvananthapuram,Home Decor,Brass Lamp,2,3659,5,Net Banking,Delivered
ONAM101467,2026-08-13,CUST1162,Anjali Varma,Ernakulam,Gifts,Kitchen Set,6,2200,25,Cash,Delivered
ONAM101468,2026-08-25,CUST1516,Riya Rajan,Kollam,Electronics,Kitchen Appliance,2,10570,10,Wallet,Delivered
ONAM101469,2026-08-10,CUST1017,Lakshmi Pillai,Kochi,Home Decor,Pookalam Set,8,684,15,Credit Card,Cancelled
ONAM101470,2026-09-04,CUST1581,Meera Joseph,Thiruvananthapuram,Clothing,Mundu,2,1223,5,UPI,Delivered
ONAM101471,2026-08-05,CUST1372,Suresh Pillai,Alappuzha,Electronics,Earbuds,7,1885,15,Cash,Delivered
ONAM101472,2026-08-22,CUST1065,Meera Kumar,Wayanad,Home Decor,Wall Decor,6,1519,15,Net Banking,Delivered
ONAM101473,2026-08-10,CUST1461,Athira Krishnan,Ernakulam,Electronics,Bluetooth Speaker,3,4860,10,Wallet,Returned
ONAM101474,2026-08-30,CUST1574,Adarsh Pillai,Thrissur,Electronics,Kitchen Appliance,5,10063,20,Credit Card,Delivered
ONAM101475,2026-07-27,CUST1035,Gokul Kumar,Alappuzha,Gifts,Tea Gift Set,3,569,10,Credit Card,Delivered
ONAM101476,2026-08-11,CUST1221,Suresh Das,Alappuzha,Home Decor,Pookalam Set,7,186,20,UPI,Delivered
ONAM101477,2026-08-25,CUST1105,Hari Nair,Palakkad,Gifts,Tea Gift Set,6,1378,10,Cash,Delivered
ONAM101478,2026-09-02,CUST1084,Divya Das,Alappuzha,Gifts,Tea Gift Set,4,1173,10,Cash,Returned
ONAM101479,2026-08-23,CUST1457,Nithin Joseph,Kollam,Home Decor,Pookalam Set,7,235,25,UPI,Delivered
ONAM101480,2026-07-29,CUST1444,Hari Rajan,Wayanad,Grocery,Spices,8,535,0,UPI,Delivered
ONAM101481,2026-08-11,CUST1383,Vishnu Kumar,Thiruvananthapuram,Gifts,Chocolate Box,8,1151,20,Wallet,Delivered
ONAM101482,2026-09-01,CUST1013,Anjali Kumar,Kottayam,Gifts,Gift Hamper,7,2159,0,Wallet,Delivered
ONAM101483,2026-08-11,CUST1189,Anjali Rajan,Thrissur,Gifts,Dry Fruit Box,2,1316,20,Credit Card,Delivered
ONAM101484,2026-08-27,CUST1203,Rahul Thomas,Ernakulam,Gifts,Kitchen Set,1,1397,30,Credit Card,Delivered
ONAM101485,2026-08-14,CUST1398,Anjali Rajan,Kottayam,Home Decor,Brass Lamp,1,3265,15,Net Banking,Delivered
ONAM101486,2026-08-26,CUST1108,Riya Rajan,Alappuzha,Electronics,Bluetooth Speaker,1,1246,15,Credit Card,Delivered
ONAM101487,2026-07-31,CUST1018,Vishnu Nair,Palakkad,Gifts,Tea Gift Set,3,728,0,Net Banking,Delivered
ONAM101488,2026-08-23,CUST1053,Kavya Menon,Thiruvananthapuram,Gifts,Tea Gift Set,1,1640,20,Net Banking,Delivered
ONAM101489,2026-08-07,CUST1180,Meera Kumar,Kannur,Home Decor,Brass Lamp,3,941,5,Debit Card,Delivered
ONAM101490,2026-09-07,CUST1575,Athira Pillai,Kottayam,Grocery,Pickle,2,419,10,Net Banking,Delivered
ONAM101491,2026-08-11,CUST1152,Lakshmi Joseph,Kochi,Electronics,Power Bank,7,959,10,Net Banking,Cancelled
ONAM101492,2026-08-18,CUST1431,Adarsh Thomas,Kottayam,Grocery,Pickle,4,195,20,UPI,Delivered
ONAM101493,2026-09-07,CUST1356,Nithin Kumar,Malappuram,Electronics,Smart Watch,6,9702,20,UPI,Delivered
ONAM101494,2026-08-25,CUST1358,Gokul Nair,Thrissur,Electronics,Power Bank,4,1882,10,Net Banking,Delivered
ONAM101495,2026-08-04,CUST1207,Arun Nair,Alappuzha,Grocery,Pickle,6,250,25,Debit Card,Cancelled
ONAM101496,2026-08-24,CUST1169,Rahul Kumar,Kottayam,Grocery,Spices,6,721,30,Cash,Delivered
ONAM101497,2026-08-19,CUST1153,Kavya Kumar,Kottayam,Clothing,Kasavu Saree,4,2016,20,Credit Card,Delivered
ONAM101498,2026-08-20,CUST1038,Kavya Das,Ernakulam,Gifts,Tea Gift Set,6,910,10,Debit Card,Returned
ONAM101499,2026-08-10,CUST1430,Athira Krishnan,Wayanad,Clothing,Kurta,1,2411,15,Cash,Delivered
ONAM101500,2026-08-22,CUST1507,Neha Kumar,Palakkad,Clothing,Mundu,2,1268,15,Credit Card,Delivered
ONAM101501,2026-08-23,CUST1460,Gokul Das,Thrissur,Gifts,Chocolate Box,2,570,15,Credit Card,Returned
ONAM101502,2026-08-17,CUST1536,Anjali Menon,Kozhikode,Electronics,Smart Watch,5,4609,30,Wallet,Delivered
ONAM101503,2026-08-13,CUST1521,Hari Pillai,Kottayam,Home Decor,Pookalam Set,1,457,20,Debit Card,Delivered
ONAM101504,2026-08-12,CUST1564,Adarsh Kumar,Kozhikode,Grocery,Rice,7,436,5,Net Banking,Delivered
ONAM101505,2026-07-25,CUST1284,Akhil Krishnan,Alappuzha,Grocery,Rice,3,869,20,UPI,Delivered
ONAM101506,2026-09-06,CUST1133,Athira Krishnan,Thiruvananthapuram,Grocery,Coconut Oil,6,702,5,Net Banking,Delivered
ONAM101507,2026-08-22,CUST1575,Athira Varma,Wayanad,Electronics,Bluetooth Speaker,5,3677,25,Cash,Cancelled
ONAM101508,2026-08-07,CUST1376,Amal Das,Wayanad,Home Decor,Flower Vase,6,1087,20,UPI,Cancelled
ONAM101509,2026-08-08,CUST1342,Rahul Thomas,Wayanad,Electronics,Bluetooth Speaker,5,3400,10,Debit Card,Delivered
ONAM101510,2026-08-05,CUST1508,Nithin Joseph,Kollam,Grocery,Coconut Oil,3,155,0,UPI,Cancelled
ONAM101511,2026-08-28,CUST1421,Kavya Varma,Thiruvananthapuram,Grocery,Pickle,8,186,10,Net Banking,Delivered
ONAM101512,2026-07-30,CUST1073,Rahul Das,Palakkad,Gifts,Kitchen Set,2,2134,15,Credit Card,Delivered
ONAM101513,2026-08-03,CUST1164,Lakshmi Krishnan,Kottayam,Clothing,Onam Dress,5,2320,10,Debit Card,Delivered
ONAM101514,2026-08-08,CUST1247,Amal Das,Malappuram,Gifts,Tea Gift Set,8,1420,0,Debit Card,Delivered
ONAM101515,2026-07-26,CUST1354,Athira Joseph,Ernakulam,Electronics,Smart Watch,3,8244,10,Debit Card,Delivered
ONAM101516,2026-07-29,CUST1050,Athira Kumar,Wayanad,Home Decor,Wall Decor,5,665,0,Wallet,Delivered
ONAM101517,2026-07-26,CUST1574,Neha Joseph,Kochi,Grocery,Rice,6,463,10,Cash,Delivered
ONAM101518,2026-09-08,CUST1384,Rahul Joseph,Alappuzha,Gifts,Kitchen Set,8,2031,10,Debit Card,Delivered
ONAM101519,2026-09-07,CUST1518,Arun Kumar,Kannur,Grocery,Banana Chips,8,664,15,Cash,Delivered
ONAM101520,2026-07-30,CUST1144,Nithin Menon,Kollam,Gifts,Kitchen Set,6,1757,5,Debit Card,Delivered
ONAM101521,2026-08-14,CUST1062,Athira Pillai,Kochi,Clothing,Onam Dress,4,2617,0,Credit Card,Returned
ONAM101522,2026-09-01,CUST1501,Anjali Varma,Wayanad,Home Decor,Wall Decor,2,1693,15,Credit Card,Delivered
ONAM101523,2026-08-03,CUST1444,Nithin Pillai,Kochi,Grocery,Rice,5,805,5,Debit Card,Cancelled
ONAM101524,2026-08-16,CUST1446,Hari Joseph,Thiruvananthapuram,Gifts,Kitchen Set,1,3384,0,Cash,Delivered
ONAM101525,2026-09-01,CUST1223,Vishnu Das,Kannur,Clothing,Onam Dress,7,3333,25,Wallet,Delivered
ONAM101526,2026-08-12,CUST1062,Arun Krishnan,Thrissur,Gifts,Tea Gift Set,2,722,10,Credit Card,Cancelled
ONAM101527,2026-07-25,CUST1562,Gokul Pillai,Kollam,Electronics,Power Bank,5,3217,25,Wallet,Delivered
ONAM101528,2026-08-14,CUST1587,Meera Rajan,Kannur,Clothing,Kasavu Saree,6,2632,10,Wallet,Delivered
ONAM101529,2026-08-11,CUST1048,Lakshmi Rajan,Ernakulam,Clothing,Mundu,2,919,25,Debit Card,Delivered
ONAM101530,2026-08-29,CUST1196,Gokul Kumar,Thrissur,Electronics,Kitchen Appliance,2,3523,0,Credit Card,Delivered
ONAM101531,2026-09-01,CUST1377,Vishnu Das,Kochi,Home Decor,Wall Decor,7,702,25,Cash,Delivered
ONAM101532,2026-08-30,CUST1056,Athira Menon,Wayanad,Gifts,Gift Hamper,5,996,25,Debit Card,Cancelled
ONAM101533,2026-08-16,CUST1108,Meera Kumar,Ernakulam,Gifts,Tea Gift Set,6,1364,0,Cash,Delivered
ONAM101534,2026-08-25,CUST1502,Amal Menon,Ernakulam,Clothing,Mundu,7,1779,30,Wallet,Delivered
ONAM101535,2026-08-11,CUST1444,Nithin Das,Thrissur,Electronics,Kitchen Appliance,6,3528,0,Cash,Delivered
ONAM101536,2026-08-05,CUST1426,Vishnu Nair,Kochi,Clothing,Mundu,1,1508,0,Net Banking,Delivered
ONAM101537,2026-08-26,CUST1391,Gokul Menon,Malappuram,Gifts,Dry Fruit Box,5,1555,0,Credit Card,Delivered
ONAM101538,2026-08-28,CUST1587,Amal Pillai,Kannur,Electronics,Bluetooth Speaker,5,1596,10,UPI,Delivered
ONAM101539,2026-08-04,CUST1512,Anjali Pillai,Thrissur,Electronics,Kitchen Appliance,4,4304,10,Wallet,Delivered
ONAM101540,2026-08-02,CUST1225,Kavya Krishnan,Ernakulam,Gifts,Kitchen Set,1,2997,15,Wallet,Delivered
ONAM101541,2026-08-01,CUST1081,Kavya Krishnan,Thiruvananthapuram,Clothing,Kids Ethnic Wear,3,1132,25,Wallet,Delivered
ONAM101542,2026-07-30,CUST1478,Divya Krishnan,Thrissur,Home Decor,Wall Decor,3,904,15,Debit Card,Delivered
ONAM101543,2026-09-03,CUST1557,Amal Krishnan,Kannur,Electronics,Bluetooth Speaker,1,1733,30,Net Banking,Cancelled
ONAM101544,2026-08-30,CUST1587,Lakshmi Thomas,Ernakulam,Clothing,Kids Ethnic Wear,4,1221,10,Debit Card,Delivered
ONAM101545,2026-08-15,CUST1021,Meera Kumar,Thiruvananthapuram,Home Decor,Wall Decor,2,821,0,Debit Card,Delivered
ONAM101546,2026-08-16,CUST1475,Adarsh Das,Wayanad,Electronics,Kitchen Appliance,5,8241,25,Cash,Delivered
ONAM101547,2026-07-30,CUST1322,Nithin Nair,Malappuram,Grocery,Pickle,5,131,0,Cash,Delivered
ONAM101548,2026-08-12,CUST1325,Suresh Rajan,Kottayam,Gifts,Chocolate Box,6,1050,15,Wallet,Delivered
ONAM101549,2026-08-29,CUST1524,Adarsh Rajan,Thrissur,Gifts,Dry Fruit Box,5,1226,25,Cash,Delivered
ONAM101550,2026-09-06,CUST1360,Amal Menon,Ernakulam,Electronics,Smart Watch,7,6159,15,Wallet,Returned
ONAM101551,2026-09-04,CUST1505,Suresh Kumar,Thiruvananthapuram,Clothing,Kurta,7,1355,10,UPI,Cancelled
ONAM101552,2026-09-05,CUST1314,Lakshmi Krishnan,Kochi,Home Decor,Flower Vase,5,1049,25,Credit Card,Delivered
ONAM101553,2026-09-06,CUST1533,Arun Thomas,Wayanad,Grocery,Banana Chips,6,213,25,Wallet,Delivered
ONAM101554,2026-08-20,CUST1517,Arun Joseph,Kannur,Electronics,Earbuds,7,2771,5,Wallet,Delivered
ONAM101555,2026-08-04,CUST1281,Hari Nair,Kannur,Electronics,Earbuds,8,2331,15,Net Banking,Returned
ONAM101556,2026-07-26,CUST1330,Amal Joseph,Ernakulam,Clothing,Onam Dress,4,3078,30,Net Banking,Delivered
ONAM101557,2026-08-23,CUST1253,Rahul Joseph,Kollam,Grocery,Banana Chips,4,235,5,Debit Card,Delivered
ONAM101558,2026-08-06,CUST1142,Anjali Das,Kollam,Electronics,Earbuds,2,1295,15,Cash,Delivered
ONAM101559,2026-08-09,CUST1424,Anjali Thomas,Wayanad,Electronics,Earbuds,6,2202,5,UPI,Delivered
ONAM101560,2026-09-02,CUST1381,Amal Pillai,Palakkad,Home Decor,Table Decor,2,863,10,UPI,Delivered
ONAM101561,2026-08-09,CUST1154,Adarsh Kumar,Kottayam,Gifts,Tea Gift Set,1,1534,10,Wallet,Delivered
ONAM101562,2026-08-09,CUST1242,Neha Das,Thrissur,Electronics,Earbuds,1,6695,5,Cash,Delivered
ONAM101563,2026-08-25,CUST1211,Akhil Menon,Alappuzha,Clothing,Onam Dress,2,3263,30,Wallet,Returned
ONAM101564,2026-09-04,CUST1536,Akhil Menon,Wayanad,Electronics,Earbuds,8,2092,5,Credit Card,Delivered
ONAM101565,2026-09-02,CUST1300,Kavya Pillai,Malappuram,Electronics,Smart Watch,6,3745,15,Net Banking,Delivered
ONAM101566,2026-08-16,CUST1270,Hari Krishnan,Thrissur,Gifts,Chocolate Box,5,1372,25,UPI,Returned
ONAM101567,2026-08-17,CUST1106,Rahul Kumar,Kottayam,Clothing,Kids Ethnic Wear,2,1892,10,Credit Card,Delivered
ONAM101568,2026-08-19,CUST1530,Anjali Rajan,Kannur,Grocery,Coconut Oil,5,152,30,Net Banking,Delivered
ONAM101569,2026-08-27,CUST1566,Kavya Menon,Kannur,Grocery,Spices,4,660,5,Debit Card,Cancelled
ONAM101570,2026-09-08,CUST1346,Akhil Menon,Kollam,Home Decor,Brass Lamp,8,2090,25,Net Banking,Returned
ONAM101571,2026-07-30,CUST1139,Amal Kumar,Ernakulam,Home Decor,Wall Decor,1,512,30,Credit Card,Delivered
ONAM101572,2026-08-01,CUST1302,Gokul Kumar,Kottayam,Clothing,Kurta,7,995,25,Wallet,Delivered
ONAM101573,2026-08-22,CUST1199,Nithin Thomas,Wayanad,Electronics,Smart Watch,7,9324,25,Credit Card,Returned
ONAM101574,2026-09-04,CUST1297,Athira Menon,Ernakulam,Home Decor,Table Decor,7,466,5,Cash,Delivered
ONAM101575,2026-08-11,CUST1095,Vishnu Krishnan,Alappuzha,Grocery,Pickle,2,330,10,UPI,Delivered
ONAM101576,2026-08-04,CUST1059,Vishnu Varma,Kochi,Gifts,Gift Hamper,6,2253,10,UPI,Returned
ONAM101577,2026-08-16,CUST1509,Vishnu Das,Kochi,Home Decor,Table Decor,2,1118,5,Debit Card,Delivered
ONAM101578,2026-08-12,CUST1027,Hari Nair,Kottayam,Clothing,Mundu,6,763,10,Debit Card,Delivered
ONAM101579,2026-08-27,CUST1051,Athira Rajan,Thiruvananthapuram,Electronics,Smart Watch,6,9241,0,Debit Card,Delivered
ONAM101580,2026-09-06,CUST1031,Hari Thomas,Kottayam,Grocery,Pickle,2,454,10,Wallet,Returned
ONAM101581,2026-08-22,CUST1311,Rahul Kumar,Kannur,Electronics,Bluetooth Speaker,2,2573,0,Cash,Returned
ONAM101582,2026-08-07,CUST1383,Divya Nair,Ernakulam,Electronics,Kitchen Appliance,6,8181,10,Net Banking,Delivered
ONAM101583,2026-08-17,CUST1347,Divya Thomas,Kannur,Electronics,Earbuds,6,6130,25,Credit Card,Cancelled
ONAM101584,2026-08-24,CUST1044,Divya Das,Palakkad,Clothing,Kids Ethnic Wear,2,1515,10,Credit Card,Delivered
ONAM101585,2026-08-18,CUST1312,Amal Menon,Thrissur,Electronics,Power Bank,3,1192,20,Net Banking,Returned
ONAM101586,2026-08-18,CUST1505,Vishnu Nair,Kochi,Home Decor,Wall Decor,8,728,20,Wallet,Delivered
ONAM101587,2026-09-04,CUST1017,Anjali Das,Kollam,Home Decor,Pookalam Set,1,607,15,Net Banking,Returned
ONAM101588,2026-07-26,CUST1289,Meera Kumar,Thiruvananthapuram,Gifts,Gift Hamper,4,1634,25,Cash,Delivered
ONAM101589,2026-08-06,CUST1495,Kavya Rajan,Wayanad,Gifts,Chocolate Box,7,890,20,Net Banking,Delivered
ONAM101590,2026-08-10,CUST1163,Athira Menon,Thiruvananthapuram,Clothing,Kurta,8,773,25,Net Banking,Cancelled
ONAM101591,2026-08-04,CUST1140,Amal Rajan,Malappuram,Electronics,Kitchen Appliance,1,8608,5,Wallet,Returned
ONAM101592,2026-08-25,CUST1176,Neha Varma,Kannur,Grocery,Rice,8,539,10,Debit Card,Delivered
ONAM101593,2026-08-04,CUST1120,Amal Menon,Ernakulam,Clothing,Kids Ethnic Wear,2,2088,10,Debit Card,Returned
ONAM101594,2026-08-25,CUST1245,Kavya Pillai,Thiruvananthapuram,Gifts,Tea Gift Set,7,598,25,Debit Card,Delivered
ONAM101595,2026-08-08,CUST1091,Divya Nair,Kollam,Home Decor,Brass Lamp,4,1604,10,Cash,Delivered
ONAM101596,2026-07-29,CUST1310,Riya Krishnan,Kochi,Home Decor,Table Decor,2,591,5,Net Banking,Cancelled
ONAM101597,2026-08-14,CUST1322,Amal Pillai,Alappuzha,Clothing,Mundu,3,1120,20,Net Banking,Delivered
ONAM101598,2026-08-15,CUST1357,Adarsh Varma,Kozhikode,Electronics,Kitchen Appliance,1,9347,10,Credit Card,Cancelled
ONAM101599,2026-08-04,CUST1289,Hari Joseph,Kozhikode,Grocery,Coconut Oil,1,706,20,Net Banking,Delivered
ONAM101600,2026-07-26,CUST1302,Arun Kumar,Kochi,Home Decor,Wall Decor,7,1770,0,Credit Card,Delivered
ONAM101601,2026-09-01,CUST1596,Riya Menon,Wayanad,Grocery,Spices,4,1184,5,Wallet,Delivered
ONAM101602,2026-09-02,CUST1117,Neha Nair,Thrissur,Electronics,Earbuds,4,4997,10,UPI,Returned
ONAM101603,2026-08-08,CUST1212,Athira Rajan,Alappuzha,Home Decor,Table Decor,1,304,25,Credit Card,Cancelled
ONAM101604,2026-08-01,CUST1448,Suresh Pillai,Ernakulam,Home Decor,Wall Decor,5,720,15,Debit Card,Returned
ONAM101605,2026-08-29,CUST1592,Anjali Thomas,Kochi,Electronics,Bluetooth Speaker,3,1073,5,Debit Card,Delivered
ONAM101606,2026-09-06,CUST1525,Rahul Varma,Wayanad,Home Decor,Wall Decor,5,1781,5,Debit Card,Delivered
ONAM101607,2026-09-07,CUST1202,Rahul Pillai,Kottayam,Clothing,Mundu,2,1583,25,Debit Card,Delivered
ONAM101608,2026-07-31,CUST1133,Nithin Das,Kochi,Clothing,Mundu,8,1706,10,Debit Card,Returned
ONAM101609,2026-09-02,CUST1475,Meera Varma,Kottayam,Electronics,Bluetooth Speaker,7,3243,20,Cash,Returned
ONAM101610,2026-08-27,CUST1250,Meera Pillai,Kannur,Home Decor,Flower Vase,1,753,15,Debit Card,Cancelled
ONAM101611,2026-08-19,CUST1284,Athira Das,Kollam,Electronics,Smart Watch,3,2121,10,UPI,Returned
ONAM101612,2026-07-29,CUST1527,Riya Nair,Malappuram,Home Decor,Pookalam Set,3,679,0,Net Banking,Delivered
ONAM101613,2026-08-09,CUST1524,Neha Krishnan,Alappuzha,Grocery,Coconut Oil,2,555,20,Wallet,Delivered
ONAM101614,2026-08-30,CUST1417,Neha Rajan,Kannur,Home Decor,Brass Lamp,8,2508,15,Net Banking,Delivered
ONAM101615,2026-09-04,CUST1297,Gokul Kumar,Ernakulam,Clothing,Kids Ethnic Wear,4,635,25,UPI,Delivered
ONAM101616,2026-07-27,CUST1586,Divya Joseph,Kannur,Clothing,Kids Ethnic Wear,2,2147,20,Net Banking,Delivered
ONAM101617,2026-08-14,CUST1460,Vishnu Krishnan,Kozhikode,Grocery,Banana Chips,3,576,10,Net Banking,Delivered
ONAM101618,2026-08-04,CUST1134,Gokul Rajan,Thrissur,Grocery,Rice,1,612,5,Credit Card,Delivered
ONAM101619,2026-08-03,CUST1566,Nithin Rajan,Palakkad,Electronics,Earbuds,2,4105,20,Wallet,Delivered
ONAM101620,2026-08-22,CUST1592,Hari Rajan,Kochi,Gifts,Chocolate Box,1,331,10,Net Banking,Delivered
ONAM101621,2026-08-17,CUST1094,Gokul Krishnan,Kottayam,Grocery,Banana Chips,7,188,30,UPI,Delivered
ONAM101622,2026-07-28,CUST1044,Suresh Nair,Malappuram,Gifts,Dry Fruit Box,7,1248,20,UPI,Delivered
ONAM101623,2026-08-01,CUST1369,Divya Pillai,Kannur,Grocery,Spices,2,885,10,Net Banking,Delivered
ONAM101624,2026-07-28,CUST1366,Suresh Nair,Kozhikode,Grocery,Coconut Oil,3,366,25,UPI,Delivered
ONAM101625,2026-08-12,CUST1238,Akhil Rajan,Malappuram,Clothing,Kids Ethnic Wear,2,2032,20,UPI,Delivered
ONAM101626,2026-08-29,CUST1157,Riya Pillai,Wayanad,Electronics,Smart Watch,7,2971,30,Wallet,Delivered
ONAM101627,2026-08-03,CUST1392,Athira Nair,Kozhikode,Clothing,Kasavu Saree,2,2302,10,Wallet,Delivered
ONAM101628,2026-08-23,CUST1476,Amal Nair,Thrissur,Electronics,Power Bank,7,2093,10,Credit Card,Delivered
ONAM101629,2026-08-01,CUST1192,Neha Krishnan,Ernakulam,Gifts,Tea Gift Set,7,804,25,Net Banking,Delivered
ONAM101630,2026-07-25,CUST1307,Athira Kumar,Thiruvananthapuram,Clothing,Onam Dress,2,2732,30,Net Banking,Cancelled
ONAM101631,2026-08-24,CUST1381,Vishnu Thomas,Malappuram,Clothing,Kids Ethnic Wear,6,1294,10,UPI,Delivered
ONAM101632,2026-08-03,CUST1542,Vishnu Joseph,Wayanad,Clothing,Kasavu Saree,1,2871,25,Cash,Delivered
ONAM101633,2026-08-18,CUST1257,Amal Pillai,Kozhikode,Gifts,Kitchen Set,5,1212,5,Cash,Delivered
ONAM101634,2026-08-14,CUST1264,Divya Rajan,Kollam,Electronics,Smart Watch,6,1613,0,UPI,Delivered
ONAM101635,2026-09-03,CUST1056,Hari Thomas,Kozhikode,Gifts,Tea Gift Set,3,1608,20,Wallet,Returned
ONAM101636,2026-08-19,CUST1286,Riya Thomas,Malappuram,Electronics,Bluetooth Speaker,3,1808,30,Cash,Cancelled
ONAM101637,2026-08-15,CUST1291,Suresh Rajan,Malappuram,Clothing,Onam Dress,5,2738,10,Cash,Delivered
ONAM101638,2026-08-11,CUST1432,Neha Varma,Alappuzha,Home Decor,Flower Vase,3,1452,30,Net Banking,Delivered
ONAM101639,2026-09-08,CUST1110,Anjali Thomas,Kannur,Clothing,Onam Dress,5,1619,10,Credit Card,Delivered
ONAM101640,2026-07-27,CUST1286,Neha Thomas,Kottayam,Electronics,Earbuds,2,4348,10,Credit Card,Returned
ONAM101641,2026-08-12,CUST1216,Rahul Das,Kollam,Electronics,Kitchen Appliance,3,4767,30,Cash,Delivered
ONAM101642,2026-07-31,CUST1307,Athira Nair,Kannur,Home Decor,Flower Vase,4,273,10,Debit Card,Delivered
ONAM101643,2026-08-20,CUST1558,Nithin Krishnan,Malappuram,Clothing,Mundu,1,1163,20,Wallet,Returned
ONAM101644,2026-07-31,CUST1249,Vishnu Krishnan,Thrissur,Clothing,Kids Ethnic Wear,2,994,5,Credit Card,Delivered
ONAM101645,2026-08-13,CUST1090,Adarsh Nair,Palakkad,Gifts,Tea Gift Set,7,824,20,Cash,Delivered
ONAM101646,2026-08-21,CUST1593,Adarsh Kumar,Thiruvananthapuram,Electronics,Kitchen Appliance,1,8299,15,UPI,Delivered
ONAM101647,2026-07-28,CUST1352,Hari Pillai,Alappuzha,Clothing,Mundu,8,996,25,Wallet,Delivered
ONAM101648,2026-09-08,CUST1146,Meera Nair,Thrissur,Electronics,Earbuds,1,2511,15,Cash,Delivered
ONAM101649,2026-08-07,CUST1521,Nithin Das,Thiruvananthapuram,Grocery,Coconut Oil,8,402,20,Wallet,Delivered
ONAM101650,2026-08-16,CUST1037,Adarsh Thomas,Alappuzha,Electronics,Power Bank,6,1362,15,UPI,Cancelled
ONAM101651,2026-08-09,CUST1563,Athira Varma,Palakkad,Grocery,Coconut Oil,2,659,5,Net Banking,Delivered
ONAM101652,2026-08-04,CUST1402,Akhil Das,Ernakulam,Home Decor,Brass Lamp,2,1511,20,Cash,Delivered
ONAM101653,2026-07-28,CUST1342,Rahul Nair,Kozhikode,Home Decor,Table Decor,2,1085,15,Wallet,Delivered
ONAM101654,2026-09-08,CUST1373,Divya Menon,Alappuzha,Clothing,Mundu,8,772,5,Debit Card,Cancelled
ONAM101655,2026-09-02,CUST1164,Nithin Menon,Kochi,Gifts,Chocolate Box,6,1300,0,Net Banking,Returned
ONAM101656,2026-08-04,CUST1169,Rahul Das,Kannur,Electronics,Power Bank,5,1381,30,UPI,Delivered
ONAM101657,2026-08-02,CUST1176,Riya Pillai,Wayanad,Electronics,Smart Watch,7,9206,20,Wallet,Delivered
ONAM101658,2026-08-01,CUST1165,Nithin Nair,Wayanad,Gifts,Tea Gift Set,7,1605,20,UPI,Delivered
ONAM101659,2026-08-26,CUST1247,Lakshmi Pillai,Kozhikode,Electronics,Bluetooth Speaker,4,5261,5,Debit Card,Delivered
ONAM101660,2026-07-26,CUST1474,Gokul Krishnan,Malappuram,Clothing,Mundu,1,1065,0,Net Banking,Returned
ONAM101661,2026-08-17,CUST1077,Divya Nair,Kochi,Gifts,Chocolate Box,8,885,20,Net Banking,Delivered
ONAM101662,2026-08-03,CUST1234,Meera Krishnan,Thrissur,Home Decor,Pookalam Set,7,1057,10,Credit Card,Delivered
ONAM101663,2026-08-08,CUST1303,Divya Thomas,Kottayam,Electronics,Earbuds,8,6451,25,Credit Card,Delivered
ONAM101664,2026-09-04,CUST1383,Nithin Joseph,Kollam,Grocery,Rice,6,550,20,Net Banking,Delivered
ONAM101665,2026-08-09,CUST1452,Riya Pillai,Ernakulam,Clothing,Kasavu Saree,6,5192,25,UPI,Delivered
ONAM101666,2026-08-23,CUST1506,Meera Pillai,Kannur,Home Decor,Table Decor,7,771,15,Credit Card,Delivered
ONAM101667,2026-08-25,CUST1127,Neha Kumar,Kannur,Home Decor,Flower Vase,5,1472,25,Wallet,Delivered
ONAM101668,2026-07-28,CUST1162,Neha Menon,Thrissur,Grocery,Rice,4,269,30,UPI,Delivered
ONAM101669,2026-08-22,CUST1559,Suresh Joseph,Thiruvananthapuram,Grocery,Rice,6,389,30,Wallet,Cancelled
ONAM101670,2026-08-24,CUST1409,Anjali Varma,Alappuzha,Grocery,Coconut Oil,6,167,5,Net Banking,Delivered
ONAM101671,2026-08-08,CUST1527,Adarsh Menon,Ernakulam,Electronics,Bluetooth Speaker,7,4408,5,Wallet,Delivered
ONAM101672,2026-08-11,CUST1466,Lakshmi Joseph,Kozhikode,Electronics,Bluetooth Speaker,1,1670,20,Cash,Delivered
ONAM101673,2026-08-03,CUST1559,Athira Kumar,Alappuzha,Electronics,Smart Watch,5,7512,25,Credit Card,Delivered
ONAM101674,2026-08-16,CUST1355,Divya Menon,Thiruvananthapuram,Gifts,Gift Hamper,3,776,10,Net Banking,Delivered
ONAM101675,2026-08-12,CUST1286,Suresh Das,Alappuzha,Gifts,Kitchen Set,7,3489,30,Credit Card,Delivered
ONAM101676,2026-09-03,CUST1251,Suresh Menon,Kozhikode,Electronics,Earbuds,2,3830,0,UPI,Delivered
ONAM101677,2026-08-06,CUST1251,Amal Pillai,Thiruvananthapuram,Home Decor,Table Decor,8,1248,10,Credit Card,Delivered
ONAM101678,2026-08-20,CUST1362,Rahul Joseph,Wayanad,Gifts,Kitchen Set,4,1664,10,Credit Card,Delivered
ONAM101679,2026-08-06,CUST1437,Rahul Nair,Wayanad,Electronics,Earbuds,5,4006,5,Net Banking,Delivered
ONAM101680,2026-08-20,CUST1005,Riya Krishnan,Kannur,Home Decor,Table Decor,5,1451,10,UPI,Delivered
ONAM101681,2026-08-12,CUST1428,Vishnu Krishnan,Kannur,Clothing,Mundu,1,1369,25,UPI,Delivered
ONAM101682,2026-08-05,CUST1209,Vishnu Pillai,Kollam,Clothing,Mundu,7,575,25,Debit Card,Cancelled
ONAM101683,2026-08-29,CUST1267,Suresh Nair,Thiruvananthapuram,Electronics,Earbuds,3,1379,0,Credit Card,Delivered
ONAM101684,2026-07-29,CUST1206,Adarsh Krishnan,Kollam,Clothing,Mundu,2,1124,25,Credit Card,Cancelled
ONAM101685,2026-08-24,CUST1166,Anjali Pillai,Kozhikode,Gifts,Kitchen Set,5,3096,5,Debit Card,Cancelled
ONAM101686,2026-07-28,CUST1135,Riya Krishnan,Kozhikode,Grocery,Pickle,6,139,0,UPI,Delivered
ONAM101687,2026-08-11,CUST1549,Riya Thomas,Palakkad,Clothing,Kurta,3,2394,20,Debit Card,Delivered
ONAM101688,2026-09-05,CUST1569,Meera Pillai,Kottayam,Home Decor,Table Decor,2,1194,10,Net Banking,Delivered
ONAM101689,2026-08-15,CUST1277,Akhil Joseph,Ernakulam,Gifts,Gift Hamper,3,1773,10,Debit Card,Delivered
ONAM101690,2026-08-05,CUST1173,Nithin Thomas,Kochi,Clothing,Kasavu Saree,7,1313,25,UPI,Delivered
ONAM101691,2026-08-17,CUST1001,Neha Rajan,Ernakulam,Grocery,Spices,6,117,5,Cash,Delivered
ONAM101692,2026-08-22,CUST1128,Riya Thomas,Kottayam,Clothing,Kasavu Saree,1,5114,5,UPI,Delivered
ONAM101693,2026-08-09,CUST1067,Hari Thomas,Thrissur,Clothing,Kids Ethnic Wear,5,2125,25,UPI,Delivered
ONAM101694,2026-08-28,CUST1117,Meera Joseph,Palakkad,Electronics,Bluetooth Speaker,1,2759,10,Cash,Delivered
ONAM101695,2026-07-25,CUST1586,Suresh Nair,Malappuram,Gifts,Gift Hamper,1,1882,15,Wallet,Cancelled
ONAM101696,2026-09-05,CUST1438,Arun Krishnan,Kannur,Gifts,Kitchen Set,8,1300,5,Net Banking,Delivered
ONAM101697,2026-08-25,CUST1432,Riya Nair,Ernakulam,Grocery,Rice,8,234,0,Debit Card,Returned
ONAM101698,2026-08-08,CUST1584,Adarsh Krishnan,Malappuram,Gifts,Tea Gift Set,1,1289,10,Net Banking,Cancelled
ONAM101699,2026-09-03,CUST1571,Arun Das,Palakkad,Grocery,Banana Chips,5,339,25,UPI,Delivered
ONAM101700,2026-07-26,CUST1287,Suresh Thomas,Alappuzha,Electronics,Power Bank,2,1498,5,Net Banking,Delivered
ONAM101701,2026-08-28,CUST1054,Neha Rajan,Kottayam,Grocery,Coconut Oil,4,171,10,Credit Card,Delivered
ONAM101702,2026-08-31,CUST1216,Nithin Menon,Kozhikode,Clothing,Onam Dress,3,2806,10,UPI,Delivered
ONAM101703,2026-08-22,CUST1570,Rahul Nair,Thrissur,Electronics,Power Bank,1,2219,15,Credit Card,Delivered
ONAM101704,2026-08-07,CUST1224,Hari Nair,Thrissur,Grocery,Pickle,1,389,25,Cash,Delivered
ONAM101705,2026-08-28,CUST1074,Riya Thomas,Wayanad,Grocery,Spices,3,671,25,Debit Card,Delivered
ONAM101706,2026-07-26,CUST1288,Arun Kumar,Kochi,Grocery,Coconut Oil,3,700,30,Credit Card,Delivered
ONAM101707,2026-08-29,CUST1036,Lakshmi Rajan,Kottayam,Grocery,Rice,4,446,10,UPI,Delivered
ONAM101708,2026-08-03,CUST1322,Athira Nair,Kannur,Gifts,Dry Fruit Box,4,2768,20,Debit Card,Delivered
ONAM101709,2026-09-04,CUST1557,Adarsh Kumar,Palakkad,Clothing,Kurta,2,1536,30,Credit Card,Delivered
ONAM101710,2026-07-26,CUST1112,Amal Pillai,Wayanad,Gifts,Gift Hamper,6,463,15,Credit Card,Cancelled
ONAM101711,2026-08-13,CUST1150,Vishnu Thomas,Malappuram,Gifts,Kitchen Set,3,1687,15,Net Banking,Delivered
ONAM101712,2026-08-18,CUST1424,Anjali Krishnan,Kannur,Home Decor,Pookalam Set,5,557,15,Net Banking,Delivered
ONAM101713,2026-09-07,CUST1162,Hari Joseph,Ernakulam,Electronics,Kitchen Appliance,3,7990,5,Credit Card,Delivered
ONAM101714,2026-07-27,CUST1548,Rahul Nair,Kochi,Electronics,Kitchen Appliance,2,2751,15,Wallet,Delivered
ONAM101715,2026-08-21,CUST1041,Lakshmi Rajan,Kannur,Electronics,Bluetooth Speaker,1,5220,30,Debit Card,Delivered
ONAM101716,2026-08-23,CUST1466,Adarsh Varma,Thrissur,Gifts,Tea Gift Set,8,1441,0,Cash,Returned
ONAM101717,2026-07-29,CUST1218,Neha Das,Thiruvananthapuram,Home Decor,Brass Lamp,8,2936,15,UPI,Delivered
ONAM101718,2026-08-25,CUST1393,Athira Das,Ernakulam,Grocery,Spices,4,966,5,Cash,Cancelled
ONAM101719,2026-09-02,CUST1587,Gokul Nair,Kollam,Clothing,Mundu,2,450,30,Wallet,Delivered
ONAM101720,2026-08-10,CUST1081,Adarsh Menon,Kozhikode,Gifts,Tea Gift Set,6,446,5,Wallet,Delivered
ONAM101721,2026-08-02,CUST1594,Arun Menon,Palakkad,Gifts,Chocolate Box,4,339,10,Net Banking,Cancelled
ONAM101722,2026-08-28,CUST1573,Lakshmi Nair,Kozhikode,Gifts,Kitchen Set,3,2261,0,Credit Card,Cancelled
ONAM101723,2026-08-22,CUST1226,Riya Thomas,Thiruvananthapuram,Grocery,Spices,6,667,0,Debit Card,Delivered
ONAM101724,2026-08-29,CUST1468,Anjali Kumar,Thrissur,Home Decor,Pookalam Set,3,490,25,Cash,Delivered
ONAM101725,2026-08-20,CUST1013,Nithin Pillai,Kozhikode,Clothing,Kurta,6,1359,20,Cash,Cancelled
ONAM101726,2026-08-22,CUST1466,Meera Krishnan,Kannur,Home Decor,Flower Vase,4,506,20,Cash,Delivered
ONAM101727,2026-08-25,CUST1047,Hari Rajan,Kottayam,Grocery,Banana Chips,8,394,5,UPI,Delivered
ONAM101728,2026-08-05,CUST1380,Akhil Kumar,Kottayam,Grocery,Rice,8,117,15,Net Banking,Delivered
ONAM101729,2026-08-15,CUST1201,Akhil Das,Wayanad,Clothing,Kurta,2,1713,25,UPI,Delivered
ONAM101730,2026-08-13,CUST1426,Neha Nair,Kottayam,Gifts,Kitchen Set,6,1944,10,UPI,Returned
ONAM101731,2026-08-31,CUST1208,Athira Nair,Ernakulam,Clothing,Onam Dress,7,2925,15,Wallet,Cancelled
ONAM101732,2026-08-30,CUST1016,Gokul Krishnan,Wayanad,Clothing,Kasavu Saree,1,1649,20,Net Banking,Delivered
ONAM101733,2026-07-29,CUST1241,Suresh Pillai,Malappuram,Electronics,Bluetooth Speaker,8,5295,20,Debit Card,Returned
ONAM101734,2026-08-07,CUST1407,Anjali Varma,Kochi,Home Decor,Flower Vase,2,488,10,UPI,Delivered
ONAM101735,2026-08-22,CUST1133,Nithin Thomas,Palakkad,Grocery,Coconut Oil,2,879,20,UPI,Cancelled
ONAM101736,2026-09-07,CUST1228,Rahul Rajan,Wayanad,Gifts,Chocolate Box,6,480,20,Debit Card,Delivered
ONAM101737,2026-08-05,CUST1146,Anjali Thomas,Kozhikode,Home Decor,Table Decor,5,595,10,Credit Card,Returned
ONAM101738,2026-08-29,CUST1519,Athira Joseph,Kochi,Gifts,Chocolate Box,3,449,10,Cash,Delivered
ONAM101739,2026-09-01,CUST1179,Arun Das,Kozhikode,Clothing,Mundu,6,1540,20,Credit Card,Returned
ONAM101740,2026-08-09,CUST1363,Rahul Menon,Wayanad,Electronics,Earbuds,4,3199,20,Cash,Delivered
ONAM101741,2026-08-31,CUST1152,Suresh Menon,Alappuzha,Home Decor,Table Decor,8,1496,0,Credit Card,Delivered
ONAM101742,2026-07-25,CUST1106,Athira Menon,Thiruvananthapuram,Electronics,Earbuds,4,5655,30,Wallet,Returned
ONAM101743,2026-08-04,CUST1551,Divya Nair,Thiruvananthapuram,Electronics,Power Bank,4,2932,25,Wallet,Returned
ONAM101744,2026-08-06,CUST1433,Athira Kumar,Kannur,Gifts,Kitchen Set,4,2692,15,UPI,Returned
ONAM101745,2026-07-31,CUST1485,Meera Pillai,Thiruvananthapuram,Electronics,Earbuds,1,5701,0,Wallet,Returned
ONAM101746,2026-07-31,CUST1527,Nithin Krishnan,Kochi,Gifts,Tea Gift Set,8,1451,25,UPI,Cancelled
ONAM101747,2026-08-13,CUST1096,Neha Varma,Kottayam,Home Decor,Pookalam Set,5,445,5,Wallet,Delivered
ONAM101748,2026-08-06,CUST1348,Rahul Das,Kochi,Grocery,Spices,7,1131,10,Wallet,Delivered
ONAM101749,2026-08-30,CUST1437,Gokul Menon,Alappuzha,Clothing,Onam Dress,1,1106,5,Wallet,Cancelled
ONAM101750,2026-08-30,CUST1523,Vishnu Nair,Kottayam,Grocery,Coconut Oil,2,560,5,Credit Card,Delivered
ONAM101751,2026-09-02,CUST1048,Gokul Rajan,Kozhikode,Clothing,Kasavu Saree,5,5107,30,Net Banking,Delivered
ONAM101752,2026-08-18,CUST1321,Arun Krishnan,Ernakulam,Home Decor,Wall Decor,7,346,10,Wallet,Delivered
ONAM101753,2026-08-18,CUST1482,Athira Menon,Ernakulam,Electronics,Kitchen Appliance,3,8449,30,Cash,Delivered
ONAM101754,2026-09-07,CUST1295,Amal Varma,Kochi,Electronics,Power Bank,4,1091,0,Debit Card,Delivered
ONAM101755,2026-08-19,CUST1561,Vishnu Varma,Wayanad,Electronics,Kitchen Appliance,7,10125,5,Credit Card,Cancelled
ONAM101756,2026-08-17,CUST1567,Riya Das,Kochi,Clothing,Kids Ethnic Wear,6,870,10,Wallet,Delivered
ONAM101757,2026-09-03,CUST1225,Lakshmi Pillai,Kottayam,Gifts,Dry Fruit Box,7,2972,10,Wallet,Delivered
ONAM101758,2026-08-29,CUST1062,Gokul Nair,Alappuzha,Clothing,Kids Ethnic Wear,7,1819,10,Net Banking,Delivered
ONAM101759,2026-09-03,CUST1514,Anjali Pillai,Alappuzha,Home Decor,Brass Lamp,1,4482,10,Cash,Delivered
ONAM101760,2026-08-17,CUST1544,Gokul Krishnan,Kochi,Grocery,Spices,4,195,20,Net Banking,Delivered
ONAM101761,2026-08-25,CUST1405,Lakshmi Nair,Kochi,Electronics,Bluetooth Speaker,7,4866,15,Net Banking,Delivered
ONAM101762,2026-08-14,CUST1239,Rahul Rajan,Ernakulam,Clothing,Kids Ethnic Wear,3,1557,10,Cash,Delivered
ONAM101763,2026-07-26,CUST1218,Nithin Das,Kochi,Electronics,Kitchen Appliance,8,1541,0,Net Banking,Delivered
ONAM101764,2026-09-01,CUST1127,Nithin Nair,Kottayam,Clothing,Kasavu Saree,6,3572,30,Wallet,Cancelled
ONAM101765,2026-09-05,CUST1116,Arun Menon,Thrissur,Gifts,Dry Fruit Box,2,1869,25,Net Banking,Delivered
ONAM101766,2026-08-19,CUST1421,Neha Varma,Kochi,Home Decor,Table Decor,4,1559,30,Cash,Returned
ONAM101767,2026-08-07,CUST1132,Gokul Varma,Kottayam,Clothing,Kids Ethnic Wear,6,778,15,Cash,Cancelled
ONAM101768,2026-08-22,CUST1323,Adarsh Menon,Ernakulam,Clothing,Onam Dress,8,3261,15,UPI,Delivered
ONAM101769,2026-08-28,CUST1410,Vishnu Nair,Kannur,Clothing,Kurta,4,695,10,Net Banking,Delivered
ONAM101770,2026-07-31,CUST1600,Kavya Das,Alappuzha,Clothing,Kurta,1,2305,0,UPI,Returned
ONAM101771,2026-08-16,CUST1420,Nithin Pillai,Malappuram,Home Decor,Pookalam Set,2,512,0,Credit Card,Delivered
ONAM101772,2026-07-25,CUST1059,Hari Pillai,Kozhikode,Electronics,Kitchen Appliance,6,4824,0,Net Banking,Cancelled
ONAM101773,2026-08-04,CUST1557,Amal Rajan,Kannur,Electronics,Smart Watch,4,3949,20,Wallet,Delivered
ONAM101774,2026-08-25,CUST1514,Adarsh Rajan,Thiruvananthapuram,Grocery,Rice,6,217,15,Wallet,Delivered
ONAM101775,2026-08-19,CUST1336,Amal Krishnan,Wayanad,Gifts,Chocolate Box,7,930,30,Cash,Delivered
ONAM101776,2026-07-29,CUST1585,Adarsh Das,Ernakulam,Grocery,Coconut Oil,6,511,15,Debit Card,Cancelled
ONAM101777,2026-08-01,CUST1597,Gokul Rajan,Kollam,Electronics,Smart Watch,1,4515,20,Credit Card,Cancelled
ONAM101778,2026-08-26,CUST1538,Neha Das,Palakkad,Home Decor,Table Decor,5,273,10,Cash,Delivered
ONAM101779,2026-09-07,CUST1190,Adarsh Krishnan,Thiruvananthapuram,Electronics,Kitchen Appliance,4,4033,10,Net Banking,Delivered
ONAM101780,2026-07-27,CUST1026,Suresh Krishnan,Kannur,Gifts,Chocolate Box,6,313,25,Cash,Delivered
ONAM101781,2026-08-26,CUST1108,Vishnu Thomas,Kottayam,Gifts,Gift Hamper,2,1774,5,Credit Card,Delivered
ONAM101782,2026-08-20,CUST1378,Gokul Das,Kozhikode,Gifts,Tea Gift Set,7,1685,25,Credit Card,Returned
ONAM101783,2026-08-04,CUST1340,Kavya Menon,Palakkad,Clothing,Kasavu Saree,1,5538,0,Cash,Delivered
ONAM101784,2026-09-07,CUST1013,Vishnu Varma,Kochi,Clothing,Kasavu Saree,4,4702,10,Credit Card,Returned
ONAM101785,2026-08-25,CUST1439,Suresh Rajan,Kochi,Electronics,Smart Watch,5,1895,20,Debit Card,Returned
ONAM101786,2026-08-22,CUST1493,Amal Thomas,Malappuram,Clothing,Kasavu Saree,2,1353,0,UPI,Returned
ONAM101787,2026-08-17,CUST1248,Vishnu Varma,Wayanad,Electronics,Bluetooth Speaker,1,3318,20,UPI,Delivered
ONAM101788,2026-08-27,CUST1011,Gokul Krishnan,Kannur,Gifts,Dry Fruit Box,2,2484,30,Debit Card,Delivered
ONAM101789,2026-08-01,CUST1447,Divya Krishnan,Kollam,Electronics,Kitchen Appliance,6,5377,25,Cash,Delivered
ONAM101790,2026-08-10,CUST1209,Nithin Kumar,Malappuram,Home Decor,Wall Decor,8,1205,0,Debit Card,Delivered
ONAM101791,2026-08-23,CUST1206,Gokul Varma,Ernakulam,Grocery,Coconut Oil,8,336,10,UPI,Delivered
ONAM101792,2026-08-01,CUST1176,Meera Nair,Alappuzha,Clothing,Kurta,8,1006,5,Wallet,Delivered
ONAM101793,2026-08-25,CUST1467,Lakshmi Joseph,Kannur,Gifts,Kitchen Set,6,1660,10,Cash,Cancelled
ONAM101794,2026-08-26,CUST1525,Adarsh Pillai,Kottayam,Home Decor,Pookalam Set,7,1016,30,UPI,Delivered
ONAM101795,2026-09-06,CUST1323,Gokul Varma,Kottayam,Clothing,Kasavu Saree,8,2059,30,UPI,Cancelled
ONAM101796,2026-09-06,CUST1293,Nithin Joseph,Wayanad,Home Decor,Wall Decor,6,1796,30,Cash,Delivered
ONAM101797,2026-08-29,CUST1086,Akhil Das,Kollam,Home Decor,Pookalam Set,4,660,15,Debit Card,Returned
ONAM101798,2026-08-22,CUST1355,Divya Rajan,Ernakulam,Grocery,Banana Chips,4,640,5,Credit Card,Delivered
ONAM101799,2026-08-24,CUST1397,Gokul Das,Palakkad,Electronics,Power Bank,2,3060,25,UPI,Delivered
ONAM101800,2026-08-06,CUST1532,Amal Nair,Kochi,Grocery,Rice,7,788,10,Net Banking,Delivered
ONAM101801,2026-07-29,CUST1578,Rahul Pillai,Wayanad,Clothing,Onam Dress,6,3294,10,Net Banking,Delivered
ONAM101802,2026-08-25,CUST1492,Adarsh Menon,Thrissur,Clothing,Onam Dress,4,2980,25,Cash,Delivered
ONAM101803,2026-08-02,CUST1400,Akhil Thomas,Ernakulam,Clothing,Kurta,6,878,15,Wallet,Returned
ONAM101804,2026-08-22,CUST1596,Neha Thomas,Kannur,Clothing,Mundu,3,1540,0,UPI,Cancelled
ONAM101805,2026-08-22,CUST1495,Akhil Krishnan,Thrissur,Grocery,Rice,2,756,5,Net Banking,Delivered
ONAM101806,2026-09-04,CUST1600,Hari Kumar,Kochi,Electronics,Smart Watch,7,5840,25,Wallet,Cancelled
ONAM101807,2026-08-01,CUST1522,Riya Varma,Thrissur,Grocery,Banana Chips,4,139,5,Cash,Delivered
ONAM101808,2026-09-06,CUST1537,Rahul Varma,Thrissur,Home Decor,Table Decor,1,763,10,Wallet,Delivered
ONAM101809,2026-08-27,CUST1102,Riya Pillai,Kozhikode,Clothing,Kasavu Saree,5,4975,30,Credit Card,Delivered
ONAM101810,2026-08-09,CUST1049,Rahul Krishnan,Thrissur,Gifts,Kitchen Set,5,995,10,UPI,Delivered
ONAM101811,2026-08-20,CUST1250,Adarsh Menon,Thiruvananthapuram,Clothing,Kasavu Saree,8,3841,10,Net Banking,Delivered
ONAM101812,2026-08-23,CUST1098,Kavya Joseph,Kottayam,Clothing,Kurta,2,1380,10,Wallet,Delivered
ONAM101813,2026-08-02,CUST1234,Vishnu Rajan,Wayanad,Electronics,Power Bank,1,884,5,Debit Card,Delivered
ONAM101814,2026-08-18,CUST1207,Meera Thomas,Palakkad,Home Decor,Flower Vase,7,381,15,Credit Card,Delivered
ONAM101815,2026-09-05,CUST1377,Neha Kumar,Kozhikode,Grocery,Spices,7,721,30,Wallet,Delivered
ONAM101816,2026-08-10,CUST1271,Anjali Menon,Kozhikode,Grocery,Spices,2,521,0,Debit Card,Delivered
ONAM101817,2026-08-04,CUST1590,Arun Varma,Kottayam,Electronics,Bluetooth Speaker,2,5097,15,Credit Card,Delivered
ONAM101818,2026-09-04,CUST1029,Lakshmi Nair,Malappuram,Gifts,Tea Gift Set,2,1499,0,Debit Card,Delivered
ONAM101819,2026-08-22,CUST1487,Adarsh Krishnan,Thiruvananthapuram,Home Decor,Brass Lamp,5,885,10,Net Banking,Delivered
ONAM101820,2026-08-10,CUST1326,Adarsh Menon,Thiruvananthapuram,Gifts,Gift Hamper,4,2194,5,UPI,Delivered
ONAM101821,2026-07-25,CUST1096,Rahul Nair,Kozhikode,Gifts,Kitchen Set,8,748,10,Debit Card,Cancelled
ONAM101822,2026-08-21,CUST1528,Kavya Das,Alappuzha,Grocery,Pickle,7,309,15,Debit Card,Delivered
ONAM101823,2026-08-15,CUST1568,Hari Rajan,Ernakulam,Electronics,Earbuds,1,3951,20,Cash,Returned
ONAM101824,2026-08-19,CUST1286,Akhil Pillai,Alappuzha,Clothing,Kids Ethnic Wear,6,1685,5,Cash,Delivered
ONAM101825,2026-08-17,CUST1130,Arun Krishnan,Palakkad,Home Decor,Pookalam Set,4,484,30,Debit Card,Delivered
ONAM101826,2026-08-09,CUST1118,Hari Joseph,Malappuram,Grocery,Banana Chips,1,133,20,Credit Card,Returned
ONAM101827,2026-08-14,CUST1097,Adarsh Pillai,Thiruvananthapuram,Gifts,Gift Hamper,2,544,15,Net Banking,Delivered
ONAM101828,2026-08-14,CUST1586,Meera Rajan,Thrissur,Home Decor,Table Decor,8,864,5,Debit Card,Delivered
ONAM101829,2026-07-29,CUST1552,Akhil Das,Malappuram,Gifts,Dry Fruit Box,8,1059,10,UPI,Delivered
ONAM101830,2026-07-25,CUST1409,Gokul Thomas,Wayanad,Grocery,Pickle,2,489,15,Debit Card,Delivered
ONAM101831,2026-09-07,CUST1140,Neha Varma,Malappuram,Gifts,Kitchen Set,1,1816,15,Cash,Delivered
ONAM101832,2026-08-23,CUST1260,Neha Pillai,Wayanad,Gifts,Tea Gift Set,7,1202,10,Credit Card,Delivered
ONAM101833,2026-07-26,CUST1417,Adarsh Nair,Kottayam,Electronics,Power Bank,7,3222,25,UPI,Delivered
ONAM101834,2026-08-22,CUST1451,Nithin Das,Kottayam,Home Decor,Table Decor,6,1301,0,Cash,Returned
ONAM101835,2026-07-26,CUST1495,Hari Menon,Kozhikode,Grocery,Banana Chips,8,259,15,Wallet,Delivered
ONAM101836,2026-08-27,CUST1170,Anjali Menon,Thiruvananthapuram,Home Decor,Wall Decor,1,1464,5,Debit Card,Delivered
ONAM101837,2026-08-01,CUST1225,Anjali Das,Kozhikode,Gifts,Kitchen Set,2,3446,0,Credit Card,Cancelled
ONAM101838,2026-08-25,CUST1516,Amal Nair,Malappuram,Home Decor,Pookalam Set,8,966,20,Debit Card,Returned
ONAM101839,2026-07-29,CUST1242,Adarsh Pillai,Thrissur,Electronics,Bluetooth Speaker,1,3862,30,Net Banking,Delivered
ONAM101840,2026-07-29,CUST1169,Arun Pillai,Kochi,Clothing,Onam Dress,5,1971,15,Wallet,Delivered
ONAM101841,2026-08-18,CUST1556,Kavya Nair,Palakkad,Electronics,Smart Watch,6,7756,0,Debit Card,Delivered
ONAM101842,2026-08-23,CUST1365,Riya Pillai,Kannur,Electronics,Smart Watch,4,2624,0,Cash,Delivered
ONAM101843,2026-08-15,CUST1298,Adarsh Menon,Kochi,Electronics,Kitchen Appliance,4,10903,10,Wallet,Cancelled
ONAM101844,2026-08-06,CUST1479,Nithin Das,Thiruvananthapuram,Clothing,Kids Ethnic Wear,3,1493,10,UPI,Delivered
ONAM101845,2026-08-27,CUST1469,Arun Rajan,Ernakulam,Electronics,Smart Watch,8,1555,10,Cash,Delivered
ONAM101846,2026-07-26,CUST1174,Gokul Varma,Kottayam,Home Decor,Table Decor,6,969,0,Debit Card,Delivered
ONAM101847,2026-09-04,CUST1358,Kavya Krishnan,Alappuzha,Grocery,Spices,1,750,30,Cash,Delivered
ONAM101848,2026-09-08,CUST1182,Riya Joseph,Palakkad,Electronics,Bluetooth Speaker,3,1364,25,Debit Card,Returned
ONAM101849,2026-09-04,CUST1409,Akhil Pillai,Kozhikode,Grocery,Rice,5,118,30,Net Banking,Returned
ONAM101850,2026-07-27,CUST1440,Rahul Nair,Kozhikode,Home Decor,Table Decor,6,1381,25,Cash,Delivered
ONAM101851,2026-07-26,CUST1422,Suresh Joseph,Kozhikode,Clothing,Kurta,7,2265,20,UPI,Delivered
ONAM101852,2026-07-28,CUST1338,Vishnu Varma,Kannur,Clothing,Onam Dress,8,2190,10,Credit Card,Delivered
ONAM101853,2026-09-03,CUST1048,Rahul Varma,Malappuram,Home Decor,Wall Decor,4,819,30,UPI,Delivered
ONAM101854,2026-08-27,CUST1064,Arun Menon,Alappuzha,Home Decor,Table Decor,6,1311,10,UPI,Cancelled
ONAM101855,2026-08-13,CUST1350,Riya Kumar,Kottayam,Grocery,Pickle,3,349,20,UPI,Delivered
ONAM101856,2026-08-10,CUST1406,Anjali Kumar,Kochi,Home Decor,Pookalam Set,4,481,10,UPI,Cancelled
ONAM101857,2026-08-26,CUST1080,Adarsh Pillai,Ernakulam,Clothing,Mundu,2,1450,20,Cash,Delivered
ONAM101858,2026-08-17,CUST1113,Akhil Thomas,Thiruvananthapuram,Grocery,Rice,5,141,25,Wallet,Delivered
ONAM101859,2026-08-31,CUST1284,Akhil Rajan,Kochi,Home Decor,Pookalam Set,8,913,0,Wallet,Returned
ONAM101860,2026-08-26,CUST1072,Athira Das,Ernakulam,Electronics,Earbuds,7,4810,5,Credit Card,Cancelled
ONAM101861,2026-08-26,CUST1230,Anjali Joseph,Thrissur,Home Decor,Table Decor,6,1245,25,Credit Card,Cancelled
ONAM101862,2026-08-06,CUST1543,Rahul Pillai,Alappuzha,Home Decor,Brass Lamp,1,3400,5,Debit Card,Returned
ONAM101863,2026-08-14,CUST1400,Arun Thomas,Ernakulam,Home Decor,Flower Vase,4,481,30,Cash,Cancelled
ONAM101864,2026-08-15,CUST1154,Anjali Pillai,Kollam,Home Decor,Brass Lamp,1,676,10,UPI,Delivered
ONAM101865,2026-08-07,CUST1543,Neha Nair,Kozhikode,Grocery,Coconut Oil,4,809,25,Credit Card,Delivered
ONAM101866,2026-08-09,CUST1091,Athira Pillai,Wayanad,Grocery,Banana Chips,5,187,5,Net Banking,Delivered
ONAM101867,2026-08-12,CUST1226,Hari Pillai,Alappuzha,Home Decor,Flower Vase,5,563,30,Wallet,Delivered
ONAM101868,2026-08-30,CUST1515,Meera Rajan,Alappuzha,Gifts,Dry Fruit Box,1,2661,10,Credit Card,Cancelled
ONAM101869,2026-08-29,CUST1028,Amal Thomas,Kollam,Gifts,Dry Fruit Box,5,988,10,UPI,Delivered
ONAM101870,2026-08-07,CUST1048,Neha Das,Wayanad,Grocery,Spices,8,1140,0,UPI,Delivered
ONAM101871,2026-08-05,CUST1334,Nithin Das,Palakkad,Gifts,Dry Fruit Box,7,2042,10,Credit Card,Returned
ONAM101872,2026-08-25,CUST1586,Anjali Pillai,Alappuzha,Home Decor,Pookalam Set,4,195,30,UPI,Returned
ONAM101873,2026-07-26,CUST1071,Athira Krishnan,Kottayam,Grocery,Coconut Oil,1,738,5,Debit Card,Delivered
ONAM101874,2026-08-25,CUST1509,Rahul Joseph,Malappuram,Grocery,Pickle,3,210,0,Wallet,Delivered
ONAM101875,2026-08-08,CUST1025,Amal Menon,Kottayam,Clothing,Mundu,7,1245,0,Debit Card,Delivered
ONAM101876,2026-09-02,CUST1473,Gokul Varma,Thiruvananthapuram,Electronics,Kitchen Appliance,6,6425,5,Cash,Delivered
ONAM101877,2026-08-27,CUST1237,Hari Menon,Kannur,Gifts,Chocolate Box,6,628,30,Debit Card,Delivered
ONAM101878,2026-09-05,CUST1287,Rahul Menon,Thrissur,Electronics,Power Bank,1,2610,30,Credit Card,Cancelled
ONAM101879,2026-08-16,CUST1055,Akhil Das,Thiruvananthapuram,Gifts,Chocolate Box,6,592,5,Net Banking,Delivered
ONAM101880,2026-08-13,CUST1187,Lakshmi Pillai,Palakkad,Electronics,Smart Watch,2,7049,10,Net Banking,Cancelled
ONAM101881,2026-08-08,CUST1053,Hari Menon,Ernakulam,Clothing,Kasavu Saree,8,5950,15,Net Banking,Delivered
ONAM101882,2026-08-28,CUST1414,Suresh Nair,Thrissur,Grocery,Coconut Oil,8,737,10,Cash,Delivered
ONAM101883,2026-08-15,CUST1320,Athira Thomas,Kannur,Gifts,Chocolate Box,3,1098,10,Debit Card,Cancelled
ONAM101884,2026-08-09,CUST1091,Riya Krishnan,Kollam,Gifts,Chocolate Box,2,441,0,Wallet,Delivered
ONAM101885,2026-08-10,CUST1075,Amal Krishnan,Ernakulam,Electronics,Power Bank,7,2732,10,Debit Card,Cancelled
ONAM101886,2026-08-14,CUST1135,Adarsh Kumar,Kochi,Gifts,Tea Gift Set,4,1627,15,UPI,Returned
ONAM101887,2026-09-08,CUST1352,Akhil Pillai,Malappuram,Grocery,Coconut Oil,4,467,0,Credit Card,Delivered
ONAM101888,2026-08-05,CUST1041,Arun Nair,Kottayam,Electronics,Kitchen Appliance,1,11584,15,Wallet,Delivered
ONAM101889,2026-08-20,CUST1408,Divya Pillai,Kottayam,Clothing,Mundu,4,1601,20,Cash,Delivered
ONAM101890,2026-08-31,CUST1292,Gokul Menon,Wayanad,Home Decor,Flower Vase,2,782,25,UPI,Delivered
ONAM101891,2026-08-24,CUST1525,Amal Rajan,Kozhikode,Home Decor,Table Decor,5,452,10,Net Banking,Delivered
ONAM101892,2026-08-04,CUST1133,Arun Nair,Thiruvananthapuram,Electronics,Kitchen Appliance,1,11928,30,Debit Card,Returned
ONAM101893,2026-08-26,CUST1243,Neha Rajan,Kozhikode,Home Decor,Wall Decor,2,918,0,Debit Card,Delivered
ONAM101894,2026-08-04,CUST1539,Divya Nair,Kozhikode,Gifts,Chocolate Box,8,446,10,Net Banking,Returned
ONAM101895,2026-09-02,CUST1371,Neha Nair,Palakkad,Clothing,Onam Dress,5,1319,10,Wallet,Delivered
ONAM101896,2026-07-30,CUST1157,Meera Menon,Palakkad,Electronics,Power Bank,3,866,15,Credit Card,Delivered
ONAM101897,2026-08-19,CUST1396,Neha Nair,Alappuzha,Gifts,Tea Gift Set,1,852,10,Cash,Cancelled
ONAM101898,2026-08-11,CUST1261,Rahul Das,Malappuram,Grocery,Spices,7,798,15,Credit Card,Delivered
ONAM101899,2026-09-04,CUST1464,Anjali Joseph,Palakkad,Home Decor,Wall Decor,7,1313,25,Debit Card,Delivered
ONAM101900,2026-07-31,CUST1164,Anjali Menon,Kozhikode,Home Decor,Brass Lamp,3,1296,10,Debit Card,Delivered
ONAM101901,2026-08-03,CUST1433,Nithin Menon,Kochi,Home Decor,Wall Decor,6,1053,20,Wallet,Delivered
ONAM101902,2026-08-08,CUST1497,Hari Kumar,Palakkad,Home Decor,Table Decor,1,942,10,Credit Card,Delivered
ONAM101903,2026-09-04,CUST1232,Suresh Thomas,Kannur,Gifts,Tea Gift Set,2,1539,20,Net Banking,Delivered
ONAM101904,2026-08-26,CUST1428,Rahul Joseph,Kannur,Gifts,Dry Fruit Box,5,2876,30,UPI,Returned
ONAM101905,2026-08-28,CUST1484,Akhil Rajan,Alappuzha,Home Decor,Brass Lamp,4,933,15,UPI,Returned
ONAM101906,2026-08-07,CUST1075,Suresh Joseph,Kochi,Gifts,Tea Gift Set,7,803,0,Debit Card,Delivered
ONAM101907,2026-08-25,CUST1460,Lakshmi Kumar,Thiruvananthapuram,Clothing,Kurta,1,605,15,Wallet,Delivered
ONAM101908,2026-08-28,CUST1093,Neha Rajan,Thrissur,Clothing,Kurta,8,759,30,UPI,Delivered
ONAM101909,2026-08-19,CUST1433,Amal Krishnan,Kottayam,Electronics,Earbuds,5,3378,10,Debit Card,Delivered
ONAM101910,2026-09-03,CUST1072,Suresh Das,Kollam,Gifts,Dry Fruit Box,1,1408,5,Cash,Delivered
ONAM101911,2026-09-04,CUST1163,Riya Pillai,Kozhikode,Clothing,Kurta,8,1772,15,UPI,Delivered
ONAM101912,2026-08-17,CUST1390,Vishnu Kumar,Thrissur,Grocery,Pickle,5,304,10,Credit Card,Delivered
ONAM101913,2026-09-03,CUST1108,Anjali Nair,Kozhikode,Grocery,Coconut Oil,5,836,20,Wallet,Delivered
ONAM101914,2026-08-08,CUST1335,Athira Krishnan,Alappuzha,Clothing,Onam Dress,6,3158,0,Net Banking,Cancelled
ONAM101915,2026-07-28,CUST1295,Akhil Menon,Kochi,Gifts,Chocolate Box,1,716,10,Net Banking,Cancelled
ONAM101916,2026-08-23,CUST1007,Suresh Joseph,Alappuzha,Home Decor,Wall Decor,2,816,25,Cash,Delivered
ONAM101917,2026-08-07,CUST1271,Kavya Das,Thrissur,Grocery,Coconut Oil,5,789,25,Credit Card,Delivered
ONAM101918,2026-08-14,CUST1451,Kavya Das,Ernakulam,Electronics,Bluetooth Speaker,1,1924,10,UPI,Delivered
ONAM101919,2026-07-30,CUST1372,Anjali Varma,Malappuram,Home Decor,Table Decor,3,853,30,Credit Card,Delivered
ONAM101920,2026-07-31,CUST1128,Akhil Das,Alappuzha,Home Decor,Wall Decor,3,534,5,Net Banking,Delivered
ONAM101921,2026-07-27,CUST1210,Meera Joseph,Malappuram,Electronics,Smart Watch,1,4228,20,Cash,Delivered
ONAM101922,2026-08-29,CUST1525,Rahul Varma,Kozhikode,Grocery,Rice,1,520,10,Credit Card,Delivered
ONAM101923,2026-07-29,CUST1072,Lakshmi Kumar,Malappuram,Gifts,Dry Fruit Box,4,2048,15,Debit Card,Delivered
ONAM101924,2026-08-31,CUST1422,Meera Menon,Thrissur,Home Decor,Table Decor,8,1331,15,Credit Card,Delivered
ONAM101925,2026-07-25,CUST1022,Amal Nair,Kochi,Grocery,Spices,8,858,15,Wallet,Delivered
ONAM101926,2026-08-20,CUST1532,Arun Nair,Thiruvananthapuram,Grocery,Pickle,3,229,25,Net Banking,Cancelled
ONAM101927,2026-07-27,CUST1261,Neha Kumar,Kottayam,Home Decor,Pookalam Set,3,693,15,Credit Card,Delivered
ONAM101928,2026-08-27,CUST1163,Suresh Rajan,Wayanad,Home Decor,Table Decor,5,1030,25,Wallet,Delivered
ONAM101929,2026-07-25,CUST1210,Lakshmi Varma,Alappuzha,Grocery,Spices,3,659,0,UPI,Delivered
ONAM101930,2026-07-29,CUST1354,Suresh Rajan,Wayanad,Electronics,Earbuds,4,1956,15,Credit Card,Delivered
ONAM101931,2026-09-06,CUST1558,Hari Varma,Kochi,Electronics,Kitchen Appliance,6,8385,0,Cash,Delivered
ONAM101932,2026-08-29,CUST1463,Gokul Das,Kochi,Home Decor,Table Decor,3,238,5,UPI,Delivered
ONAM101933,2026-08-14,CUST1238,Amal Kumar,Thiruvananthapuram,Home Decor,Table Decor,4,747,15,UPI,Delivered
ONAM101934,2026-09-03,CUST1032,Hari Pillai,Alappuzha,Grocery,Spices,4,348,5,Debit Card,Delivered
ONAM101935,2026-09-03,CUST1596,Gokul Rajan,Ernakulam,Electronics,Smart Watch,3,3094,20,Cash,Cancelled
ONAM101936,2026-07-25,CUST1178,Hari Pillai,Ernakulam,Gifts,Chocolate Box,7,831,5,Cash,Delivered
ONAM101937,2026-09-06,CUST1040,Athira Krishnan,Alappuzha,Electronics,Smart Watch,4,4026,15,Cash,Returned
ONAM101938,2026-08-02,CUST1508,Rahul Joseph,Malappuram,Electronics,Bluetooth Speaker,3,5155,10,Credit Card,Delivered
ONAM101939,2026-08-10,CUST1019,Meera Nair,Kannur,Gifts,Dry Fruit Box,8,548,15,Credit Card,Delivered
ONAM101940,2026-08-08,CUST1338,Rahul Krishnan,Kochi,Clothing,Mundu,6,1348,0,UPI,Delivered
ONAM101941,2026-08-17,CUST1469,Suresh Das,Kannur,Electronics,Bluetooth Speaker,8,1544,15,Debit Card,Cancelled
ONAM101942,2026-09-06,CUST1409,Neha Thomas,Thrissur,Home Decor,Flower Vase,3,1026,10,Net Banking,Delivered
ONAM101943,2026-08-14,CUST1408,Arun Kumar,Kottayam,Home Decor,Wall Decor,6,566,10,UPI,Cancelled
ONAM101944,2026-08-05,CUST1427,Akhil Pillai,Ernakulam,Home Decor,Pookalam Set,3,630,10,UPI,Delivered
ONAM101945,2026-08-31,CUST1145,Anjali Thomas,Ernakulam,Home Decor,Pookalam Set,2,175,15,Credit Card,Returned
ONAM101946,2026-08-01,CUST1354,Athira Thomas,Alappuzha,Grocery,Banana Chips,5,543,20,UPI,Delivered
ONAM101947,2026-08-25,CUST1080,Divya Rajan,Kollam,Clothing,Kasavu Saree,4,4893,30,Net Banking,Delivered
ONAM101948,2026-07-27,CUST1438,Arun Thomas,Kannur,Clothing,Kurta,8,677,15,Debit Card,Delivered
ONAM101949,2026-08-24,CUST1263,Vishnu Joseph,Kozhikode,Grocery,Pickle,8,487,20,Net Banking,Delivered
ONAM101950,2026-08-22,CUST1061,Amal Joseph,Thrissur,Gifts,Gift Hamper,1,2337,10,Credit Card,Cancelled
ONAM101951,2026-09-06,CUST1122,Hari Kumar,Kottayam,Electronics,Kitchen Appliance,1,11120,25,Cash,Cancelled
ONAM101952,2026-08-25,CUST1021,Arun Pillai,Kannur,Home Decor,Table Decor,2,278,30,Net Banking,Cancelled
ONAM101953,2026-08-15,CUST1071,Riya Das,Thiruvananthapuram,Grocery,Coconut Oil,8,623,30,UPI,Delivered
ONAM101954,2026-07-25,CUST1045,Neha Das,Alappuzha,Grocery,Rice,2,460,25,Wallet,Delivered
ONAM101955,2026-09-05,CUST1474,Arun Pillai,Wayanad,Grocery,Pickle,5,457,0,Wallet,Delivered
ONAM101956,2026-08-24,CUST1057,Meera Nair,Alappuzha,Home Decor,Flower Vase,8,759,5,Credit Card,Delivered
ONAM101957,2026-09-02,CUST1204,Neha Das,Kannur,Grocery,Pickle,8,170,10,Cash,Delivered
ONAM101958,2026-07-29,CUST1314,Neha Pillai,Kannur,Home Decor,Flower Vase,8,226,10,Net Banking,Delivered
ONAM101959,2026-08-31,CUST1090,Kavya Varma,Thiruvananthapuram,Home Decor,Brass Lamp,4,2229,5,UPI,Delivered
ONAM101960,2026-08-02,CUST1308,Nithin Krishnan,Kannur,Clothing,Onam Dress,7,2358,5,UPI,Cancelled
ONAM101961,2026-08-14,CUST1497,Suresh Pillai,Palakkad,Clothing,Kids Ethnic Wear,2,1029,25,Debit Card,Delivered
ONAM101962,2026-08-02,CUST1035,Arun Pillai,Thrissur,Clothing,Kids Ethnic Wear,5,1299,15,Wallet,Cancelled
ONAM101963,2026-08-29,CUST1280,Meera Krishnan,Ernakulam,Home Decor,Flower Vase,5,445,30,Cash,Delivered
ONAM101964,2026-08-23,CUST1117,Neha Pillai,Thrissur,Grocery,Coconut Oil,3,386,10,Credit Card,Returned
ONAM101965,2026-08-23,CUST1412,Rahul Varma,Ernakulam,Gifts,Gift Hamper,4,2361,30,Credit Card,Delivered
ONAM101966,2026-07-25,CUST1547,Kavya Krishnan,Kollam,Gifts,Kitchen Set,7,1134,20,Wallet,Delivered
ONAM101967,2026-09-04,CUST1451,Vishnu Kumar,Ernakulam,Electronics,Power Bank,4,3231,10,Net Banking,Returned
ONAM101968,2026-08-13,CUST1500,Riya Pillai,Palakkad,Clothing,Mundu,1,1745,25,Net Banking,Delivered
ONAM101969,2026-08-10,CUST1027,Divya Pillai,Alappuzha,Electronics,Smart Watch,7,5393,5,UPI,Delivered
ONAM101970,2026-08-15,CUST1524,Suresh Joseph,Wayanad,Gifts,Tea Gift Set,6,1683,15,Credit Card,Returned
ONAM101971,2026-07-25,CUST1340,Adarsh Nair,Kollam,Grocery,Rice,4,837,20,Debit Card,Cancelled
ONAM101972,2026-07-31,CUST1525,Vishnu Rajan,Malappuram,Electronics,Smart Watch,8,9734,25,Net Banking,Returned
ONAM101973,2026-08-18,CUST1168,Divya Pillai,Palakkad,Clothing,Kurta,2,1163,20,Credit Card,Delivered
ONAM101974,2026-08-08,CUST1468,Divya Varma,Kollam,Gifts,Dry Fruit Box,7,2987,5,Wallet,Returned
ONAM101975,2026-07-25,CUST1221,Meera Rajan,Ernakulam,Clothing,Kurta,1,809,20,UPI,Returned
ONAM101976,2026-08-11,CUST1288,Adarsh Krishnan,Kochi,Gifts,Kitchen Set,7,2716,10,Debit Card,Delivered
ONAM101977,2026-07-25,CUST1078,Amal Pillai,Palakkad,Home Decor,Wall Decor,2,666,5,Credit Card,Delivered
ONAM101978,2026-09-03,CUST1152,Amal Das,Ernakulam,Electronics,Earbuds,7,5922,25,Net Banking,Delivered
ONAM101979,2026-08-01,CUST1592,Lakshmi Nair,Kozhikode,Electronics,Power Bank,6,1188,20,Debit Card,Cancelled
ONAM101980,2026-08-21,CUST1357,Anjali Kumar,Kottayam,Electronics,Power Bank,5,773,30,Debit Card,Delivered
ONAM101981,2026-08-11,CUST1226,Nithin Menon,Malappuram,Electronics,Kitchen Appliance,4,10059,20,Cash,Delivered
ONAM101982,2026-09-03,CUST1191,Meera Menon,Palakkad,Clothing,Onam Dress,2,1742,0,Net Banking,Delivered
ONAM101983,2026-09-05,CUST1470,Suresh Das,Thrissur,Electronics,Bluetooth Speaker,1,1903,0,Credit Card,Returned
ONAM101984,2026-09-03,CUST1151,Lakshmi Das,Malappuram,Home Decor,Flower Vase,2,1349,0,Net Banking,Delivered
ONAM101985,2026-07-28,CUST1222,Athira Menon,Wayanad,Gifts,Chocolate Box,3,1467,5,Debit Card,Delivered
ONAM101986,2026-07-31,CUST1199,Arun Joseph,Wayanad,Home Decor,Brass Lamp,7,3086,25,Net Banking,Delivered
ONAM101987,2026-08-10,CUST1252,Kavya Menon,Ernakulam,Gifts,Kitchen Set,7,2549,10,Cash,Delivered
ONAM101988,2026-09-08,CUST1248,Divya Krishnan,Palakkad,Clothing,Kasavu Saree,5,2184,10,Net Banking,Delivered
ONAM101989,2026-08-08,CUST1160,Hari Joseph,Kottayam,Electronics,Power Bank,4,2166,0,UPI,Delivered
ONAM101990,2026-08-04,CUST1416,Vishnu Rajan,Kannur,Grocery,Pickle,8,171,30,Wallet,Delivered
ONAM101991,2026-07-28,CUST1402,Nithin Kumar,Kochi,Home Decor,Wall Decor,2,398,25,Cash,Delivered
ONAM101992,2026-08-03,CUST1115,Nithin Rajan,Kottayam,Home Decor,Wall Decor,8,1766,10,Wallet,Returned
ONAM101993,2026-08-13,CUST1016,Suresh Nair,Wayanad,Clothing,Mundu,3,1666,0,Wallet,Delivered
ONAM101994,2026-07-30,CUST1035,Akhil Rajan,Kozhikode,Home Decor,Flower Vase,7,342,25,Wallet,Delivered
ONAM101995,2026-07-30,CUST1363,Adarsh Thomas,Kannur,Grocery,Pickle,8,196,25,Net Banking,Delivered
ONAM101996,2026-08-24,CUST1085,Neha Varma,Palakkad,Gifts,Dry Fruit Box,6,1035,30,Debit Card,Delivered
ONAM101997,2026-08-20,CUST1502,Divya Pillai,Malappuram,Gifts,Chocolate Box,2,679,10,Cash,Delivered
ONAM101998,2026-09-05,CUST1004,Lakshmi Das,Kottayam,Grocery,Rice,6,137,10,Net Banking,Cancelled
ONAM101999,2026-08-13,CUST1244,Riya Menon,Kollam,Gifts,Chocolate Box,8,412,5,Credit Card,Delivered
ONAM102000,2026-07-27,CUST1064,Riya Joseph,Thrissur,Clothing,Kurta,5,1026,25,Net Banking,Delivered
ONAM102001,2026-07-28,CUST1455,Nithin Kumar,Thiruvananthapuram,Home Decor,Pookalam Set,3,363,5,Debit Card,Delivered
ONAM102002,2026-08-31,CUST1543,Adarsh Rajan,Kottayam,Home Decor,Table Decor,7,473,25,Wallet,Cancelled
ONAM102003,2026-09-07,CUST1589,Rahul Varma,Kollam,Home Decor,Pookalam Set,1,164,30,Wallet,Returned
ONAM102004,2026-08-19,CUST1423,Rahul Varma,Palakkad,Clothing,Kasavu Saree,4,2541,15,UPI,Delivered
ONAM102005,2026-09-07,CUST1584,Rahul Kumar,Kottayam,Home Decor,Flower Vase,4,395,10,UPI,Cancelled
ONAM102006,2026-08-22,CUST1049,Akhil Joseph,Wayanad,Electronics,Kitchen Appliance,6,2269,15,Cash,Delivered
ONAM102007,2026-08-22,CUST1173,Akhil Kumar,Thiruvananthapuram,Grocery,Pickle,2,167,30,Debit Card,Delivered
ONAM102008,2026-08-22,CUST1365,Arun Das,Alappuzha,Grocery,Coconut Oil,8,663,10,Cash,Returned
ONAM102009,2026-09-05,CUST1345,Neha Rajan,Kozhikode,Home Decor,Pookalam Set,2,240,0,Cash,Delivered
ONAM102010,2026-08-30,CUST1572,Meera Krishnan,Alappuzha,Clothing,Kids Ethnic Wear,3,2059,10,Credit Card,Delivered
ONAM102011,2026-08-09,CUST1389,Riya Rajan,Ernakulam,Gifts,Dry Fruit Box,3,1441,5,Debit Card,Delivered
ONAM102012,2026-08-20,CUST1006,Nithin Das,Kottayam,Clothing,Kurta,4,2130,30,Wallet,Delivered
ONAM102013,2026-08-26,CUST1010,Rahul Nair,Kottayam,Gifts,Kitchen Set,2,2209,30,Credit Card,Delivered
ONAM102014,2026-08-20,CUST1458,Akhil Kumar,Thiruvananthapuram,Grocery,Pickle,4,351,0,Credit Card,Delivered
ONAM102015,2026-08-12,CUST1428,Nithin Thomas,Thiruvananthapuram,Electronics,Bluetooth Speaker,4,4479,10,Cash,Delivered
ONAM102016,2026-08-15,CUST1280,Adarsh Das,Kollam,Grocery,Pickle,6,219,5,Cash,Delivered
ONAM102017,2026-08-12,CUST1232,Amal Nair,Ernakulam,Clothing,Kids Ethnic Wear,5,1793,15,Net Banking,Delivered
ONAM102018,2026-08-11,CUST1031,Rahul Joseph,Thrissur,Gifts,Tea Gift Set,1,1458,15,UPI,Delivered
ONAM102019,2026-08-21,CUST1188,Riya Thomas,Ernakulam,Gifts,Tea Gift Set,2,1645,20,Debit Card,Delivered
ONAM102020,2026-08-07,CUST1565,Gokul Pillai,Thrissur,Electronics,Bluetooth Speaker,1,3901,0,Cash,Returned
ONAM102021,2026-08-09,CUST1100,Hari Varma,Alappuzha,Gifts,Dry Fruit Box,1,1010,10,Debit Card,Delivered
ONAM102022,2026-08-30,CUST1261,Akhil Menon,Kozhikode,Gifts,Dry Fruit Box,5,1868,20,Credit Card,Delivered
ONAM102023,2026-08-12,CUST1033,Amal Kumar,Thiruvananthapuram,Clothing,Kurta,4,660,0,Debit Card,Delivered
ONAM102024,2026-08-25,CUST1097,Hari Kumar,Ernakulam,Home Decor,Pookalam Set,8,519,10,Debit Card,Delivered
ONAM102025,2026-07-27,CUST1504,Lakshmi Nair,Alappuzha,Clothing,Mundu,2,1055,20,Net Banking,Delivered
ONAM102026,2026-08-07,CUST1518,Vishnu Nair,Thrissur,Clothing,Kids Ethnic Wear,1,1899,5,Wallet,Delivered
ONAM102027,2026-08-04,CUST1344,Anjali Das,Kochi,Clothing,Onam Dress,4,1245,25,Credit Card,Cancelled
ONAM102028,2026-09-05,CUST1444,Lakshmi Krishnan,Kochi,Electronics,Power Bank,1,1469,10,Debit Card,Delivered
ONAM102029,2026-08-15,CUST1561,Nithin Varma,Palakkad,Home Decor,Flower Vase,4,920,15,Net Banking,Delivered
ONAM102030,2026-08-30,CUST1235,Gokul Varma,Ernakulam,Gifts,Chocolate Box,1,1164,15,Debit Card,Delivered
ONAM102031,2026-08-15,CUST1088,Arun Joseph,Kannur,Gifts,Dry Fruit Box,6,626,0,Debit Card,Delivered
ONAM102032,2026-09-02,CUST1103,Hari Rajan,Ernakulam,Electronics,Kitchen Appliance,3,6361,30,Cash,Delivered
ONAM102033,2026-07-27,CUST1576,Athira Varma,Ernakulam,Home Decor,Pookalam Set,4,567,20,Net Banking,Cancelled
ONAM102034,2026-08-21,CUST1370,Neha Kumar,Kochi,Grocery,Rice,7,200,20,Wallet,Delivered
ONAM102035,2026-08-27,CUST1224,Arun Das,Kannur,Home Decor,Brass Lamp,1,974,10,Net Banking,Delivered
ONAM102036,2026-08-26,CUST1499,Athira Varma,Malappuram,Home Decor,Table Decor,2,597,10,Credit Card,Returned
ONAM102037,2026-09-07,CUST1205,Rahul Varma,Thiruvananthapuram,Clothing,Kids Ethnic Wear,8,1302,25,Credit Card,Delivered
ONAM102038,2026-08-18,CUST1307,Hari Joseph,Kochi,Electronics,Smart Watch,2,4330,0,Net Banking,Delivered
ONAM102039,2026-07-25,CUST1030,Hari Pillai,Wayanad,Electronics,Power Bank,4,878,10,Net Banking,Delivered
ONAM102040,2026-08-25,CUST1597,Amal Joseph,Kollam,Clothing,Onam Dress,1,1289,10,Debit Card,Delivered
ONAM102041,2026-08-21,CUST1085,Lakshmi Menon,Palakkad,Gifts,Tea Gift Set,7,1653,30,UPI,Returned
ONAM102042,2026-09-05,CUST1567,Anjali Joseph,Malappuram,Grocery,Banana Chips,7,631,10,UPI,Delivered
ONAM102043,2026-08-01,CUST1208,Hari Menon,Ernakulam,Clothing,Kids Ethnic Wear,3,1542,25,UPI,Delivered
ONAM102044,2026-09-04,CUST1289,Gokul Menon,Ernakulam,Gifts,Chocolate Box,7,705,10,UPI,Delivered
ONAM102045,2026-08-03,CUST1286,Rahul Nair,Ernakulam,Grocery,Rice,2,573,10,Credit Card,Returned
ONAM102046,2026-08-22,CUST1415,Nithin Varma,Palakkad,Gifts,Gift Hamper,5,545,10,UPI,Cancelled
ONAM102047,2026-07-28,CUST1382,Riya Das,Kozhikode,Grocery,Pickle,4,178,5,Debit Card,Delivered
ONAM102048,2026-09-07,CUST1161,Athira Das,Ernakulam,Grocery,Pickle,7,82,10,Credit Card,Delivered
ONAM102049,2026-08-17,CUST1571,Riya Pillai,Kannur,Grocery,Coconut Oil,3,637,30,Credit Card,Cancelled
ONAM102050,2026-08-03,CUST1190,Nithin Joseph,Wayanad,Home Decor,Wall Decor,4,1336,15,Net Banking,Delivered
ONAM102051,2026-08-03,CUST1006,Divya Nair,Kollam,Clothing,Mundu,1,745,10,Credit Card,Delivered
ONAM102052,2026-08-25,CUST1102,Lakshmi Thomas,Alappuzha,Clothing,Mundu,6,1437,10,Net Banking,Delivered
ONAM102053,2026-07-28,CUST1052,Athira Rajan,Thrissur,Home Decor,Wall Decor,1,913,10,Net Banking,Delivered
ONAM102054,2026-09-01,CUST1161,Meera Nair,Kozhikode,Gifts,Chocolate Box,8,277,20,Debit Card,Delivered
ONAM102055,2026-08-08,CUST1248,Divya Nair,Kannur,Grocery,Rice,8,584,15,Cash,Delivered
ONAM102056,2026-07-28,CUST1531,Riya Kumar,Kollam,Grocery,Spices,4,466,10,Cash,Delivered
ONAM102057,2026-08-13,CUST1339,Anjali Varma,Kollam,Grocery,Spices,6,998,25,Cash,Delivered
ONAM102058,2026-07-28,CUST1255,Lakshmi Thomas,Kottayam,Home Decor,Flower Vase,2,730,15,Debit Card,Delivered
ONAM102059,2026-07-28,CUST1276,Amal Varma,Kannur,Gifts,Tea Gift Set,1,1502,25,Debit Card,Cancelled
ONAM102060,2026-07-31,CUST1295,Akhil Das,Kozhikode,Gifts,Tea Gift Set,5,1644,0,Wallet,Delivered
ONAM102061,2026-08-11,CUST1590,Akhil Kumar,Kollam,Home Decor,Flower Vase,6,1426,10,Cash,Delivered
ONAM102062,2026-07-26,CUST1001,Arun Nair,Kozhikode,Home Decor,Flower Vase,4,543,15,Credit Card,Delivered
ONAM102063,2026-08-23,CUST1223,Riya Kumar,Kannur,Home Decor,Wall Decor,5,1269,0,Wallet,Delivered
ONAM102064,2026-07-28,CUST1036,Suresh Krishnan,Kollam,Electronics,Kitchen Appliance,5,7389,20,Credit Card,Delivered
ONAM102065,2026-08-01,CUST1478,Neha Pillai,Wayanad,Home Decor,Pookalam Set,1,442,15,UPI,Cancelled
ONAM102066,2026-09-01,CUST1172,Athira Varma,Thiruvananthapuram,Home Decor,Table Decor,3,325,25,Credit Card,Delivered
ONAM102067,2026-08-01,CUST1413,Riya Menon,Thiruvananthapuram,Gifts,Dry Fruit Box,6,1116,15,Cash,Delivered
ONAM102068,2026-08-15,CUST1388,Nithin Krishnan,Palakkad,Gifts,Kitchen Set,2,2233,15,UPI,Cancelled
ONAM102069,2026-08-07,CUST1519,Nithin Rajan,Kozhikode,Grocery,Spices,6,862,15,Cash,Delivered
ONAM102070,2026-08-16,CUST1458,Suresh Kumar,Kannur,Grocery,Coconut Oil,7,742,15,Net Banking,Delivered
ONAM102071,2026-08-01,CUST1204,Vishnu Varma,Thrissur,Electronics,Bluetooth Speaker,5,1990,5,Credit Card,Delivered
ONAM102072,2026-08-31,CUST1442,Athira Joseph,Thrissur,Grocery,Rice,1,780,15,Net Banking,Delivered
ONAM102073,2026-08-11,CUST1163,Riya Joseph,Ernakulam,Grocery,Coconut Oil,2,870,15,Debit Card,Delivered
ONAM102074,2026-09-08,CUST1328,Arun Thomas,Ernakulam,Gifts,Tea Gift Set,4,1023,10,Wallet,Delivered
ONAM102075,2026-08-02,CUST1341,Kavya Varma,Alappuzha,Clothing,Mundu,8,993,25,Debit Card,Delivered
ONAM102076,2026-08-11,CUST1351,Vishnu Menon,Alappuzha,Grocery,Pickle,5,204,20,Net Banking,Delivered
ONAM102077,2026-08-17,CUST1210,Amal Thomas,Palakkad,Electronics,Kitchen Appliance,7,4369,15,Credit Card,Returned
ONAM102078,2026-08-11,CUST1360,Kavya Menon,Palakkad,Gifts,Dry Fruit Box,7,757,20,Wallet,Delivered
ONAM102079,2026-08-24,CUST1558,Hari Krishnan,Thiruvananthapuram,Clothing,Mundu,3,1763,25,Net Banking,Delivered
ONAM102080,2026-08-24,CUST1426,Riya Krishnan,Kollam,Grocery,Rice,3,678,0,Net Banking,Cancelled
ONAM102081,2026-08-07,CUST1566,Athira Nair,Thrissur,Home Decor,Table Decor,8,438,20,Net Banking,Delivered
ONAM102082,2026-08-11,CUST1388,Arun Joseph,Malappuram,Clothing,Mundu,3,1351,30,UPI,Delivered
ONAM102083,2026-07-27,CUST1390,Riya Rajan,Thiruvananthapuram,Gifts,Gift Hamper,5,919,25,Debit Card,Returned
ONAM102084,2026-08-25,CUST1073,Riya Pillai,Palakkad,Gifts,Dry Fruit Box,7,2559,20,UPI,Cancelled
ONAM102085,2026-08-11,CUST1246,Lakshmi Thomas,Ernakulam,Gifts,Kitchen Set,1,2563,30,Cash,Delivered
ONAM102086,2026-08-31,CUST1451,Riya Krishnan,Alappuzha,Clothing,Onam Dress,1,1794,10,Net Banking,Delivered
ONAM102087,2026-08-27,CUST1207,Adarsh Krishnan,Kollam,Grocery,Coconut Oil,4,197,20,UPI,Delivered
ONAM102088,2026-08-03,CUST1187,Arun Nair,Wayanad,Clothing,Kurta,4,2090,10,Debit Card,Delivered
ONAM102089,2026-08-13,CUST1438,Hari Menon,Kollam,Home Decor,Brass Lamp,3,4335,0,UPI,Delivered
ONAM102090,2026-08-08,CUST1384,Amal Joseph,Thiruvananthapuram,Electronics,Kitchen Appliance,2,2194,10,Debit Card,Returned
ONAM102091,2026-08-03,CUST1119,Gokul Rajan,Kochi,Electronics,Earbuds,2,5205,0,UPI,Returned
ONAM102092,2026-09-02,CUST1454,Riya Nair,Kozhikode,Home Decor,Brass Lamp,2,1052,10,UPI,Cancelled
ONAM102093,2026-08-24,CUST1305,Akhil Krishnan,Malappuram,Grocery,Pickle,8,236,5,Net Banking,Delivered
ONAM102094,2026-08-02,CUST1387,Lakshmi Rajan,Kochi,Grocery,Coconut Oil,2,494,30,Debit Card,Delivered
ONAM102095,2026-08-14,CUST1329,Akhil Varma,Kozhikode,Electronics,Bluetooth Speaker,2,2821,20,Net Banking,Delivered
ONAM102096,2026-08-29,CUST1129,Gokul Thomas,Thrissur,Home Decor,Wall Decor,6,937,25,UPI,Delivered
ONAM102097,2026-08-04,CUST1268,Vishnu Krishnan,Alappuzha,Electronics,Bluetooth Speaker,8,3210,20,Credit Card,Delivered
ONAM102098,2026-08-27,CUST1473,Neha Nair,Kozhikode,Grocery,Coconut Oil,5,631,0,Net Banking,Returned
ONAM102099,2026-07-28,CUST1142,Divya Menon,Ernakulam,Clothing,Onam Dress,3,3035,25,Wallet,Delivered
ONAM102100,2026-08-25,CUST1071,Meera Das,Kozhikode,Clothing,Mundu,1,1416,10,UPI,Delivered
ONAM102101,2026-08-10,CUST1558,Neha Menon,Thiruvananthapuram,Grocery,Pickle,4,459,5,Net Banking,Returned
ONAM102102,2026-09-06,CUST1374,Nithin Menon,Alappuzha,Home Decor,Brass Lamp,2,2107,15,Debit Card,Cancelled
ONAM102103,2026-07-31,CUST1321,Suresh Kumar,Kannur,Gifts,Chocolate Box,3,1128,25,Debit Card,Delivered
ONAM102104,2026-09-01,CUST1517,Neha Das,Alappuzha,Home Decor,Pookalam Set,1,299,10,Net Banking,Delivered
ONAM102105,2026-09-04,CUST1026,Athira Thomas,Ernakulam,Gifts,Chocolate Box,6,987,5,Net Banking,Delivered
ONAM102106,2026-07-31,CUST1161,Anjali Varma,Kannur,Gifts,Gift Hamper,2,1810,0,Wallet,Delivered
ONAM102107,2026-08-14,CUST1582,Suresh Joseph,Thrissur,Home Decor,Flower Vase,7,267,20,UPI,Returned
ONAM102108,2026-08-27,CUST1124,Suresh Das,Alappuzha,Home Decor,Pookalam Set,1,226,10,UPI,Returned
ONAM102109,2026-09-05,CUST1566,Arun Rajan,Kannur,Grocery,Spices,2,1042,0,Debit Card,Returned
ONAM102110,2026-08-14,CUST1078,Riya Kumar,Malappuram,Gifts,Tea Gift Set,7,891,20,Credit Card,Delivered
ONAM102111,2026-08-27,CUST1364,Amal Varma,Kottayam,Electronics,Earbuds,7,1635,15,Cash,Delivered
ONAM102112,2026-08-21,CUST1361,Anjali Varma,Ernakulam,Home Decor,Table Decor,7,701,30,UPI,Delivered
ONAM102113,2026-08-19,CUST1155,Riya Rajan,Kannur,Clothing,Mundu,1,1346,10,UPI,Returned
ONAM102114,2026-07-30,CUST1401,Nithin Krishnan,Alappuzha,Clothing,Onam Dress,4,2878,20,Credit Card,Delivered
ONAM102115,2026-09-06,CUST1559,Nithin Menon,Malappuram,Electronics,Smart Watch,3,6231,10,Wallet,Delivered
ONAM102116,2026-07-28,CUST1373,Suresh Nair,Kozhikode,Gifts,Chocolate Box,4,1310,15,Credit Card,Delivered
ONAM102117,2026-07-29,CUST1151,Nithin Das,Kannur,Grocery,Banana Chips,1,378,15,UPI,Delivered
ONAM102118,2026-07-29,CUST1478,Neha Das,Kannur,Electronics,Power Bank,4,766,15,Cash,Delivered
ONAM102119,2026-08-29,CUST1352,Kavya Nair,Kochi,Clothing,Onam Dress,6,2385,5,Credit Card,Delivered
ONAM102120,2026-08-24,CUST1405,Hari Joseph,Thrissur,Home Decor,Flower Vase,2,1097,30,UPI,Delivered
ONAM102121,2026-07-30,CUST1050,Suresh Pillai,Kozhikode,Home Decor,Table Decor,6,770,20,Debit Card,Delivered
ONAM102122,2026-09-06,CUST1179,Divya Nair,Malappuram,Clothing,Onam Dress,7,2495,15,Net Banking,Delivered
ONAM102123,2026-08-20,CUST1333,Meera Pillai,Kollam,Home Decor,Table Decor,2,402,20,Debit Card,Delivered
ONAM102124,2026-07-30,CUST1017,Arun Rajan,Kottayam,Home Decor,Table Decor,6,318,0,Wallet,Cancelled
ONAM102125,2026-08-08,CUST1552,Meera Kumar,Kottayam,Clothing,Kurta,3,2011,0,Wallet,Returned
ONAM102126,2026-08-11,CUST1236,Athira Rajan,Kottayam,Clothing,Kurta,6,2062,0,Cash,Delivered
ONAM102127,2026-08-03,CUST1386,Adarsh Kumar,Kochi,Clothing,Mundu,3,1576,30,Wallet,Delivered
ONAM102128,2026-08-19,CUST1530,Nithin Nair,Thrissur,Gifts,Dry Fruit Box,1,2449,10,Net Banking,Delivered
ONAM102129,2026-09-03,CUST1086,Meera Pillai,Malappuram,Home Decor,Brass Lamp,8,4112,30,UPI,Delivered
ONAM102130,2026-08-17,CUST1532,Nithin Das,Kochi,Electronics,Smart Watch,6,7605,15,UPI,Delivered
ONAM102131,2026-08-02,CUST1296,Lakshmi Menon,Kollam,Gifts,Dry Fruit Box,5,2076,15,Net Banking,Cancelled
ONAM102132,2026-07-31,CUST1245,Gokul Varma,Thiruvananthapuram,Home Decor,Brass Lamp,3,4203,15,Net Banking,Returned
ONAM102133,2026-07-28,CUST1170,Amal Rajan,Palakkad,Electronics,Earbuds,3,2418,5,Credit Card,Delivered
ONAM102134,2026-08-08,CUST1478,Meera Rajan,Thrissur,Gifts,Dry Fruit Box,7,1658,0,Debit Card,Cancelled
ONAM102135,2026-07-27,CUST1506,Rahul Pillai,Alappuzha,Grocery,Coconut Oil,2,491,0,Net Banking,Delivered
ONAM102136,2026-09-03,CUST1042,Athira Nair,Palakkad,Home Decor,Pookalam Set,4,198,30,Wallet,Cancelled
ONAM102137,2026-08-23,CUST1016,Amal Rajan,Kollam,Gifts,Kitchen Set,5,1599,10,Debit Card,Delivered
ONAM102138,2026-08-22,CUST1403,Meera Kumar,Kollam,Home Decor,Brass Lamp,5,3777,10,Wallet,Delivered
ONAM102139,2026-08-16,CUST1311,Arun Pillai,Ernakulam,Clothing,Kasavu Saree,3,2102,5,Credit Card,Delivered
ONAM102140,2026-08-03,CUST1474,Meera Thomas,Palakkad,Grocery,Banana Chips,3,499,0,Cash,Delivered
ONAM102141,2026-07-25,CUST1194,Anjali Rajan,Kollam,Grocery,Coconut Oil,8,883,30,Cash,Cancelled
ONAM102142,2026-08-08,CUST1491,Vishnu Nair,Malappuram,Grocery,Spices,3,940,25,Net Banking,Delivered
ONAM102143,2026-08-03,CUST1216,Akhil Kumar,Alappuzha,Gifts,Kitchen Set,6,2376,25,Cash,Delivered
ONAM102144,2026-09-03,CUST1017,Athira Varma,Malappuram,Home Decor,Wall Decor,3,698,10,UPI,Delivered
ONAM102145,2026-08-01,CUST1456,Akhil Krishnan,Kannur,Clothing,Mundu,5,442,10,UPI,Cancelled
ONAM102146,2026-08-23,CUST1086,Athira Rajan,Kollam,Home Decor,Brass Lamp,7,3146,20,Cash,Delivered
ONAM102147,2026-08-22,CUST1283,Suresh Das,Kottayam,Electronics,Power Bank,8,3422,0,Wallet,Delivered
ONAM102148,2026-08-19,CUST1074,Meera Pillai,Kochi,Grocery,Coconut Oil,7,204,25,Debit Card,Delivered
ONAM102149,2026-08-14,CUST1367,Hari Nair,Malappuram,Home Decor,Brass Lamp,2,782,5,Credit Card,Cancelled
ONAM102150,2026-07-28,CUST1315,Riya Thomas,Alappuzha,Clothing,Kids Ethnic Wear,3,2089,20,Net Banking,Delivered
ONAM102151,2026-09-01,CUST1020,Hari Varma,Kochi,Home Decor,Pookalam Set,6,416,0,Net Banking,Delivered
ONAM102152,2026-08-14,CUST1318,Neha Joseph,Kannur,Gifts,Tea Gift Set,3,463,15,UPI,Delivered
ONAM102153,2026-09-06,CUST1352,Athira Nair,Thrissur,Clothing,Kurta,8,1195,0,Cash,Delivered
ONAM102154,2026-09-06,CUST1310,Arun Joseph,Thiruvananthapuram,Gifts,Chocolate Box,6,645,20,Credit Card,Delivered
ONAM102155,2026-08-03,CUST1006,Nithin Das,Alappuzha,Home Decor,Brass Lamp,2,1266,10,UPI,Delivered
ONAM102156,2026-07-27,CUST1242,Hari Joseph,Thrissur,Electronics,Kitchen Appliance,4,1762,25,Debit Card,Cancelled
ONAM102157,2026-08-28,CUST1527,Vishnu Rajan,Wayanad,Gifts,Chocolate Box,3,960,25,UPI,Delivered
ONAM102158,2026-08-20,CUST1397,Gokul Menon,Ernakulam,Gifts,Kitchen Set,8,530,5,Credit Card,Delivered
ONAM102159,2026-08-22,CUST1459,Divya Rajan,Wayanad,Gifts,Dry Fruit Box,2,573,0,Net Banking,Delivered
ONAM102160,2026-08-30,CUST1123,Adarsh Joseph,Palakkad,Gifts,Tea Gift Set,5,1317,20,Net Banking,Delivered
ONAM102161,2026-08-09,CUST1298,Gokul Kumar,Kozhikode,Grocery,Banana Chips,3,132,5,Debit Card,Delivered
ONAM102162,2026-07-31,CUST1199,Rahul Rajan,Kannur,Grocery,Pickle,2,128,5,Wallet,Returned
ONAM102163,2026-08-29,CUST1280,Kavya Rajan,Kollam,Gifts,Gift Hamper,7,1564,10,Wallet,Delivered
ONAM102164,2026-09-04,CUST1576,Meera Nair,Kollam,Home Decor,Wall Decor,2,761,30,UPI,Delivered
ONAM102165,2026-08-17,CUST1100,Suresh Varma,Thrissur,Gifts,Tea Gift Set,5,320,10,Net Banking,Delivered
ONAM102166,2026-08-16,CUST1438,Athira Das,Alappuzha,Electronics,Kitchen Appliance,1,9729,15,Credit Card,Delivered
ONAM102167,2026-08-04,CUST1249,Rahul Menon,Malappuram,Grocery,Pickle,6,428,10,Cash,Delivered
ONAM102168,2026-09-01,CUST1096,Vishnu Kumar,Kochi,Gifts,Kitchen Set,2,2179,20,Cash,Delivered
ONAM102169,2026-08-10,CUST1522,Nithin Varma,Malappuram,Gifts,Tea Gift Set,4,1360,5,Credit Card,Delivered
ONAM102170,2026-08-29,CUST1476,Vishnu Varma,Palakkad,Home Decor,Brass Lamp,8,4042,10,UPI,Cancelled
ONAM102171,2026-09-02,CUST1166,Adarsh Pillai,Kannur,Clothing,Onam Dress,1,3420,5,Wallet,Delivered
ONAM102172,2026-08-19,CUST1262,Rahul Pillai,Wayanad,Electronics,Earbuds,8,1497,25,Net Banking,Delivered
ONAM102173,2026-08-23,CUST1479,Gokul Kumar,Thrissur,Grocery,Coconut Oil,6,176,15,Cash,Returned
ONAM102174,2026-09-01,CUST1120,Hari Kumar,Kozhikode,Electronics,Kitchen Appliance,4,5168,30,Wallet,Cancelled
ONAM102175,2026-08-22,CUST1099,Rahul Pillai,Kochi,Grocery,Spices,3,420,30,Cash,Delivered
ONAM102176,2026-09-05,CUST1092,Anjali Varma,Ernakulam,Grocery,Banana Chips,1,183,5,Cash,Delivered
ONAM102177,2026-09-08,CUST1530,Divya Kumar,Kollam,Clothing,Mundu,4,1102,10,Cash,Delivered
ONAM102178,2026-08-15,CUST1226,Adarsh Kumar,Alappuzha,Clothing,Kurta,3,1544,5,Credit Card,Delivered
ONAM102179,2026-08-31,CUST1302,Hari Joseph,Thiruvananthapuram,Gifts,Gift Hamper,1,1119,10,UPI,Returned
ONAM102180,2026-08-08,CUST1227,Kavya Varma,Palakkad,Grocery,Spices,6,934,5,Cash,Delivered
ONAM102181,2026-07-27,CUST1431,Lakshmi Krishnan,Thiruvananthapuram,Gifts,Gift Hamper,2,2097,15,Cash,Delivered
ONAM102182,2026-08-08,CUST1420,Riya Pillai,Wayanad,Gifts,Chocolate Box,7,1417,15,Debit Card,Delivered
ONAM102183,2026-07-31,CUST1073,Nithin Nair,Kannur,Gifts,Chocolate Box,5,1250,15,Wallet,Delivered
ONAM102184,2026-08-23,CUST1101,Anjali Thomas,Kottayam,Clothing,Mundu,1,798,20,Cash,Delivered
ONAM102185,2026-08-12,CUST1486,Riya Joseph,Alappuzha,Electronics,Kitchen Appliance,4,10943,30,Cash,Delivered
ONAM102186,2026-08-01,CUST1187,Anjali Kumar,Kollam,Clothing,Kids Ethnic Wear,4,611,25,Cash,Delivered
ONAM102187,2026-08-20,CUST1531,Akhil Pillai,Thrissur,Grocery,Coconut Oil,1,490,0,Cash,Delivered
ONAM102188,2026-08-12,CUST1462,Suresh Varma,Ernakulam,Electronics,Power Bank,7,2803,10,Wallet,Returned
ONAM102189,2026-08-23,CUST1483,Divya Thomas,Wayanad,Gifts,Kitchen Set,5,1747,5,Debit Card,Returned
ONAM102190,2026-08-16,CUST1246,Rahul Thomas,Ernakulam,Home Decor,Brass Lamp,6,4494,0,Credit Card,Cancelled
ONAM102191,2026-09-03,CUST1016,Akhil Thomas,Palakkad,Electronics,Earbuds,3,3820,10,Debit Card,Cancelled
ONAM102192,2026-08-22,CUST1378,Lakshmi Varma,Kottayam,Home Decor,Wall Decor,4,1415,0,Debit Card,Returned
ONAM102193,2026-08-21,CUST1132,Akhil Joseph,Wayanad,Clothing,Mundu,3,1777,30,Credit Card,Delivered
ONAM102194,2026-07-28,CUST1487,Akhil Pillai,Thrissur,Gifts,Chocolate Box,2,1250,10,UPI,Cancelled
ONAM102195,2026-08-21,CUST1257,Amal Thomas,Thrissur,Clothing,Kurta,8,2390,0,UPI,Delivered
ONAM102196,2026-08-27,CUST1305,Amal Thomas,Alappuzha,Electronics,Earbuds,5,3691,15,Debit Card,Delivered
ONAM102197,2026-08-10,CUST1193,Akhil Kumar,Alappuzha,Grocery,Pickle,7,397,30,Net Banking,Delivered
ONAM102198,2026-08-14,CUST1367,Lakshmi Rajan,Kottayam,Home Decor,Wall Decor,1,1097,30,Cash,Delivered
ONAM102199,2026-08-16,CUST1250,Lakshmi Varma,Wayanad,Home Decor,Table Decor,4,986,25,Debit Card,Delivered
ONAM102200,2026-08-25,CUST1430,Anjali Varma,Ernakulam,Home Decor,Flower Vase,2,544,5,Net Banking,Delivered
ONAM102201,2026-08-16,CUST1547,Suresh Varma,Kozhikode,Grocery,Coconut Oil,3,219,15,Debit Card,Cancelled
ONAM102202,2026-09-06,CUST1533,Meera Nair,Alappuzha,Clothing,Mundu,3,678,20,Debit Card,Delivered
ONAM102203,2026-08-30,CUST1075,Hari Krishnan,Wayanad,Home Decor,Table Decor,2,1209,10,Net Banking,Delivered
ONAM102204,2026-08-10,CUST1452,Lakshmi Das,Wayanad,Home Decor,Pookalam Set,3,1093,5,Wallet,Cancelled
ONAM102205,2026-07-30,CUST1309,Gokul Pillai,Kollam,Grocery,Rice,8,804,25,UPI,Delivered
ONAM102206,2026-08-01,CUST1175,Akhil Nair,Ernakulam,Clothing,Kids Ethnic Wear,5,1607,0,Cash,Delivered
ONAM102207,2026-07-28,CUST1086,Gokul Thomas,Kannur,Gifts,Chocolate Box,3,724,10,UPI,Delivered
ONAM102208,2026-08-02,CUST1080,Akhil Nair,Kollam,Gifts,Dry Fruit Box,7,2768,15,Wallet,Delivered
ONAM102209,2026-08-16,CUST1174,Adarsh Menon,Kozhikode,Grocery,Coconut Oil,8,558,0,Cash,Delivered
ONAM102210,2026-07-29,CUST1245,Arun Kumar,Kottayam,Clothing,Onam Dress,4,3385,30,Credit Card,Delivered
ONAM102211,2026-08-15,CUST1081,Adarsh Das,Palakkad,Gifts,Tea Gift Set,5,841,25,Cash,Delivered
ONAM102212,2026-08-11,CUST1029,Athira Kumar,Ernakulam,Home Decor,Brass Lamp,4,1972,5,Credit Card,Delivered
ONAM102213,2026-08-10,CUST1101,Akhil Pillai,Kottayam,Grocery,Spices,7,934,10,Debit Card,Delivered
ONAM102214,2026-08-22,CUST1551,Akhil Pillai,Alappuzha,Clothing,Onam Dress,2,3342,5,Credit Card,Delivered
ONAM102215,2026-08-10,CUST1543,Suresh Kumar,Palakkad,Home Decor,Wall Decor,2,1035,30,Credit Card,Delivered
ONAM102216,2026-08-06,CUST1288,Neha Nair,Alappuzha,Home Decor,Pookalam Set,5,380,0,Cash,Delivered
ONAM102217,2026-08-11,CUST1343,Riya Krishnan,Kottayam,Grocery,Pickle,8,435,20,Wallet,Returned
ONAM102218,2026-07-29,CUST1331,Suresh Rajan,Alappuzha,Electronics,Bluetooth Speaker,4,3276,20,Cash,Delivered
ONAM102219,2026-08-16,CUST1300,Arun Kumar,Kannur,Home Decor,Wall Decor,4,1338,15,Wallet,Delivered
ONAM102220,2026-08-31,CUST1490,Gokul Kumar,Thrissur,Clothing,Kurta,7,1424,5,Wallet,Delivered
ONAM102221,2026-07-27,CUST1248,Athira Krishnan,Kozhikode,Electronics,Smart Watch,8,5052,10,Wallet,Returned
ONAM102222,2026-08-03,CUST1107,Suresh Kumar,Kannur,Electronics,Kitchen Appliance,8,6145,5,Credit Card,Delivered
ONAM102223,2026-08-28,CUST1155,Amal Krishnan,Ernakulam,Home Decor,Flower Vase,7,1418,25,Cash,Delivered
ONAM102224,2026-09-06,CUST1042,Arun Nair,Kannur,Electronics,Bluetooth Speaker,5,2927,25,Cash,Delivered
ONAM102225,2026-08-21,CUST1496,Athira Nair,Alappuzha,Home Decor,Table Decor,2,918,20,Credit Card,Delivered
ONAM102226,2026-09-07,CUST1432,Meera Rajan,Kochi,Home Decor,Flower Vase,1,1386,10,Wallet,Delivered
ONAM102227,2026-08-19,CUST1577,Amal Thomas,Kollam,Grocery,Coconut Oil,7,294,5,Wallet,Delivered
ONAM102228,2026-08-28,CUST1534,Gokul Thomas,Thrissur,Grocery,Banana Chips,1,688,15,Debit Card,Returned
ONAM102229,2026-09-02,CUST1045,Suresh Rajan,Palakkad,Electronics,Kitchen Appliance,3,3719,15,UPI,Delivered
ONAM102230,2026-08-28,CUST1067,Anjali Kumar,Alappuzha,Gifts,Tea Gift Set,6,969,5,Cash,Cancelled
ONAM102231,2026-08-26,CUST1252,Gokul Kumar,Kottayam,Clothing,Onam Dress,2,3271,20,Cash,Delivered
ONAM102232,2026-09-08,CUST1251,Gokul Kumar,Kannur,Clothing,Kasavu Saree,2,4214,10,Credit Card,Delivered
ONAM102233,2026-07-25,CUST1243,Rahul Pillai,Kannur,Clothing,Onam Dress,5,2239,30,Credit Card,Returned
ONAM102234,2026-09-06,CUST1267,Gokul Krishnan,Kannur,Electronics,Bluetooth Speaker,7,2266,30,UPI,Returned
ONAM102235,2026-08-06,CUST1092,Anjali Das,Kozhikode,Clothing,Onam Dress,8,3316,15,Debit Card,Delivered
ONAM102236,2026-09-05,CUST1490,Nithin Kumar,Thiruvananthapuram,Gifts,Tea Gift Set,3,601,30,Credit Card,Cancelled
ONAM102237,2026-08-15,CUST1007,Gokul Thomas,Kozhikode,Clothing,Kurta,8,1014,20,Wallet,Returned
ONAM102238,2026-07-26,CUST1083,Divya Krishnan,Kannur,Clothing,Kasavu Saree,8,3998,0,Wallet,Delivered
ONAM102239,2026-08-05,CUST1076,Nithin Krishnan,Alappuzha,Electronics,Smart Watch,7,7374,25,Net Banking,Delivered
ONAM102240,2026-08-23,CUST1346,Lakshmi Krishnan,Kochi,Electronics,Bluetooth Speaker,6,2658,10,Cash,Cancelled
ONAM102241,2026-08-30,CUST1385,Hari Rajan,Wayanad,Grocery,Spices,7,1144,0,Credit Card,Returned
ONAM102242,2026-09-08,CUST1123,Riya Das,Kottayam,Electronics,Power Bank,7,2379,25,UPI,Delivered
ONAM102243,2026-08-04,CUST1595,Arun Kumar,Kottayam,Clothing,Kurta,5,1857,0,Credit Card,Cancelled
ONAM102244,2026-08-28,CUST1494,Divya Thomas,Kozhikode,Grocery,Rice,1,369,5,Credit Card,Delivered
ONAM102245,2026-08-02,CUST1180,Adarsh Joseph,Malappuram,Gifts,Tea Gift Set,8,1656,10,Cash,Returned
ONAM102246,2026-08-13,CUST1273,Suresh Kumar,Palakkad,Home Decor,Pookalam Set,3,686,10,Net Banking,Delivered
ONAM102247,2026-08-19,CUST1388,Nithin Das,Thrissur,Clothing,Kasavu Saree,5,2053,20,UPI,Delivered
ONAM102248,2026-09-03,CUST1445,Vishnu Nair,Kochi,Clothing,Kasavu Saree,8,2491,10,Cash,Delivered
ONAM102249,2026-08-17,CUST1199,Lakshmi Varma,Kochi,Home Decor,Table Decor,8,1412,25,UPI,Delivered
ONAM102250,2026-08-21,CUST1340,Suresh Joseph,Thiruvananthapuram,Clothing,Mundu,6,1788,25,Cash,Delivered
ONAM102251,2026-08-11,CUST1311,Neha Krishnan,Ernakulam,Grocery,Rice,5,794,30,Credit Card,Delivered
ONAM102252,2026-08-26,CUST1312,Riya Rajan,Wayanad,Clothing,Onam Dress,8,2223,30,Net Banking,Delivered
ONAM102253,2026-08-27,CUST1412,Amal Thomas,Alappuzha,Grocery,Banana Chips,2,234,5,UPI,Cancelled
ONAM102254,2026-07-29,CUST1277,Divya Thomas,Thiruvananthapuram,Home Decor,Brass Lamp,7,2697,0,Cash,Delivered
ONAM102255,2026-09-08,CUST1139,Athira Pillai,Kannur,Gifts,Kitchen Set,5,3459,10,Cash,Delivered
ONAM102256,2026-08-18,CUST1159,Neha Nair,Kochi,Grocery,Spices,1,479,10,UPI,Delivered
ONAM102257,2026-08-26,CUST1239,Rahul Krishnan,Wayanad,Gifts,Tea Gift Set,1,309,0,UPI,Cancelled
ONAM102258,2026-08-01,CUST1502,Adarsh Kumar,Ernakulam,Home Decor,Wall Decor,8,598,30,Credit Card,Cancelled
ONAM102259,2026-09-03,CUST1327,Rahul Nair,Kollam,Grocery,Rice,6,827,10,Debit Card,Delivered
ONAM102260,2026-08-31,CUST1043,Gokul Varma,Kozhikode,Gifts,Kitchen Set,3,2123,0,Debit Card,Cancelled
ONAM102261,2026-09-06,CUST1319,Meera Menon,Kottayam,Grocery,Pickle,2,276,20,Net Banking,Delivered
ONAM102262,2026-08-31,CUST1074,Gokul Menon,Thrissur,Clothing,Onam Dress,5,2446,15,Net Banking,Returned
ONAM102263,2026-08-18,CUST1486,Hari Krishnan,Thiruvananthapuram,Gifts,Kitchen Set,5,1138,15,Cash,Delivered
ONAM102264,2026-08-02,CUST1127,Nithin Nair,Kochi,Gifts,Tea Gift Set,8,777,10,Net Banking,Delivered
ONAM102265,2026-08-21,CUST1324,Amal Pillai,Malappuram,Gifts,Kitchen Set,1,798,5,Net Banking,Delivered
ONAM102266,2026-08-26,CUST1119,Hari Joseph,Kottayam,Electronics,Kitchen Appliance,4,11278,30,Credit Card,Returned
ONAM102267,2026-08-21,CUST1397,Divya Rajan,Kannur,Grocery,Spices,7,862,20,UPI,Delivered
ONAM102268,2026-07-29,CUST1397,Lakshmi Kumar,Kozhikode,Electronics,Smart Watch,5,6064,20,Net Banking,Cancelled
ONAM102269,2026-08-09,CUST1030,Rahul Krishnan,Kannur,Gifts,Kitchen Set,1,3326,10,Wallet,Delivered
ONAM102270,2026-09-07,CUST1263,Divya Krishnan,Thrissur,Electronics,Power Bank,4,2552,15,Credit Card,Delivered
ONAM102271,2026-08-27,CUST1221,Nithin Krishnan,Malappuram,Grocery,Coconut Oil,8,314,30,Wallet,Delivered
ONAM102272,2026-09-03,CUST1360,Suresh Menon,Ernakulam,Grocery,Banana Chips,4,647,15,Credit Card,Returned
ONAM102273,2026-08-25,CUST1128,Adarsh Varma,Palakkad,Home Decor,Table Decor,8,1023,10,Cash,Delivered
ONAM102274,2026-09-05,CUST1385,Rahul Thomas,Kollam,Home Decor,Brass Lamp,8,1011,15,Net Banking,Delivered
ONAM102275,2026-08-11,CUST1152,Vishnu Nair,Malappuram,Grocery,Banana Chips,8,223,0,Cash,Delivered
ONAM102276,2026-08-16,CUST1584,Nithin Das,Thrissur,Gifts,Chocolate Box,6,1281,20,Debit Card,Delivered
ONAM102277,2026-08-20,CUST1194,Rahul Thomas,Palakkad,Grocery,Pickle,6,258,25,Net Banking,Cancelled
ONAM102278,2026-08-24,CUST1492,Suresh Menon,Alappuzha,Home Decor,Pookalam Set,3,1083,10,Credit Card,Cancelled
ONAM102279,2026-08-11,CUST1234,Akhil Krishnan,Kollam,Electronics,Earbuds,5,1939,15,Net Banking,Returned
ONAM102280,2026-08-18,CUST1537,Gokul Varma,Palakkad,Electronics,Earbuds,6,2319,10,Debit Card,Delivered
ONAM102281,2026-08-15,CUST1004,Adarsh Nair,Kottayam,Electronics,Kitchen Appliance,4,1606,10,Wallet,Delivered
ONAM102282,2026-07-29,CUST1338,Meera Kumar,Ernakulam,Grocery,Banana Chips,7,578,30,Credit Card,Delivered
ONAM102283,2026-08-31,CUST1251,Athira Menon,Alappuzha,Gifts,Kitchen Set,3,518,20,Debit Card,Delivered
ONAM102284,2026-08-12,CUST1332,Divya Rajan,Thrissur,Electronics,Bluetooth Speaker,7,2705,20,Wallet,Delivered
ONAM102285,2026-09-04,CUST1465,Kavya Varma,Alappuzha,Gifts,Chocolate Box,5,252,15,Wallet,Delivered
ONAM102286,2026-09-08,CUST1422,Hari Rajan,Alappuzha,Gifts,Kitchen Set,8,2563,10,Wallet,Delivered
ONAM102287,2026-07-30,CUST1017,Suresh Pillai,Kannur,Grocery,Spices,4,527,10,Wallet,Returned
ONAM102288,2026-07-29,CUST1035,Akhil Varma,Thiruvananthapuram,Gifts,Gift Hamper,7,980,10,UPI,Delivered
ONAM102289,2026-08-02,CUST1588,Riya Kumar,Alappuzha,Gifts,Kitchen Set,5,3128,15,Wallet,Delivered
ONAM102290,2026-08-06,CUST1376,Kavya Kumar,Malappuram,Electronics,Earbuds,6,2072,20,Wallet,Delivered
ONAM102291,2026-08-09,CUST1259,Lakshmi Varma,Thrissur,Clothing,Onam Dress,7,2042,0,Cash,Returned
ONAM102292,2026-08-24,CUST1359,Suresh Menon,Kottayam,Home Decor,Flower Vase,8,1149,10,Net Banking,Delivered
ONAM102293,2026-07-28,CUST1580,Arun Das,Palakkad,Home Decor,Wall Decor,4,994,5,Debit Card,Delivered
ONAM102294,2026-09-04,CUST1386,Neha Rajan,Kochi,Gifts,Chocolate Box,1,1466,0,UPI,Delivered
ONAM102295,2026-08-22,CUST1287,Neha Nair,Thiruvananthapuram,Home Decor,Wall Decor,3,969,10,Net Banking,Returned
ONAM102296,2026-09-04,CUST1115,Lakshmi Varma,Kollam,Home Decor,Table Decor,1,315,5,Net Banking,Returned
ONAM102297,2026-08-28,CUST1321,Hari Menon,Thrissur,Home Decor,Flower Vase,1,1110,20,Credit Card,Delivered
ONAM102298,2026-07-25,CUST1403,Arun Das,Malappuram,Electronics,Power Bank,1,1567,10,Cash,Delivered
ONAM102299,2026-08-20,CUST1001,Neha Das,Thiruvananthapuram,Electronics,Kitchen Appliance,3,9865,15,Wallet,Delivered
ONAM102300,2026-08-11,CUST1181,Gokul Nair,Alappuzha,Clothing,Kurta,1,1940,10,Cash,Returned
ONAM102301,2026-09-05,CUST1343,Akhil Kumar,Wayanad,Grocery,Spices,8,183,20,Cash,Delivered
ONAM102302,2026-08-30,CUST1019,Amal Das,Kozhikode,Grocery,Rice,1,864,10,Net Banking,Delivered
ONAM102303,2026-09-08,CUST1205,Athira Varma,Wayanad,Gifts,Tea Gift Set,4,1275,30,Debit Card,Delivered
ONAM102304,2026-09-07,CUST1230,Nithin Das,Kochi,Grocery,Pickle,2,364,30,UPI,Delivered
ONAM102305,2026-08-04,CUST1022,Adarsh Nair,Alappuzha,Electronics,Power Bank,8,1086,0,Wallet,Delivered
ONAM102306,2026-08-08,CUST1344,Anjali Krishnan,Malappuram,Gifts,Dry Fruit Box,6,1087,30,Net Banking,Delivered
ONAM102307,2026-08-18,CUST1009,Rahul Rajan,Palakkad,Electronics,Bluetooth Speaker,8,4958,0,Wallet,Delivered
ONAM102308,2026-08-21,CUST1277,Hari Varma,Ernakulam,Gifts,Dry Fruit Box,2,1052,10,Debit Card,Delivered
ONAM102309,2026-08-07,CUST1092,Amal Pillai,Malappuram,Grocery,Pickle,6,473,10,Credit Card,Delivered
ONAM102310,2026-09-05,CUST1101,Athira Nair,Wayanad,Electronics,Smart Watch,6,3201,0,Cash,Delivered
ONAM102311,2026-07-29,CUST1449,Akhil Joseph,Kochi,Gifts,Gift Hamper,8,1386,0,Cash,Delivered
ONAM102312,2026-08-04,CUST1351,Hari Pillai,Thiruvananthapuram,Electronics,Earbuds,2,1055,10,Cash,Delivered
ONAM102313,2026-08-09,CUST1196,Neha Kumar,Thiruvananthapuram,Gifts,Tea Gift Set,6,495,10,Debit Card,Delivered
ONAM102314,2026-07-25,CUST1211,Riya Varma,Kannur,Electronics,Kitchen Appliance,7,10405,10,Debit Card,Cancelled
ONAM102315,2026-08-06,CUST1242,Kavya Das,Kollam,Home Decor,Pookalam Set,1,259,20,Debit Card,Returned
ONAM102316,2026-08-06,CUST1167,Lakshmi Menon,Malappuram,Gifts,Dry Fruit Box,2,1158,20,Credit Card,Delivered
ONAM102317,2026-08-23,CUST1376,Rahul Menon,Kannur,Electronics,Smart Watch,5,8907,5,Net Banking,Delivered
ONAM102318,2026-07-25,CUST1266,Adarsh Das,Kannur,Gifts,Gift Hamper,2,1954,20,Cash,Delivered
ONAM102319,2026-09-05,CUST1137,Adarsh Krishnan,Palakkad,Gifts,Tea Gift Set,7,685,30,Credit Card,Delivered
ONAM102320,2026-09-07,CUST1191,Adarsh Nair,Wayanad,Electronics,Bluetooth Speaker,8,1350,10,Debit Card,Delivered
ONAM102321,2026-08-19,CUST1498,Nithin Krishnan,Palakkad,Gifts,Chocolate Box,1,1051,15,Credit Card,Cancelled
ONAM102322,2026-08-31,CUST1133,Nithin Krishnan,Thiruvananthapuram,Grocery,Banana Chips,5,508,10,Credit Card,Delivered
ONAM102323,2026-08-14,CUST1385,Athira Joseph,Thiruvananthapuram,Grocery,Spices,1,376,5,Cash,Returned
ONAM102324,2026-09-06,CUST1329,Amal Krishnan,Alappuzha,Grocery,Spices,2,647,30,Credit Card,Returned
ONAM102325,2026-08-02,CUST1324,Athira Nair,Thiruvananthapuram,Gifts,Dry Fruit Box,2,1268,0,Cash,Delivered
ONAM102326,2026-08-16,CUST1524,Riya Krishnan,Palakkad,Electronics,Earbuds,4,4881,30,UPI,Returned
ONAM102327,2026-08-07,CUST1558,Amal Menon,Kollam,Grocery,Rice,2,611,15,Debit Card,Returned
ONAM102328,2026-08-02,CUST1538,Arun Krishnan,Wayanad,Grocery,Coconut Oil,8,718,25,Credit Card,Delivered
ONAM102329,2026-08-11,CUST1086,Neha Nair,Ernakulam,Grocery,Spices,4,319,30,UPI,Delivered
ONAM102330,2026-08-01,CUST1025,Vishnu Thomas,Palakkad,Grocery,Rice,4,244,25,Net Banking,Delivered
ONAM102331,2026-08-14,CUST1255,Vishnu Pillai,Wayanad,Home Decor,Wall Decor,5,1328,5,Credit Card,Delivered
ONAM102332,2026-08-28,CUST1183,Arun Rajan,Ernakulam,Electronics,Earbuds,1,3067,0,UPI,Delivered
ONAM102333,2026-08-04,CUST1334,Adarsh Das,Kozhikode,Gifts,Chocolate Box,3,380,10,Net Banking,Delivered
ONAM102334,2026-09-05,CUST1542,Amal Kumar,Wayanad,Electronics,Smart Watch,6,1985,0,UPI,Delivered
ONAM102335,2026-09-04,CUST1412,Kavya Menon,Kottayam,Clothing,Kurta,2,2178,15,Wallet,Delivered
ONAM102336,2026-08-17,CUST1279,Lakshmi Thomas,Kannur,Grocery,Rice,2,93,15,Cash,Delivered
ONAM102337,2026-08-02,CUST1279,Adarsh Pillai,Alappuzha,Gifts,Kitchen Set,7,2770,20,Debit Card,Cancelled
ONAM102338,2026-08-22,CUST1273,Arun Thomas,Kozhikode,Clothing,Kurta,4,1111,20,Credit Card,Delivered
ONAM102339,2026-07-26,CUST1020,Kavya Varma,Palakkad,Electronics,Bluetooth Speaker,5,4715,10,Debit Card,Delivered
ONAM102340,2026-08-31,CUST1543,Anjali Thomas,Malappuram,Clothing,Onam Dress,8,1828,10,Cash,Delivered
ONAM102341,2026-08-29,CUST1388,Vishnu Menon,Kochi,Home Decor,Brass Lamp,4,3685,10,Credit Card,Delivered
ONAM102342,2026-08-11,CUST1154,Gokul Thomas,Thiruvananthapuram,Grocery,Banana Chips,5,121,5,Wallet,Cancelled
ONAM102343,2026-08-23,CUST1504,Divya Varma,Palakkad,Clothing,Kurta,5,1012,20,UPI,Delivered
ONAM102344,2026-08-17,CUST1405,Kavya Pillai,Thrissur,Gifts,Tea Gift Set,1,732,10,Credit Card,Delivered
ONAM102345,2026-08-25,CUST1468,Anjali Thomas,Malappuram,Clothing,Kurta,2,1861,10,Cash,Delivered
ONAM102346,2026-08-21,CUST1475,Nithin Varma,Kochi,Home Decor,Flower Vase,3,1419,10,Credit Card,Delivered
ONAM102347,2026-07-27,CUST1454,Riya Varma,Thrissur,Grocery,Coconut Oil,5,265,30,Debit Card,Delivered
ONAM102348,2026-07-27,CUST1546,Hari Varma,Kollam,Electronics,Bluetooth Speaker,4,3978,15,UPI,Delivered
ONAM102349,2026-07-28,CUST1331,Divya Das,Ernakulam,Home Decor,Wall Decor,3,388,10,Credit Card,Delivered
ONAM102350,2026-08-02,CUST1119,Kavya Pillai,Kottayam,Home Decor,Pookalam Set,3,172,20,Net Banking,Delivered
ONAM102351,2026-08-09,CUST1201,Rahul Nair,Thiruvananthapuram,Home Decor,Brass Lamp,1,1965,20,Credit Card,Delivered
ONAM102352,2026-08-03,CUST1579,Hari Rajan,Thiruvananthapuram,Clothing,Kurta,7,2193,10,Wallet,Delivered
ONAM102353,2026-09-06,CUST1169,Nithin Kumar,Thiruvananthapuram,Gifts,Dry Fruit Box,5,1087,10,Net Banking,Delivered
ONAM102354,2026-07-27,CUST1409,Lakshmi Menon,Kochi,Grocery,Pickle,6,90,5,Cash,Delivered
ONAM102355,2026-09-02,CUST1423,Nithin Varma,Ernakulam,Clothing,Onam Dress,6,2709,10,Net Banking,Delivered
ONAM102356,2026-08-30,CUST1552,Gokul Das,Thiruvananthapuram,Home Decor,Flower Vase,4,350,20,Debit Card,Delivered
ONAM102357,2026-08-11,CUST1275,Amal Krishnan,Palakkad,Electronics,Power Bank,1,756,25,Net Banking,Delivered
ONAM102358,2026-08-03,CUST1483,Meera Varma,Kollam,Home Decor,Brass Lamp,3,3318,20,Credit Card,Delivered
ONAM102359,2026-08-04,CUST1065,Gokul Kumar,Kollam,Clothing,Kids Ethnic Wear,4,883,5,UPI,Returned
ONAM102360,2026-08-13,CUST1558,Arun Thomas,Kollam,Electronics,Kitchen Appliance,1,5143,20,Wallet,Delivered
ONAM102361,2026-08-17,CUST1228,Riya Joseph,Alappuzha,Home Decor,Pookalam Set,1,915,0,Debit Card,Delivered
ONAM102362,2026-08-07,CUST1249,Riya Das,Wayanad,Clothing,Kasavu Saree,8,2471,20,UPI,Returned
ONAM102363,2026-07-30,CUST1266,Rahul Kumar,Alappuzha,Grocery,Pickle,8,410,5,Debit Card,Delivered
ONAM102364,2026-08-16,CUST1373,Rahul Krishnan,Kollam,Clothing,Kasavu Saree,3,5471,0,Debit Card,Delivered
ONAM102365,2026-08-05,CUST1080,Rahul Kumar,Alappuzha,Electronics,Earbuds,7,1435,10,Net Banking,Delivered
ONAM102366,2026-08-04,CUST1318,Riya Krishnan,Alappuzha,Clothing,Onam Dress,1,2709,25,Net Banking,Delivered
ONAM102367,2026-08-26,CUST1598,Neha Thomas,Palakkad,Clothing,Mundu,1,854,10,UPI,Returned
ONAM102368,2026-08-20,CUST1200,Athira Das,Wayanad,Clothing,Onam Dress,4,2301,10,Credit Card,Cancelled
ONAM102369,2026-08-09,CUST1004,Rahul Varma,Wayanad,Electronics,Kitchen Appliance,2,7305,25,UPI,Delivered
ONAM102370,2026-07-30,CUST1078,Riya Varma,Ernakulam,Electronics,Bluetooth Speaker,2,2610,10,Debit Card,Delivered
ONAM102371,2026-08-01,CUST1314,Divya Thomas,Kozhikode,Gifts,Gift Hamper,3,771,10,Cash,Delivered
ONAM102372,2026-08-27,CUST1124,Anjali Rajan,Kochi,Clothing,Kasavu Saree,1,4547,20,Debit Card,Returned
ONAM102373,2026-08-12,CUST1108,Amal Varma,Wayanad,Home Decor,Wall Decor,6,611,10,Debit Card,Delivered
ONAM102374,2026-08-09,CUST1176,Nithin Krishnan,Palakkad,Grocery,Rice,8,466,10,Debit Card,Delivered
ONAM102375,2026-09-04,CUST1285,Hari Pillai,Palakkad,Electronics,Power Bank,8,3316,30,Net Banking,Delivered
ONAM102376,2026-08-06,CUST1292,Meera Menon,Kochi,Gifts,Chocolate Box,4,1253,15,Cash,Delivered
ONAM102377,2026-07-31,CUST1082,Divya Nair,Kollam,Electronics,Smart Watch,7,3778,30,Wallet,Cancelled
ONAM102378,2026-08-31,CUST1526,Divya Menon,Ernakulam,Electronics,Earbuds,8,2861,20,Cash,Cancelled
ONAM102379,2026-08-29,CUST1291,Suresh Thomas,Kottayam,Grocery,Spices,5,257,0,UPI,Delivered
ONAM102380,2026-08-10,CUST1276,Adarsh Joseph,Palakkad,Electronics,Kitchen Appliance,4,10910,20,UPI,Delivered
ONAM102381,2026-07-28,CUST1115,Suresh Joseph,Thiruvananthapuram,Electronics,Bluetooth Speaker,1,1509,25,Cash,Delivered
ONAM102382,2026-07-29,CUST1119,Neha Kumar,Kollam,Grocery,Spices,3,625,5,Credit Card,Cancelled
ONAM102383,2026-08-18,CUST1520,Gokul Kumar,Kozhikode,Home Decor,Brass Lamp,7,1197,10,Cash,Delivered
ONAM102384,2026-09-01,CUST1428,Rahul Das,Kannur,Gifts,Tea Gift Set,5,497,10,Credit Card,Cancelled
ONAM102385,2026-09-04,CUST1094,Gokul Varma,Thiruvananthapuram,Home Decor,Flower Vase,1,738,0,UPI,Delivered
ONAM102386,2026-08-05,CUST1167,Vishnu Rajan,Alappuzha,Clothing,Onam Dress,8,2701,30,Debit Card,Delivered
ONAM102387,2026-08-24,CUST1510,Akhil Varma,Thiruvananthapuram,Gifts,Dry Fruit Box,8,807,5,Cash,Returned
ONAM102388,2026-07-29,CUST1483,Vishnu Rajan,Kollam,Clothing,Kasavu Saree,3,4160,15,Wallet,Delivered
ONAM102389,2026-08-07,CUST1298,Neha Nair,Ernakulam,Grocery,Coconut Oil,2,750,15,Cash,Returned
ONAM102390,2026-08-19,CUST1022,Neha Nair,Kochi,Grocery,Rice,4,464,5,Cash,Cancelled
ONAM102391,2026-07-26,CUST1562,Vishnu Kumar,Palakkad,Home Decor,Flower Vase,4,684,25,Wallet,Delivered
ONAM102392,2026-08-02,CUST1168,Kavya Pillai,Kochi,Gifts,Dry Fruit Box,2,943,10,Cash,Returned
ONAM102393,2026-08-03,CUST1262,Gokul Menon,Ernakulam,Home Decor,Brass Lamp,8,4033,10,Wallet,Delivered
ONAM102394,2026-09-04,CUST1589,Arun Joseph,Palakkad,Gifts,Dry Fruit Box,1,2599,10,Wallet,Delivered
ONAM102395,2026-07-30,CUST1446,Meera Pillai,Thrissur,Home Decor,Pookalam Set,2,1163,30,UPI,Delivered
ONAM102396,2026-08-27,CUST1296,Neha Thomas,Kannur,Home Decor,Wall Decor,1,387,20,Net Banking,Delivered
ONAM102397,2026-08-02,CUST1501,Kavya Joseph,Ernakulam,Electronics,Earbuds,6,6049,5,Wallet,Delivered
ONAM102398,2026-08-05,CUST1179,Suresh Joseph,Kannur,Gifts,Gift Hamper,7,631,0,Debit Card,Delivered
ONAM102399,2026-07-27,CUST1483,Meera Pillai,Ernakulam,Grocery,Coconut Oil,3,381,10,Credit Card,Delivered
ONAM102400,2026-08-14,CUST1412,Hari Nair,Thiruvananthapuram,Home Decor,Brass Lamp,6,3784,15,Credit Card,Returned
ONAM102401,2026-08-06,CUST1270,Anjali Rajan,Thrissur,Grocery,Spices,3,250,20,Cash,Delivered
ONAM102402,2026-08-07,CUST1101,Neha Varma,Palakkad,Electronics,Earbuds,3,6628,10,Wallet,Cancelled
ONAM102403,2026-07-27,CUST1022,Kavya Menon,Kollam,Grocery,Coconut Oil,1,682,25,Net Banking,Delivered
ONAM102404,2026-08-01,CUST1344,Athira Pillai,Alappuzha,Clothing,Kids Ethnic Wear,4,1806,15,Net Banking,Delivered
ONAM102405,2026-08-21,CUST1270,Hari Menon,Malappuram,Clothing,Mundu,6,1107,0,Credit Card,Delivered
ONAM102406,2026-08-31,CUST1393,Akhil Das,Thiruvananthapuram,Clothing,Mundu,1,1500,25,Net Banking,Delivered
ONAM102407,2026-08-01,CUST1463,Akhil Krishnan,Wayanad,Home Decor,Brass Lamp,7,616,15,UPI,Delivered
ONAM102408,2026-08-17,CUST1557,Athira Thomas,Kottayam,Clothing,Kids Ethnic Wear,7,1666,10,Cash,Delivered
ONAM102409,2026-08-28,CUST1542,Meera Das,Kozhikode,Clothing,Mundu,6,1195,25,UPI,Delivered
ONAM102410,2026-08-28,CUST1379,Vishnu Varma,Thiruvananthapuram,Home Decor,Table Decor,8,440,25,UPI,Delivered
ONAM102411,2026-08-03,CUST1238,Suresh Krishnan,Kochi,Clothing,Kurta,4,2142,20,Cash,Delivered
ONAM102412,2026-08-02,CUST1594,Suresh Pillai,Ernakulam,Clothing,Kasavu Saree,1,2471,10,UPI,Returned
ONAM102413,2026-08-27,CUST1347,Suresh Rajan,Kochi,Home Decor,Flower Vase,8,650,20,Credit Card,Returned
ONAM102414,2026-08-12,CUST1366,Amal Menon,Kozhikode,Electronics,Bluetooth Speaker,5,5223,10,Cash,Returned
ONAM102415,2026-08-05,CUST1303,Meera Pillai,Ernakulam,Gifts,Dry Fruit Box,7,711,25,Cash,Delivered
ONAM102416,2026-09-06,CUST1501,Amal Pillai,Thrissur,Gifts,Kitchen Set,2,2265,0,Debit Card,Delivered
ONAM102417,2026-08-30,CUST1109,Suresh Varma,Alappuzha,Electronics,Bluetooth Speaker,1,4995,20,Debit Card,Delivered
ONAM102418,2026-08-22,CUST1304,Lakshmi Das,Wayanad,Electronics,Power Bank,6,1006,25,Net Banking,Delivered
ONAM102419,2026-08-26,CUST1463,Athira Pillai,Kannur,Gifts,Gift Hamper,8,1421,10,Net Banking,Delivered
ONAM102420,2026-08-23,CUST1127,Suresh Das,Alappuzha,Grocery,Coconut Oil,1,534,25,Debit Card,Cancelled
ONAM102421,2026-09-01,CUST1096,Gokul Kumar,Thrissur,Home Decor,Flower Vase,1,530,0,UPI,Delivered
ONAM102422,2026-08-27,CUST1254,Divya Kumar,Wayanad,Electronics,Earbuds,5,1842,15,UPI,Delivered
ONAM102423,2026-08-02,CUST1013,Arun Joseph,Kottayam,Home Decor,Flower Vase,3,1255,10,Wallet,Delivered
ONAM102424,2026-07-25,CUST1042,Arun Krishnan,Thrissur,Grocery,Rice,8,265,0,Net Banking,Delivered
ONAM102425,2026-09-07,CUST1157,Gokul Thomas,Kozhikode,Home Decor,Pookalam Set,8,871,10,Credit Card,Delivered
ONAM102426,2026-07-30,CUST1021,Divya Thomas,Kozhikode,Clothing,Kurta,6,1377,5,Debit Card,Cancelled
ONAM102427,2026-08-08,CUST1527,Vishnu Varma,Ernakulam,Electronics,Kitchen Appliance,1,8897,0,Credit Card,Delivered
ONAM102428,2026-08-12,CUST1479,Athira Thomas,Kochi,Gifts,Chocolate Box,1,710,20,Cash,Delivered
ONAM102429,2026-08-10,CUST1561,Nithin Pillai,Ernakulam,Electronics,Smart Watch,4,7932,20,Wallet,Returned
ONAM102430,2026-07-28,CUST1281,Arun Pillai,Kollam,Gifts,Gift Hamper,7,1924,10,UPI,Delivered
ONAM102431,2026-08-06,CUST1124,Lakshmi Kumar,Thrissur,Electronics,Kitchen Appliance,5,2367,15,Wallet,Cancelled
ONAM102432,2026-08-09,CUST1470,Riya Varma,Kochi,Clothing,Onam Dress,2,2429,15,Net Banking,Delivered
ONAM102433,2026-08-16,CUST1380,Riya Thomas,Kozhikode,Electronics,Bluetooth Speaker,8,4507,30,Debit Card,Returned
ONAM102434,2026-08-31,CUST1123,Divya Menon,Ernakulam,Electronics,Smart Watch,2,5151,10,Debit Card,Delivered
ONAM102435,2026-08-05,CUST1536,Lakshmi Pillai,Wayanad,Clothing,Kids Ethnic Wear,1,612,25,Credit Card,Returned
ONAM102436,2026-08-24,CUST1098,Gokul Varma,Palakkad,Electronics,Kitchen Appliance,3,3520,20,Cash,Returned
ONAM102437,2026-08-06,CUST1148,Meera Krishnan,Wayanad,Gifts,Gift Hamper,3,1577,10,UPI,Delivered
ONAM102438,2026-08-21,CUST1439,Lakshmi Das,Kannur,Home Decor,Flower Vase,4,1266,25,Cash,Delivered
ONAM102439,2026-09-05,CUST1128,Adarsh Das,Malappuram,Grocery,Spices,8,313,30,Credit Card,Delivered
ONAM102440,2026-07-29,CUST1351,Lakshmi Joseph,Kochi,Grocery,Pickle,1,417,30,Debit Card,Delivered
ONAM102441,2026-08-14,CUST1498,Adarsh Thomas,Ernakulam,Home Decor,Flower Vase,7,265,15,Cash,Returned
ONAM102442,2026-08-03,CUST1590,Lakshmi Thomas,Thrissur,Gifts,Gift Hamper,3,418,10,Debit Card,Delivered
ONAM102443,2026-08-11,CUST1355,Meera Menon,Wayanad,Grocery,Banana Chips,8,309,0,Credit Card,Returned
ONAM102444,2026-08-17,CUST1279,Kavya Thomas,Alappuzha,Gifts,Gift Hamper,6,2395,25,Debit Card,Delivered
ONAM102445,2026-08-31,CUST1305,Riya Pillai,Kannur,Home Decor,Table Decor,4,826,30,Net Banking,Cancelled
ONAM102446,2026-08-18,CUST1264,Meera Kumar,Malappuram,Gifts,Tea Gift Set,5,454,5,Net Banking,Delivered
ONAM102447,2026-08-22,CUST1054,Adarsh Das,Palakkad,Gifts,Kitchen Set,3,2104,10,Debit Card,Delivered
ONAM102448,2026-08-28,CUST1508,Divya Menon,Wayanad,Gifts,Dry Fruit Box,6,1986,0,Cash,Delivered
ONAM102449,2026-08-31,CUST1529,Akhil Rajan,Wayanad,Gifts,Gift Hamper,1,738,10,Net Banking,Delivered
ONAM102450,2026-08-01,CUST1126,Hari Rajan,Kozhikode,Grocery,Pickle,6,466,10,UPI,Cancelled
ONAM102451,2026-08-07,CUST1229,Gokul Joseph,Kottayam,Gifts,Gift Hamper,4,1343,20,Net Banking,Delivered
ONAM102452,2026-09-03,CUST1477,Lakshmi Kumar,Wayanad,Gifts,Kitchen Set,6,664,10,UPI,Delivered
ONAM102453,2026-08-29,CUST1079,Nithin Kumar,Thiruvananthapuram,Grocery,Spices,3,1073,0,Wallet,Cancelled
ONAM102454,2026-09-06,CUST1237,Amal Krishnan,Wayanad,Grocery,Rice,7,377,25,UPI,Returned
ONAM102455,2026-08-25,CUST1214,Gokul Menon,Thrissur,Home Decor,Pookalam Set,3,208,15,Debit Card,Delivered
ONAM102456,2026-08-06,CUST1197,Lakshmi Nair,Kollam,Grocery,Pickle,4,152,0,Credit Card,Returned
ONAM102457,2026-08-15,CUST1029,Neha Nair,Thrissur,Home Decor,Table Decor,4,1123,30,Credit Card,Delivered
ONAM102458,2026-07-25,CUST1448,Amal Thomas,Kottayam,Electronics,Earbuds,2,6032,30,Credit Card,Delivered
ONAM102459,2026-08-27,CUST1534,Riya Das,Malappuram,Gifts,Kitchen Set,2,625,15,Net Banking,Returned
ONAM102460,2026-08-18,CUST1263,Arun Joseph,Kozhikode,Home Decor,Wall Decor,1,895,10,Cash,Delivered
ONAM102461,2026-08-30,CUST1503,Neha Thomas,Kannur,Home Decor,Brass Lamp,7,2128,25,Net Banking,Delivered
ONAM102462,2026-08-23,CUST1517,Suresh Thomas,Kozhikode,Electronics,Bluetooth Speaker,7,5125,10,Wallet,Cancelled
ONAM102463,2026-08-23,CUST1560,Amal Nair,Thrissur,Clothing,Mundu,7,472,30,Net Banking,Delivered
ONAM102464,2026-08-25,CUST1495,Divya Menon,Wayanad,Home Decor,Wall Decor,4,1486,25,Debit Card,Delivered
ONAM102465,2026-08-17,CUST1177,Meera Thomas,Thiruvananthapuram,Grocery,Spices,2,707,5,Net Banking,Returned
ONAM102466,2026-08-03,CUST1072,Meera Pillai,Kannur,Gifts,Kitchen Set,2,2230,10,Debit Card,Returned
ONAM102467,2026-08-01,CUST1321,Vishnu Nair,Thiruvananthapuram,Gifts,Kitchen Set,7,1788,5,Cash,Delivered
ONAM102468,2026-08-19,CUST1083,Nithin Varma,Kozhikode,Grocery,Pickle,6,442,15,UPI,Delivered
ONAM102469,2026-08-10,CUST1547,Arun Kumar,Kottayam,Home Decor,Table Decor,6,360,25,UPI,Delivered
ONAM102470,2026-08-16,CUST1413,Rahul Varma,Palakkad,Clothing,Mundu,2,1098,10,Net Banking,Delivered
ONAM102471,2026-08-22,CUST1489,Lakshmi Pillai,Wayanad,Clothing,Mundu,2,1065,0,Net Banking,Delivered
ONAM102472,2026-08-27,CUST1246,Anjali Pillai,Kollam,Home Decor,Table Decor,7,621,10,Debit Card,Returned
ONAM102473,2026-08-13,CUST1543,Nithin Nair,Kochi,Electronics,Bluetooth Speaker,8,4677,15,Credit Card,Delivered
ONAM102474,2026-07-28,CUST1526,Rahul Joseph,Alappuzha,Clothing,Mundu,7,1432,10,Debit Card,Delivered
ONAM102475,2026-08-18,CUST1591,Anjali Menon,Ernakulam,Electronics,Power Bank,3,2152,0,UPI,Delivered
ONAM102476,2026-08-24,CUST1226,Divya Krishnan,Alappuzha,Clothing,Kids Ethnic Wear,5,980,30,Wallet,Delivered
ONAM102477,2026-08-07,CUST1360,Meera Varma,Alappuzha,Grocery,Spices,5,606,30,Cash,Delivered
ONAM102478,2026-09-02,CUST1110,Divya Thomas,Wayanad,Home Decor,Table Decor,1,740,5,Debit Card,Delivered
ONAM102479,2026-09-04,CUST1422,Suresh Menon,Ernakulam,Gifts,Tea Gift Set,5,1698,30,Credit Card,Delivered
ONAM102480,2026-07-27,CUST1095,Vishnu Rajan,Kannur,Home Decor,Flower Vase,7,1488,25,Debit Card,Delivered
ONAM102481,2026-08-04,CUST1232,Gokul Rajan,Alappuzha,Electronics,Smart Watch,8,5115,10,Wallet,Delivered
ONAM102482,2026-08-24,CUST1094,Anjali Nair,Malappuram,Electronics,Kitchen Appliance,6,7959,10,Credit Card,Cancelled
ONAM102483,2026-08-11,CUST1085,Kavya Rajan,Alappuzha,Electronics,Bluetooth Speaker,3,5190,15,Net Banking,Delivered
ONAM102484,2026-07-25,CUST1311,Nithin Kumar,Wayanad,Clothing,Mundu,3,1590,0,Net Banking,Returned
ONAM102485,2026-08-21,CUST1052,Lakshmi Rajan,Kottayam,Grocery,Pickle,1,317,10,Credit Card,Delivered
ONAM102486,2026-08-16,CUST1271,Athira Kumar,Kottayam,Electronics,Kitchen Appliance,2,9188,0,Wallet,Delivered
ONAM102487,2026-08-10,CUST1312,Kavya Menon,Kochi,Gifts,Tea Gift Set,2,1151,20,Wallet,Delivered
ONAM102488,2026-08-08,CUST1385,Suresh Thomas,Kochi,Electronics,Smart Watch,2,4305,10,Wallet,Delivered
ONAM102489,2026-08-17,CUST1068,Lakshmi Joseph,Ernakulam,Grocery,Pickle,5,297,30,Wallet,Delivered
ONAM102490,2026-08-06,CUST1300,Hari Varma,Kochi,Grocery,Spices,6,672,30,Credit Card,Returned
ONAM102491,2026-07-27,CUST1404,Kavya Nair,Alappuzha,Clothing,Kasavu Saree,2,1266,25,Cash,Delivered
ONAM102492,2026-09-06,CUST1490,Adarsh Joseph,Thiruvananthapuram,Electronics,Smart Watch,7,1958,25,Wallet,Delivered
ONAM102493,2026-08-21,CUST1475,Lakshmi Kumar,Kochi,Grocery,Banana Chips,5,445,5,Net Banking,Cancelled
ONAM102494,2026-08-04,CUST1191,Athira Rajan,Ernakulam,Grocery,Spices,4,520,25,Cash,Cancelled
ONAM102495,2026-08-19,CUST1316,Vishnu Varma,Kozhikode,Clothing,Kasavu Saree,4,5202,5,Net Banking,Cancelled
ONAM102496,2026-09-04,CUST1136,Suresh Nair,Kannur,Home Decor,Pookalam Set,2,352,10,Net Banking,Delivered
ONAM102497,2026-08-21,CUST1124,Rahul Nair,Palakkad,Electronics,Earbuds,1,5656,20,Net Banking,Returned
ONAM102498,2026-08-24,CUST1025,Lakshmi Pillai,Kottayam,Gifts,Dry Fruit Box,1,2199,10,Cash,Delivered
ONAM102499,2026-08-23,CUST1178,Adarsh Kumar,Kochi,Electronics,Bluetooth Speaker,8,3725,20,Credit Card,Delivered
ONAM102500,2026-08-07,CUST1370,Adarsh Nair,Ernakulam,Clothing,Onam Dress,3,2162,15,Wallet,Returned
ONAM102501,2026-07-25,CUST1290,Gokul Varma,Alappuzha,Electronics,Bluetooth Speaker,1,1974,0,Credit Card,Delivered
ONAM102502,2026-09-02,CUST1581,Arun Rajan,Kottayam,Electronics,Kitchen Appliance,4,8918,0,Cash,Delivered
ONAM102503,2026-09-08,CUST1442,Anjali Menon,Kollam,Clothing,Kurta,1,2052,20,Cash,Cancelled
ONAM102504,2026-08-17,CUST1273,Amal Joseph,Malappuram,Gifts,Tea Gift Set,2,1579,20,Credit Card,Delivered
ONAM102505,2026-08-11,CUST1119,Nithin Krishnan,Malappuram,Electronics,Kitchen Appliance,8,2524,0,Wallet,Delivered
ONAM102506,2026-08-02,CUST1364,Riya Das,Ernakulam,Gifts,Gift Hamper,3,2270,10,UPI,Delivered
ONAM102507,2026-08-25,CUST1138,Neha Das,Thiruvananthapuram,Grocery,Coconut Oil,6,273,30,Cash,Delivered
ONAM102508,2026-07-26,CUST1267,Rahul Thomas,Kottayam,Home Decor,Pookalam Set,7,478,10,UPI,Returned
ONAM102509,2026-08-14,CUST1587,Vishnu Joseph,Kozhikode,Home Decor,Wall Decor,5,1123,10,Net Banking,Delivered
ONAM102510,2026-08-01,CUST1057,Riya Kumar,Alappuzha,Electronics,Power Bank,1,1122,25,Cash,Returned
ONAM102511,2026-07-26,CUST1393,Vishnu Joseph,Thiruvananthapuram,Clothing,Kurta,3,1321,25,Debit Card,Delivered
ONAM102512,2026-09-07,CUST1064,Athira Rajan,Kollam,Home Decor,Flower Vase,6,416,10,Wallet,Delivered
ONAM102513,2026-08-31,CUST1297,Riya Thomas,Wayanad,Grocery,Rice,7,230,25,Credit Card,Delivered
ONAM102514,2026-09-02,CUST1493,Amal Menon,Palakkad,Grocery,Rice,8,217,25,Wallet,Delivered
ONAM102515,2026-08-27,CUST1474,Gokul Pillai,Palakkad,Grocery,Banana Chips,7,346,30,UPI,Delivered
ONAM102516,2026-08-25,CUST1342,Rahul Thomas,Palakkad,Electronics,Power Bank,3,2690,15,Credit Card,Delivered
ONAM102517,2026-08-22,CUST1158,Rahul Varma,Kollam,Gifts,Tea Gift Set,3,1657,20,Net Banking,Cancelled
ONAM102518,2026-08-30,CUST1257,Athira Thomas,Thrissur,Home Decor,Flower Vase,3,988,25,Wallet,Delivered
ONAM102519,2026-08-13,CUST1431,Suresh Das,Palakkad,Home Decor,Brass Lamp,4,1827,20,UPI,Delivered
ONAM102520,2026-07-27,CUST1248,Rahul Nair,Kottayam,Grocery,Rice,6,724,10,Wallet,Delivered
ONAM102521,2026-07-26,CUST1282,Vishnu Das,Kozhikode,Clothing,Kurta,6,1740,30,UPI,Returned
ONAM102522,2026-08-15,CUST1485,Neha Thomas,Malappuram,Electronics,Power Bank,1,1597,10,Wallet,Delivered
ONAM102523,2026-07-27,CUST1129,Kavya Krishnan,Malappuram,Gifts,Dry Fruit Box,7,2650,20,UPI,Delivered
ONAM102524,2026-08-05,CUST1081,Kavya Nair,Kottayam,Clothing,Mundu,4,597,10,Net Banking,Delivered
ONAM102525,2026-08-24,CUST1447,Lakshmi Rajan,Ernakulam,Home Decor,Table Decor,4,840,5,Debit Card,Delivered
ONAM102526,2026-08-09,CUST1063,Vishnu Joseph,Ernakulam,Clothing,Kids Ethnic Wear,7,1662,0,Credit Card,Returned
ONAM102527,2026-08-09,CUST1476,Riya Varma,Kottayam,Clothing,Onam Dress,6,1384,20,Cash,Returned
ONAM102528,2026-09-03,CUST1547,Vishnu Menon,Thiruvananthapuram,Home Decor,Flower Vase,7,1146,10,Cash,Delivered
ONAM102529,2026-09-06,CUST1494,Rahul Rajan,Kannur,Electronics,Smart Watch,3,6526,20,Debit Card,Cancelled
ONAM102530,2026-08-30,CUST1016,Neha Krishnan,Kochi,Gifts,Dry Fruit Box,3,1893,15,UPI,Cancelled
ONAM102531,2026-08-17,CUST1111,Anjali Krishnan,Kollam,Gifts,Kitchen Set,2,1505,30,UPI,Cancelled
ONAM102532,2026-08-18,CUST1481,Athira Das,Kollam,Home Decor,Pookalam Set,2,294,20,UPI,Returned
ONAM102533,2026-08-16,CUST1203,Rahul Krishnan,Kollam,Grocery,Spices,7,213,20,Cash,Delivered
ONAM102534,2026-08-18,CUST1073,Amal Pillai,Kochi,Home Decor,Brass Lamp,8,4498,15,Credit Card,Returned
ONAM102535,2026-08-29,CUST1284,Akhil Menon,Wayanad,Grocery,Pickle,8,459,20,Net Banking,Delivered
ONAM102536,2026-08-15,CUST1576,Neha Kumar,Kottayam,Home Decor,Flower Vase,2,1009,0,Debit Card,Delivered
ONAM102537,2026-07-31,CUST1103,Divya Das,Wayanad,Gifts,Tea Gift Set,1,594,5,UPI,Delivered
ONAM102538,2026-08-25,CUST1544,Arun Pillai,Kollam,Electronics,Smart Watch,8,6929,10,Net Banking,Delivered
ONAM102539,2026-08-30,CUST1312,Athira Krishnan,Wayanad,Home Decor,Brass Lamp,8,3557,30,Debit Card,Delivered
ONAM102540,2026-08-19,CUST1093,Nithin Menon,Kochi,Gifts,Tea Gift Set,5,1269,10,Debit Card,Returned
ONAM102541,2026-07-31,CUST1322,Divya Kumar,Palakkad,Clothing,Kasavu Saree,6,5852,20,Wallet,Returned
ONAM102542,2026-08-19,CUST1232,Kavya Nair,Kottayam,Gifts,Dry Fruit Box,8,1239,0,Debit Card,Returned
ONAM102543,2026-09-05,CUST1279,Arun Pillai,Kochi,Electronics,Power Bank,2,2381,15,Wallet,Delivered
ONAM102544,2026-08-12,CUST1423,Suresh Menon,Kottayam,Electronics,Smart Watch,1,4401,30,UPI,Delivered
ONAM102545,2026-08-18,CUST1336,Neha Menon,Kollam,Gifts,Kitchen Set,5,3021,10,Credit Card,Delivered
ONAM102546,2026-08-04,CUST1330,Adarsh Nair,Kannur,Gifts,Dry Fruit Box,1,1851,25,Wallet,Delivered
ONAM102547,2026-07-26,CUST1597,Neha Menon,Thiruvananthapuram,Home Decor,Brass Lamp,4,1524,30,Debit Card,Delivered
ONAM102548,2026-08-02,CUST1075,Adarsh Pillai,Malappuram,Electronics,Kitchen Appliance,5,4421,10,Credit Card,Delivered
ONAM102549,2026-08-19,CUST1440,Neha Varma,Thrissur,Home Decor,Wall Decor,6,978,20,Wallet,Delivered
ONAM102550,2026-08-23,CUST1202,Athira Das,Kochi,Electronics,Power Bank,4,2432,5,Net Banking,Delivered
ONAM102551,2026-08-28,CUST1512,Vishnu Menon,Thrissur,Electronics,Bluetooth Speaker,5,1527,20,Net Banking,Delivered
ONAM102552,2026-08-24,CUST1304,Arun Das,Kottayam,Clothing,Kasavu Saree,6,2565,25,Cash,Delivered
ONAM102553,2026-08-14,CUST1314,Neha Pillai,Ernakulam,Home Decor,Flower Vase,1,1469,0,Net Banking,Delivered
ONAM102554,2026-07-28,CUST1273,Athira Kumar,Kannur,Electronics,Earbuds,3,4756,20,Net Banking,Delivered
ONAM102555,2026-08-17,CUST1112,Gokul Das,Wayanad,Home Decor,Brass Lamp,5,4005,30,Credit Card,Delivered
ONAM102556,2026-09-06,CUST1570,Neha Rajan,Malappuram,Clothing,Onam Dress,4,3178,10,Credit Card,Returned
ONAM102557,2026-08-24,CUST1532,Athira Varma,Kozhikode,Clothing,Mundu,8,1563,0,Net Banking,Delivered
ONAM102558,2026-07-28,CUST1564,Suresh Nair,Alappuzha,Electronics,Kitchen Appliance,2,3297,10,Credit Card,Cancelled
ONAM102559,2026-09-04,CUST1504,Rahul Kumar,Palakkad,Electronics,Earbuds,5,4837,10,Cash,Delivered
ONAM102560,2026-08-25,CUST1091,Riya Nair,Kannur,Clothing,Kurta,3,1501,20,Net Banking,Delivered
ONAM102561,2026-07-26,CUST1572,Riya Menon,Kollam,Clothing,Kids Ethnic Wear,1,732,0,Cash,Delivered
ONAM102562,2026-08-18,CUST1285,Vishnu Joseph,Thiruvananthapuram,Grocery,Coconut Oil,6,743,10,UPI,Delivered
ONAM102563,2026-08-04,CUST1590,Suresh Joseph,Thiruvananthapuram,Electronics,Power Bank,4,2345,10,Cash,Returned
ONAM102564,2026-08-15,CUST1563,Arun Rajan,Wayanad,Grocery,Pickle,8,320,10,Net Banking,Delivered
ONAM102565,2026-07-27,CUST1272,Suresh Nair,Kannur,Electronics,Power Bank,5,1841,30,Wallet,Cancelled
ONAM102566,2026-08-11,CUST1421,Riya Pillai,Palakkad,Electronics,Earbuds,6,5387,25,Cash,Delivered
ONAM102567,2026-09-02,CUST1067,Athira Nair,Alappuzha,Grocery,Pickle,5,130,20,Cash,Delivered
ONAM102568,2026-08-25,CUST1260,Vishnu Varma,Palakkad,Home Decor,Brass Lamp,8,4235,10,Debit Card,Delivered
ONAM102569,2026-08-21,CUST1123,Gokul Das,Ernakulam,Grocery,Pickle,6,128,10,Debit Card,Delivered
ONAM102570,2026-09-03,CUST1153,Meera Pillai,Alappuzha,Grocery,Coconut Oil,3,477,10,Cash,Delivered
ONAM102571,2026-09-02,CUST1095,Amal Das,Thrissur,Electronics,Bluetooth Speaker,3,4827,25,Cash,Delivered
ONAM102572,2026-08-17,CUST1066,Meera Das,Ernakulam,Electronics,Smart Watch,5,2757,10,Debit Card,Delivered
ONAM102573,2026-08-06,CUST1205,Lakshmi Thomas,Alappuzha,Home Decor,Brass Lamp,5,4346,10,Debit Card,Returned
ONAM102574,2026-08-09,CUST1075,Neha Kumar,Kottayam,Home Decor,Flower Vase,6,587,25,Net Banking,Delivered
ONAM102575,2026-08-02,CUST1060,Arun Das,Kollam,Clothing,Onam Dress,1,2818,25,UPI,Delivered
ONAM102576,2026-09-01,CUST1272,Vishnu Thomas,Thrissur,Gifts,Gift Hamper,8,947,0,Cash,Delivered
ONAM102577,2026-07-28,CUST1274,Anjali Rajan,Alappuzha,Grocery,Spices,1,1078,0,Wallet,Delivered
ONAM102578,2026-09-04,CUST1093,Hari Kumar,Alappuzha,Gifts,Tea Gift Set,5,882,30,Wallet,Returned
ONAM102579,2026-07-28,CUST1443,Anjali Das,Thrissur,Clothing,Kids Ethnic Wear,2,1382,15,Credit Card,Delivered
ONAM102580,2026-08-05,CUST1182,Lakshmi Kumar,Malappuram,Home Decor,Pookalam Set,4,206,5,Cash,Delivered
ONAM102581,2026-08-18,CUST1488,Adarsh Krishnan,Wayanad,Home Decor,Wall Decor,6,1239,30,UPI,Delivered
ONAM102582,2026-09-01,CUST1407,Akhil Kumar,Thrissur,Home Decor,Pookalam Set,3,942,10,Net Banking,Delivered
ONAM102583,2026-07-27,CUST1326,Gokul Thomas,Ernakulam,Clothing,Mundu,2,1714,10,Credit Card,Returned
ONAM102584,2026-08-24,CUST1196,Nithin Thomas,Kollam,Clothing,Kids Ethnic Wear,8,672,5,Wallet,Delivered
ONAM102585,2026-07-26,CUST1064,Rahul Krishnan,Kollam,Grocery,Coconut Oil,5,640,0,Debit Card,Delivered
ONAM102586,2026-08-10,CUST1208,Arun Kumar,Wayanad,Gifts,Tea Gift Set,8,1302,0,Cash,Returned
ONAM102587,2026-08-24,CUST1163,Arun Krishnan,Kozhikode,Gifts,Chocolate Box,6,442,0,Credit Card,Delivered
ONAM102588,2026-08-01,CUST1147,Suresh Krishnan,Kannur,Home Decor,Table Decor,2,219,10,Wallet,Returned
ONAM102589,2026-09-04,CUST1554,Hari Das,Malappuram,Gifts,Kitchen Set,3,1907,10,Wallet,Delivered
ONAM102590,2026-07-31,CUST1256,Lakshmi Varma,Alappuzha,Grocery,Pickle,6,170,30,Wallet,Delivered
ONAM102591,2026-07-25,CUST1345,Athira Joseph,Thrissur,Clothing,Mundu,2,1408,30,Debit Card,Delivered
ONAM102592,2026-09-06,CUST1393,Meera Varma,Ernakulam,Gifts,Kitchen Set,2,2682,15,Wallet,Delivered
ONAM102593,2026-08-26,CUST1207,Neha Menon,Alappuzha,Clothing,Mundu,8,1341,25,UPI,Delivered
ONAM102594,2026-09-08,CUST1434,Lakshmi Menon,Thrissur,Home Decor,Pookalam Set,7,1015,0,UPI,Cancelled
ONAM102595,2026-07-30,CUST1528,Nithin Menon,Wayanad,Home Decor,Pookalam Set,7,696,20,Wallet,Delivered
ONAM102596,2026-08-16,CUST1573,Riya Menon,Thrissur,Home Decor,Wall Decor,3,559,20,Cash,Delivered
ONAM102597,2026-09-02,CUST1225,Lakshmi Krishnan,Kochi,Electronics,Power Bank,3,2709,30,Credit Card,Cancelled
ONAM102598,2026-09-04,CUST1141,Rahul Joseph,Thiruvananthapuram,Clothing,Kids Ethnic Wear,6,549,10,Cash,Delivered
ONAM102599,2026-08-22,CUST1232,Anjali Kumar,Thiruvananthapuram,Gifts,Kitchen Set,7,3499,0,Cash,Delivered
ONAM102600,2026-07-25,CUST1416,Suresh Das,Wayanad,Gifts,Kitchen Set,3,2523,20,Cash,Delivered
ONAM102601,2026-07-30,CUST1344,Nithin Menon,Palakkad,Electronics,Earbuds,4,4533,30,Credit Card,Returned
ONAM102602,2026-08-26,CUST1414,Nithin Menon,Kollam,Home Decor,Brass Lamp,5,1095,5,Cash,Returned
ONAM102603,2026-09-07,CUST1573,Meera Menon,Kottayam,Gifts,Chocolate Box,3,1246,15,Debit Card,Delivered
ONAM102604,2026-09-01,CUST1011,Arun Thomas,Kollam,Gifts,Tea Gift Set,2,678,5,Cash,Returned
ONAM102605,2026-08-18,CUST1226,Rahul Joseph,Ernakulam,Clothing,Mundu,2,861,15,Wallet,Delivered
ONAM102606,2026-08-13,CUST1148,Nithin Nair,Malappuram,Home Decor,Table Decor,5,296,15,Wallet,Cancelled
ONAM102607,2026-08-09,CUST1024,Riya Kumar,Ernakulam,Home Decor,Pookalam Set,2,607,0,Debit Card,Delivered
ONAM102608,2026-08-28,CUST1261,Amal Varma,Wayanad,Grocery,Pickle,8,463,15,Wallet,Cancelled
ONAM102609,2026-08-09,CUST1020,Suresh Nair,Alappuzha,Grocery,Coconut Oil,8,716,0,Net Banking,Cancelled
ONAM102610,2026-08-27,CUST1335,Lakshmi Varma,Kochi,Electronics,Bluetooth Speaker,1,3265,0,UPI,Delivered
ONAM102611,2026-08-04,CUST1170,Meera Kumar,Malappuram,Home Decor,Table Decor,8,1287,30,Cash,Delivered
ONAM102612,2026-08-12,CUST1204,Gokul Kumar,Palakkad,Clothing,Kasavu Saree,2,2559,25,Debit Card,Delivered
ONAM102613,2026-08-29,CUST1549,Hari Thomas,Alappuzha,Electronics,Earbuds,3,6885,10,Cash,Delivered
ONAM102614,2026-08-26,CUST1166,Divya Kumar,Ernakulam,Gifts,Dry Fruit Box,5,2281,25,Cash,Returned
ONAM102615,2026-09-07,CUST1039,Gokul Rajan,Ernakulam,Clothing,Mundu,3,1355,5,UPI,Delivered
ONAM102616,2026-08-19,CUST1152,Rahul Kumar,Malappuram,Clothing,Mundu,2,929,15,Net Banking,Delivered
ONAM102617,2026-07-27,CUST1242,Rahul Nair,Ernakulam,Grocery,Pickle,5,295,10,Wallet,Cancelled
ONAM102618,2026-08-19,CUST1388,Meera Krishnan,Alappuzha,Home Decor,Pookalam Set,7,986,10,Net Banking,Returned
ONAM102619,2026-08-23,CUST1387,Riya Kumar,Kottayam,Clothing,Kurta,7,1742,10,Cash,Delivered
ONAM102620,2026-08-23,CUST1451,Suresh Kumar,Kochi,Electronics,Power Bank,3,2074,25,Debit Card,Delivered
ONAM102621,2026-07-25,CUST1450,Riya Das,Kollam,Grocery,Pickle,2,260,10,UPI,Delivered
ONAM102622,2026-08-21,CUST1588,Rahul Joseph,Kozhikode,Gifts,Tea Gift Set,5,656,5,Cash,Returned
ONAM102623,2026-09-01,CUST1212,Lakshmi Thomas,Thiruvananthapuram,Grocery,Rice,8,184,15,Net Banking,Returned
ONAM102624,2026-08-13,CUST1577,Kavya Nair,Palakkad,Electronics,Power Bank,5,1594,25,UPI,Delivered
ONAM102625,2026-07-30,CUST1221,Rahul Nair,Malappuram,Electronics,Earbuds,6,1371,15,Net Banking,Delivered
ONAM102626,2026-07-30,CUST1332,Adarsh Das,Kottayam,Grocery,Rice,1,245,25,Credit Card,Returned
ONAM102627,2026-07-26,CUST1283,Adarsh Krishnan,Kollam,Clothing,Mundu,4,716,30,Wallet,Delivered
ONAM102628,2026-08-24,CUST1098,Gokul Varma,Alappuzha,Clothing,Kurta,8,1610,15,UPI,Delivered
ONAM102629,2026-07-27,CUST1579,Lakshmi Das,Malappuram,Home Decor,Brass Lamp,3,2926,10,Credit Card,Delivered
ONAM102630,2026-08-12,CUST1113,Vishnu Varma,Kannur,Gifts,Kitchen Set,3,1903,15,Net Banking,Delivered
ONAM102631,2026-08-30,CUST1327,Arun Menon,Ernakulam,Home Decor,Table Decor,4,567,0,Credit Card,Cancelled
ONAM102632,2026-08-12,CUST1291,Adarsh Kumar,Kochi,Electronics,Bluetooth Speaker,6,5210,5,Credit Card,Delivered
ONAM102633,2026-08-04,CUST1044,Divya Menon,Ernakulam,Home Decor,Flower Vase,2,429,5,Net Banking,Delivered
ONAM102634,2026-08-31,CUST1182,Rahul Thomas,Ernakulam,Gifts,Kitchen Set,6,2676,10,Debit Card,Cancelled
ONAM102635,2026-08-10,CUST1258,Vishnu Kumar,Wayanad,Gifts,Dry Fruit Box,5,1827,10,Credit Card,Delivered
ONAM102636,2026-08-17,CUST1177,Nithin Pillai,Kochi,Gifts,Chocolate Box,4,1490,15,Wallet,Cancelled
ONAM102637,2026-07-30,CUST1008,Anjali Menon,Kollam,Grocery,Rice,6,490,10,UPI,Delivered
ONAM102638,2026-08-14,CUST1384,Meera Das,Kottayam,Clothing,Kids Ethnic Wear,8,1114,15,Net Banking,Delivered
ONAM102639,2026-08-26,CUST1459,Nithin Varma,Alappuzha,Home Decor,Flower Vase,7,553,10,Wallet,Delivered
ONAM102640,2026-08-27,CUST1547,Lakshmi Rajan,Kottayam,Home Decor,Pookalam Set,6,569,25,Wallet,Returned
ONAM102641,2026-07-26,CUST1486,Adarsh Pillai,Kochi,Home Decor,Brass Lamp,6,1197,15,UPI,Delivered
ONAM102642,2026-07-31,CUST1277,Divya Nair,Malappuram,Grocery,Rice,8,117,0,Wallet,Delivered
ONAM102643,2026-08-03,CUST1296,Lakshmi Menon,Malappuram,Grocery,Banana Chips,7,429,0,Net Banking,Delivered
ONAM102644,2026-08-10,CUST1097,Anjali Pillai,Malappuram,Grocery,Coconut Oil,8,204,30,Debit Card,Delivered
ONAM102645,2026-08-01,CUST1020,Meera Rajan,Kollam,Electronics,Kitchen Appliance,1,3008,25,UPI,Delivered
ONAM102646,2026-08-24,CUST1373,Athira Kumar,Kollam,Electronics,Bluetooth Speaker,1,2445,0,Credit Card,Delivered
ONAM102647,2026-08-07,CUST1064,Amal Thomas,Kochi,Grocery,Banana Chips,4,373,5,Wallet,Delivered
ONAM102648,2026-09-02,CUST1441,Nithin Krishnan,Alappuzha,Clothing,Onam Dress,2,1687,5,Debit Card,Delivered
ONAM102649,2026-08-22,CUST1060,Adarsh Pillai,Malappuram,Clothing,Mundu,3,1159,25,Wallet,Delivered
ONAM102650,2026-09-06,CUST1386,Riya Rajan,Wayanad,Home Decor,Wall Decor,7,672,10,Credit Card,Delivered
ONAM102651,2026-09-04,CUST1188,Gokul Menon,Thrissur,Home Decor,Flower Vase,2,333,15,Debit Card,Delivered
ONAM102652,2026-08-31,CUST1334,Kavya Rajan,Palakkad,Electronics,Bluetooth Speaker,2,1996,0,UPI,Delivered
ONAM102653,2026-08-31,CUST1269,Meera Joseph,Thrissur,Electronics,Kitchen Appliance,2,8054,25,Cash,Returned
ONAM102654,2026-07-26,CUST1357,Nithin Pillai,Kottayam,Home Decor,Table Decor,3,247,20,UPI,Returned
ONAM102655,2026-08-25,CUST1311,Akhil Joseph,Malappuram,Electronics,Kitchen Appliance,2,5248,15,Net Banking,Delivered
ONAM102656,2026-08-19,CUST1104,Anjali Krishnan,Palakkad,Grocery,Banana Chips,7,124,25,Net Banking,Cancelled
ONAM102657,2026-07-29,CUST1365,Vishnu Das,Kottayam,Grocery,Spices,5,654,10,Debit Card,Cancelled
ONAM102658,2026-07-27,CUST1395,Arun Menon,Thrissur,Grocery,Spices,8,371,10,Debit Card,Returned
ONAM102659,2026-08-30,CUST1097,Riya Menon,Thrissur,Clothing,Kasavu Saree,2,2301,10,UPI,Returned
ONAM102660,2026-07-29,CUST1016,Arun Varma,Palakkad,Home Decor,Flower Vase,8,471,0,Credit Card,Delivered
ONAM102661,2026-09-06,CUST1321,Anjali Krishnan,Kannur,Clothing,Kids Ethnic Wear,3,1176,25,Cash,Delivered
ONAM102662,2026-09-01,CUST1365,Arun Varma,Palakkad,Electronics,Kitchen Appliance,4,6296,20,Debit Card,Delivered
ONAM102663,2026-08-21,CUST1036,Hari Das,Kannur,Clothing,Mundu,6,1016,30,Wallet,Delivered
ONAM102664,2026-08-03,CUST1049,Rahul Kumar,Wayanad,Home Decor,Wall Decor,6,1750,20,Wallet,Delivered
ONAM102665,2026-08-01,CUST1222,Arun Pillai,Kozhikode,Electronics,Smart Watch,2,9788,5,UPI,Delivered
ONAM102666,2026-09-04,CUST1284,Adarsh Pillai,Kochi,Gifts,Tea Gift Set,8,1051,20,Credit Card,Delivered
ONAM102667,2026-08-25,CUST1547,Rahul Krishnan,Kozhikode,Home Decor,Table Decor,7,1491,20,Net Banking,Delivered
ONAM102668,2026-08-01,CUST1483,Suresh Rajan,Kochi,Grocery,Spices,1,537,15,Cash,Delivered
ONAM102669,2026-08-03,CUST1316,Rahul Rajan,Ernakulam,Electronics,Power Bank,5,2727,0,Debit Card,Delivered
ONAM102670,2026-08-08,CUST1010,Athira Varma,Palakkad,Home Decor,Wall Decor,8,925,0,Credit Card,Delivered
ONAM102671,2026-09-05,CUST1530,Gokul Joseph,Kollam,Grocery,Spices,8,971,25,Wallet,Delivered
ONAM102672,2026-08-15,CUST1304,Adarsh Varma,Wayanad,Gifts,Tea Gift Set,8,1184,10,Credit Card,Delivered
ONAM102673,2026-08-14,CUST1574,Nithin Joseph,Wayanad,Grocery,Rice,2,322,25,Net Banking,Delivered
ONAM102674,2026-08-05,CUST1323,Gokul Varma,Ernakulam,Gifts,Kitchen Set,5,3037,10,UPI,Cancelled
ONAM102675,2026-08-18,CUST1322,Lakshmi Joseph,Ernakulam,Gifts,Gift Hamper,1,1661,10,Cash,Delivered
ONAM102676,2026-08-09,CUST1447,Nithin Nair,Kollam,Gifts,Tea Gift Set,8,1595,0,Debit Card,Delivered
ONAM102677,2026-09-05,CUST1093,Meera Varma,Thrissur,Electronics,Earbuds,3,4922,15,UPI,Returned
ONAM102678,2026-07-28,CUST1281,Hari Varma,Ernakulam,Gifts,Gift Hamper,6,1924,25,Debit Card,Cancelled
ONAM102679,2026-08-09,CUST1228,Kavya Das,Malappuram,Home Decor,Table Decor,5,1260,25,Net Banking,Delivered
ONAM102680,2026-08-25,CUST1373,Lakshmi Pillai,Alappuzha,Gifts,Dry Fruit Box,2,1954,25,Net Banking,Returned
ONAM102681,2026-09-01,CUST1223,Nithin Menon,Kottayam,Gifts,Dry Fruit Box,8,2568,15,Cash,Returned
ONAM102682,2026-08-26,CUST1221,Divya Thomas,Thiruvananthapuram,Clothing,Kurta,5,2476,5,Cash,Cancelled
ONAM102683,2026-07-30,CUST1163,Rahul Nair,Alappuzha,Grocery,Spices,1,325,20,UPI,Delivered
ONAM102684,2026-07-25,CUST1196,Adarsh Menon,Kozhikode,Clothing,Kurta,8,896,25,Wallet,Returned
ONAM102685,2026-08-23,CUST1374,Suresh Nair,Ernakulam,Electronics,Earbuds,1,1011,10,Cash,Delivered
ONAM102686,2026-07-25,CUST1352,Athira Das,Alappuzha,Electronics,Kitchen Appliance,3,11779,15,Debit Card,Delivered
ONAM102687,2026-08-10,CUST1479,Anjali Joseph,Wayanad,Grocery,Banana Chips,6,132,0,Credit Card,Delivered
ONAM102688,2026-08-14,CUST1147,Adarsh Menon,Palakkad,Electronics,Power Bank,4,1453,5,Debit Card,Delivered
ONAM102689,2026-08-12,CUST1592,Lakshmi Rajan,Kozhikode,Gifts,Tea Gift Set,6,1168,30,Wallet,Delivered
ONAM102690,2026-08-06,CUST1026,Vishnu Pillai,Kozhikode,Electronics,Earbuds,6,2387,25,UPI,Returned
ONAM102691,2026-07-25,CUST1400,Meera Krishnan,Ernakulam,Grocery,Rice,6,696,20,Credit Card,Delivered
ONAM102692,2026-08-25,CUST1327,Neha Thomas,Kozhikode,Electronics,Power Bank,6,882,10,Debit Card,Delivered
ONAM102693,2026-08-04,CUST1123,Amal Joseph,Palakkad,Home Decor,Table Decor,5,1200,15,Credit Card,Delivered
ONAM102694,2026-09-07,CUST1046,Lakshmi Thomas,Malappuram,Home Decor,Pookalam Set,5,774,25,Credit Card,Delivered
ONAM102695,2026-08-18,CUST1342,Kavya Pillai,Wayanad,Gifts,Chocolate Box,5,913,15,Debit Card,Delivered
ONAM102696,2026-08-30,CUST1177,Rahul Nair,Malappuram,Electronics,Bluetooth Speaker,6,4937,20,Debit Card,Returned
ONAM102697,2026-08-26,CUST1106,Nithin Menon,Kottayam,Gifts,Kitchen Set,8,3319,15,Debit Card,Delivered
ONAM102698,2026-07-30,CUST1358,Neha Das,Kochi,Gifts,Kitchen Set,2,1425,25,Net Banking,Returned
ONAM102699,2026-08-14,CUST1592,Rahul Nair,Wayanad,Grocery,Banana Chips,6,337,15,Credit Card,Delivered
ONAM102700,2026-08-14,CUST1102,Hari Nair,Thrissur,Grocery,Coconut Oil,4,705,15,Credit Card,Delivered
ONAM102701,2026-08-27,CUST1583,Nithin Kumar,Alappuzha,Gifts,Kitchen Set,3,3248,10,Debit Card,Returned
ONAM102702,2026-08-08,CUST1440,Riya Varma,Thrissur,Grocery,Spices,4,297,0,UPI,Delivered
ONAM102703,2026-08-07,CUST1083,Arun Varma,Thiruvananthapuram,Clothing,Kids Ethnic Wear,7,1178,30,Credit Card,Cancelled
ONAM102704,2026-08-08,CUST1115,Amal Das,Thrissur,Electronics,Power Bank,3,1057,15,Wallet,Delivered
ONAM102705,2026-08-15,CUST1405,Nithin Menon,Thiruvananthapuram,Clothing,Kids Ethnic Wear,4,2182,20,Cash,Delivered
ONAM102706,2026-08-03,CUST1529,Hari Varma,Kozhikode,Gifts,Dry Fruit Box,8,1226,20,UPI,Delivered
ONAM102707,2026-08-27,CUST1054,Neha Kumar,Malappuram,Clothing,Kasavu Saree,4,2289,30,Cash,Delivered
ONAM102708,2026-08-31,CUST1528,Anjali Menon,Kollam,Clothing,Kurta,8,1265,5,Wallet,Cancelled
ONAM102709,2026-07-29,CUST1330,Rahul Pillai,Kochi,Clothing,Onam Dress,6,1082,0,Cash,Delivered
ONAM102710,2026-08-18,CUST1082,Riya Nair,Malappuram,Home Decor,Brass Lamp,5,3729,5,Cash,Delivered
ONAM102711,2026-09-06,CUST1546,Vishnu Kumar,Thiruvananthapuram,Clothing,Onam Dress,5,2377,30,Credit Card,Delivered
ONAM102712,2026-08-09,CUST1033,Nithin Menon,Kannur,Clothing,Kurta,3,2009,15,Cash,Delivered
ONAM102713,2026-08-22,CUST1371,Adarsh Thomas,Malappuram,Electronics,Kitchen Appliance,4,11446,0,UPI,Cancelled
ONAM102714,2026-08-11,CUST1134,Athira Thomas,Malappuram,Clothing,Mundu,6,1409,10,Net Banking,Delivered
ONAM102715,2026-08-18,CUST1009,Neha Krishnan,Kozhikode,Clothing,Kasavu Saree,5,2087,10,Net Banking,Delivered
ONAM102716,2026-09-02,CUST1544,Arun Pillai,Thrissur,Clothing,Kasavu Saree,1,5307,25,Net Banking,Delivered
ONAM102717,2026-08-16,CUST1520,Riya Joseph,Ernakulam,Home Decor,Flower Vase,6,204,15,Net Banking,Delivered
ONAM102718,2026-09-02,CUST1144,Kavya Joseph,Malappuram,Gifts,Tea Gift Set,4,1749,0,Wallet,Delivered
ONAM102719,2026-08-21,CUST1151,Divya Rajan,Kottayam,Gifts,Dry Fruit Box,3,2736,10,Cash,Delivered
ONAM102720,2026-08-05,CUST1307,Lakshmi Thomas,Thrissur,Gifts,Kitchen Set,4,2891,15,Wallet,Returned
ONAM102721,2026-07-30,CUST1161,Divya Kumar,Kochi,Electronics,Earbuds,2,1140,30,Debit Card,Delivered
ONAM102722,2026-08-05,CUST1329,Amal Pillai,Malappuram,Clothing,Kids Ethnic Wear,4,1984,10,Cash,Delivered
ONAM102723,2026-08-29,CUST1579,Arun Krishnan,Palakkad,Electronics,Power Bank,2,1897,5,Wallet,Delivered
ONAM102724,2026-09-03,CUST1342,Vishnu Krishnan,Ernakulam,Home Decor,Brass Lamp,5,1143,25,Debit Card,Delivered
ONAM102725,2026-09-04,CUST1190,Neha Menon,Kottayam,Grocery,Coconut Oil,5,385,20,Cash,Delivered
ONAM102726,2026-08-31,CUST1572,Kavya Joseph,Kannur,Clothing,Mundu,4,785,0,UPI,Delivered
ONAM102727,2026-08-30,CUST1049,Lakshmi Krishnan,Wayanad,Clothing,Kasavu Saree,5,5466,0,UPI,Delivered
ONAM102728,2026-08-11,CUST1390,Divya Kumar,Thiruvananthapuram,Grocery,Spices,6,211,30,Debit Card,Returned
ONAM102729,2026-08-04,CUST1230,Divya Menon,Thiruvananthapuram,Clothing,Onam Dress,5,2551,25,Debit Card,Delivered
ONAM102730,2026-08-07,CUST1170,Neha Nair,Kochi,Grocery,Spices,6,960,25,Credit Card,Delivered
ONAM102731,2026-08-20,CUST1100,Arun Pillai,Kottayam,Gifts,Gift Hamper,5,994,25,Cash,Returned
ONAM102732,2026-08-17,CUST1243,Suresh Varma,Ernakulam,Gifts,Kitchen Set,8,3002,20,Credit Card,Delivered
ONAM102733,2026-08-23,CUST1009,Rahul Pillai,Thrissur,Gifts,Gift Hamper,7,1328,5,Wallet,Returned
ONAM102734,2026-08-20,CUST1538,Suresh Krishnan,Thiruvananthapuram,Electronics,Power Bank,5,2833,15,Net Banking,Delivered
ONAM102735,2026-07-26,CUST1267,Neha Thomas,Kozhikode,Electronics,Smart Watch,5,6836,20,Credit Card,Delivered
ONAM102736,2026-08-16,CUST1103,Suresh Varma,Malappuram,Electronics,Power Bank,5,2380,10,UPI,Returned
ONAM102737,2026-09-05,CUST1354,Athira Varma,Malappuram,Electronics,Kitchen Appliance,7,3947,10,UPI,Returned
ONAM102738,2026-08-19,CUST1288,Suresh Menon,Thiruvananthapuram,Electronics,Smart Watch,6,2145,30,Net Banking,Delivered
ONAM102739,2026-09-04,CUST1593,Gokul Kumar,Malappuram,Grocery,Pickle,5,339,15,Credit Card,Delivered
ONAM102740,2026-08-19,CUST1091,Adarsh Pillai,Palakkad,Grocery,Rice,8,101,10,UPI,Delivered
ONAM102741,2026-08-25,CUST1007,Vishnu Kumar,Malappuram,Home Decor,Pookalam Set,1,745,20,Debit Card,Cancelled
ONAM102742,2026-08-11,CUST1148,Vishnu Rajan,Kollam,Home Decor,Wall Decor,7,1500,30,Wallet,Delivered
ONAM102743,2026-08-30,CUST1301,Rahul Nair,Malappuram,Electronics,Smart Watch,5,1753,25,Wallet,Delivered
ONAM102744,2026-09-08,CUST1508,Rahul Krishnan,Kozhikode,Home Decor,Brass Lamp,2,3428,20,Cash,Delivered
ONAM102745,2026-09-04,CUST1476,Athira Menon,Kochi,Home Decor,Wall Decor,1,1073,5,Wallet,Delivered
ONAM102746,2026-07-30,CUST1123,Neha Krishnan,Palakkad,Grocery,Rice,7,839,10,Credit Card,Delivered
ONAM102747,2026-08-02,CUST1079,Riya Nair,Wayanad,Grocery,Rice,8,91,10,Wallet,Returned
ONAM102748,2026-08-05,CUST1043,Kavya Rajan,Malappuram,Grocery,Coconut Oil,7,822,25,Cash,Delivered
ONAM102749,2026-08-08,CUST1532,Athira Menon,Thiruvananthapuram,Clothing,Kids Ethnic Wear,6,1740,10,UPI,Returned
ONAM102750,2026-08-22,CUST1426,Anjali Rajan,Thrissur,Gifts,Gift Hamper,4,432,15,Wallet,Delivered
ONAM102751,2026-08-31,CUST1504,Amal Kumar,Kottayam,Clothing,Mundu,5,814,15,UPI,Delivered
ONAM102752,2026-08-13,CUST1543,Vishnu Pillai,Ernakulam,Electronics,Bluetooth Speaker,2,2068,25,Net Banking,Delivered
ONAM102753,2026-07-27,CUST1372,Adarsh Krishnan,Kozhikode,Electronics,Power Bank,6,2578,20,Net Banking,Delivered
ONAM102754,2026-08-01,CUST1232,Kavya Pillai,Palakkad,Electronics,Smart Watch,2,3652,5,Cash,Delivered
ONAM102755,2026-09-04,CUST1129,Rahul Pillai,Alappuzha,Home Decor,Flower Vase,6,393,5,Credit Card,Delivered
ONAM102756,2026-09-08,CUST1372,Athira Pillai,Malappuram,Gifts,Chocolate Box,2,1305,20,Credit Card,Delivered
ONAM102757,2026-08-13,CUST1412,Adarsh Thomas,Ernakulam,Gifts,Gift Hamper,5,416,10,Cash,Delivered
ONAM102758,2026-08-13,CUST1124,Divya Pillai,Kochi,Clothing,Kids Ethnic Wear,7,1151,15,Net Banking,Cancelled
ONAM102759,2026-08-31,CUST1065,Arun Rajan,Wayanad,Grocery,Coconut Oil,5,381,20,Cash,Delivered
ONAM102760,2026-08-14,CUST1560,Riya Varma,Thiruvananthapuram,Clothing,Kids Ethnic Wear,4,1044,25,Net Banking,Delivered
ONAM102761,2026-08-26,CUST1063,Vishnu Joseph,Ernakulam,Grocery,Rice,1,693,20,Debit Card,Delivered
ONAM102762,2026-08-09,CUST1569,Meera Rajan,Ernakulam,Electronics,Kitchen Appliance,3,7064,0,Credit Card,Returned
ONAM102763,2026-08-17,CUST1311,Adarsh Nair,Thiruvananthapuram,Gifts,Dry Fruit Box,6,2189,5,Net Banking,Delivered
ONAM102764,2026-08-22,CUST1459,Vishnu Menon,Thrissur,Home Decor,Table Decor,3,389,10,UPI,Delivered
ONAM102765,2026-09-07,CUST1480,Meera Kumar,Thiruvananthapuram,Clothing,Onam Dress,1,2827,10,Credit Card,Delivered
ONAM102766,2026-09-03,CUST1459,Meera Rajan,Thrissur,Grocery,Banana Chips,4,138,30,UPI,Delivered
ONAM102767,2026-08-09,CUST1047,Amal Pillai,Kochi,Gifts,Tea Gift Set,1,1052,0,Net Banking,Delivered
ONAM102768,2026-08-24,CUST1518,Kavya Varma,Alappuzha,Electronics,Power Bank,1,1134,25,Debit Card,Delivered
ONAM102769,2026-08-19,CUST1351,Riya Kumar,Wayanad,Grocery,Spices,6,936,15,Wallet,Cancelled
ONAM102770,2026-09-04,CUST1375,Divya Das,Kollam,Grocery,Rice,8,331,25,UPI,Delivered
ONAM102771,2026-08-28,CUST1022,Suresh Das,Malappuram,Clothing,Onam Dress,2,2344,25,Debit Card,Delivered
ONAM102772,2026-08-03,CUST1133,Adarsh Rajan,Thiruvananthapuram,Home Decor,Flower Vase,6,1282,10,Cash,Delivered
ONAM102773,2026-08-01,CUST1394,Rahul Rajan,Kannur,Gifts,Kitchen Set,1,3166,20,Debit Card,Delivered
ONAM102774,2026-09-08,CUST1009,Akhil Rajan,Kannur,Clothing,Kasavu Saree,2,3273,10,Wallet,Delivered
ONAM102775,2026-08-07,CUST1328,Arun Rajan,Kochi,Gifts,Kitchen Set,4,2506,10,Net Banking,Delivered
ONAM102776,2026-08-05,CUST1299,Adarsh Joseph,Kottayam,Electronics,Earbuds,7,4565,30,Credit Card,Delivered
ONAM102777,2026-09-08,CUST1177,Kavya Thomas,Kottayam,Home Decor,Flower Vase,8,1426,15,Credit Card,Delivered
ONAM102778,2026-08-18,CUST1482,Amal Kumar,Kollam,Gifts,Gift Hamper,8,940,10,Net Banking,Returned
ONAM102779,2026-08-14,CUST1529,Athira Joseph,Kozhikode,Electronics,Bluetooth Speaker,7,5952,30,Cash,Returned
ONAM102780,2026-08-16,CUST1185,Gokul Kumar,Thiruvananthapuram,Gifts,Kitchen Set,6,1546,25,Cash,Delivered
ONAM102781,2026-08-01,CUST1548,Amal Varma,Kochi,Electronics,Kitchen Appliance,8,11024,10,Wallet,Delivered
ONAM102782,2026-08-31,CUST1259,Riya Varma,Ernakulam,Gifts,Kitchen Set,2,2073,20,Credit Card,Cancelled
ONAM102783,2026-08-21,CUST1055,Riya Menon,Kottayam,Home Decor,Flower Vase,7,877,10,Wallet,Delivered
ONAM102784,2026-08-09,CUST1110,Adarsh Varma,Kollam,Electronics,Kitchen Appliance,7,4868,15,Debit Card,Delivered
ONAM102785,2026-08-29,CUST1312,Suresh Nair,Palakkad,Clothing,Kids Ethnic Wear,3,1252,25,Credit Card,Delivered
ONAM102786,2026-07-26,CUST1397,Gokul Das,Thrissur,Grocery,Pickle,7,154,5,Debit Card,Delivered
ONAM102787,2026-08-29,CUST1303,Riya Das,Ernakulam,Home Decor,Wall Decor,4,1096,25,Debit Card,Delivered
ONAM102788,2026-07-26,CUST1189,Lakshmi Thomas,Malappuram,Electronics,Smart Watch,7,2251,20,Wallet,Returned
ONAM102789,2026-07-25,CUST1576,Neha Krishnan,Kottayam,Electronics,Earbuds,3,1604,0,Net Banking,Delivered
ONAM102790,2026-08-12,CUST1588,Kavya Pillai,Alappuzha,Gifts,Chocolate Box,2,1123,20,Debit Card,Delivered
ONAM102791,2026-09-05,CUST1006,Gokul Krishnan,Thiruvananthapuram,Clothing,Kids Ethnic Wear,8,1551,15,Credit Card,Delivered
ONAM102792,2026-09-08,CUST1277,Akhil Thomas,Ernakulam,Electronics,Smart Watch,1,7506,10,Debit Card,Delivered
ONAM102793,2026-08-19,CUST1250,Amal Pillai,Palakkad,Home Decor,Pookalam Set,6,182,25,Wallet,Delivered
ONAM102794,2026-08-09,CUST1507,Meera Krishnan,Kozhikode,Electronics,Power Bank,3,2593,0,Wallet,Returned
ONAM102795,2026-07-27,CUST1198,Nithin Kumar,Kannur,Gifts,Gift Hamper,8,679,25,Cash,Delivered
ONAM102796,2026-08-01,CUST1138,Riya Kumar,Thrissur,Gifts,Tea Gift Set,8,352,10,Credit Card,Returned
ONAM102797,2026-09-07,CUST1134,Riya Joseph,Thiruvananthapuram,Grocery,Spices,6,187,10,Wallet,Delivered
ONAM102798,2026-07-26,CUST1489,Hari Pillai,Kollam,Clothing,Kurta,1,1963,0,Net Banking,Delivered
ONAM102799,2026-08-27,CUST1493,Arun Das,Palakkad,Clothing,Kasavu Saree,2,4116,20,Net Banking,Delivered
ONAM102800,2026-08-17,CUST1276,Rahul Varma,Wayanad,Gifts,Chocolate Box,4,1343,10,Credit Card,Cancelled
ONAM102801,2026-08-17,CUST1589,Neha Das,Malappuram,Electronics,Smart Watch,4,2430,25,Debit Card,Cancelled
ONAM102802,2026-09-08,CUST1579,Kavya Menon,Thrissur,Grocery,Rice,8,524,30,UPI,Delivered
ONAM102803,2026-08-15,CUST1101,Gokul Nair,Kochi,Home Decor,Flower Vase,5,1274,20,Net Banking,Cancelled
ONAM102804,2026-08-17,CUST1437,Kavya Joseph,Kollam,Gifts,Kitchen Set,3,1601,30,Credit Card,Delivered
ONAM102805,2026-07-28,CUST1146,Lakshmi Nair,Kozhikode,Electronics,Bluetooth Speaker,8,5035,10,Debit Card,Delivered
ONAM102806,2026-08-20,CUST1483,Adarsh Nair,Palakkad,Electronics,Kitchen Appliance,4,2461,20,Credit Card,Delivered
ONAM102807,2026-07-31,CUST1234,Gokul Rajan,Thrissur,Grocery,Coconut Oil,8,535,15,UPI,Cancelled
ONAM102808,2026-07-26,CUST1380,Rahul Varma,Alappuzha,Home Decor,Flower Vase,5,950,10,Credit Card,Cancelled
ONAM102809,2026-08-11,CUST1178,Adarsh Krishnan,Thrissur,Home Decor,Table Decor,2,767,25,UPI,Returned
ONAM102810,2026-08-07,CUST1399,Gokul Menon,Thrissur,Clothing,Mundu,1,436,5,Cash,Delivered
ONAM102811,2026-08-14,CUST1263,Kavya Kumar,Kozhikode,Grocery,Coconut Oil,3,781,0,UPI,Delivered
ONAM102812,2026-08-21,CUST1316,Amal Rajan,Malappuram,Gifts,Gift Hamper,3,2055,0,Debit Card,Cancelled
ONAM102813,2026-08-02,CUST1181,Lakshmi Kumar,Palakkad,Gifts,Chocolate Box,4,796,30,Cash,Delivered
ONAM102814,2026-08-24,CUST1211,Lakshmi Thomas,Thrissur,Clothing,Onam Dress,1,1187,10,UPI,Delivered
ONAM102815,2026-08-13,CUST1464,Kavya Joseph,Malappuram,Gifts,Dry Fruit Box,8,676,25,Debit Card,Delivered
ONAM102816,2026-08-16,CUST1267,Athira Pillai,Kozhikode,Clothing,Onam Dress,1,1800,0,UPI,Returned
ONAM102817,2026-08-08,CUST1592,Neha Das,Malappuram,Electronics,Smart Watch,7,8103,20,Net Banking,Delivered
ONAM102818,2026-08-26,CUST1483,Athira Kumar,Kottayam,Home Decor,Brass Lamp,6,3632,0,Credit Card,Delivered
ONAM102819,2026-07-27,CUST1095,Nithin Rajan,Kannur,Home Decor,Brass Lamp,7,3962,10,Net Banking,Delivered
ONAM102820,2026-07-31,CUST1085,Riya Krishnan,Malappuram,Home Decor,Brass Lamp,7,3685,10,Cash,Cancelled
ONAM102821,2026-09-04,CUST1487,Lakshmi Nair,Thiruvananthapuram,Clothing,Mundu,2,797,10,Cash,Returned
ONAM102822,2026-09-03,CUST1144,Riya Nair,Ernakulam,Home Decor,Wall Decor,4,1374,10,Debit Card,Delivered
ONAM102823,2026-08-07,CUST1196,Akhil Rajan,Kannur,Electronics,Earbuds,1,2797,10,UPI,Delivered
ONAM102824,2026-07-27,CUST1045,Hari Thomas,Alappuzha,Clothing,Onam Dress,1,1795,15,Wallet,Delivered
ONAM102825,2026-08-29,CUST1382,Vishnu Kumar,Thiruvananthapuram,Grocery,Spices,8,539,0,Cash,Returned
ONAM102826,2026-07-31,CUST1593,Athira Pillai,Kannur,Gifts,Chocolate Box,6,1229,10,Credit Card,Delivered
ONAM102827,2026-08-05,CUST1195,Amal Varma,Kottayam,Grocery,Pickle,8,466,0,Wallet,Cancelled
ONAM102828,2026-07-27,CUST1528,Athira Thomas,Kannur,Grocery,Spices,5,168,5,Credit Card,Returned
ONAM102829,2026-08-12,CUST1289,Suresh Kumar,Thiruvananthapuram,Grocery,Pickle,3,333,0,Debit Card,Returned
ONAM102830,2026-08-26,CUST1473,Riya Rajan,Kollam,Home Decor,Flower Vase,7,1374,25,Cash,Delivered
ONAM102831,2026-08-15,CUST1348,Suresh Menon,Kollam,Home Decor,Brass Lamp,5,3597,25,Cash,Cancelled
ONAM102832,2026-07-29,CUST1363,Riya Rajan,Malappuram,Electronics,Smart Watch,3,7235,15,UPI,Cancelled
ONAM102833,2026-08-29,CUST1288,Riya Menon,Kollam,Grocery,Banana Chips,1,546,5,Debit Card,Delivered
ONAM102834,2026-08-10,CUST1284,Riya Joseph,Kollam,Grocery,Rice,5,134,20,UPI,Returned
ONAM102835,2026-08-13,CUST1019,Lakshmi Varma,Malappuram,Home Decor,Flower Vase,2,1397,0,Cash,Delivered
ONAM102836,2026-08-28,CUST1308,Lakshmi Thomas,Malappuram,Gifts,Chocolate Box,5,1348,30,Cash,Delivered
ONAM102837,2026-08-17,CUST1129,Riya Rajan,Thiruvananthapuram,Grocery,Spices,3,895,10,Debit Card,Delivered
ONAM102838,2026-08-11,CUST1204,Nithin Das,Malappuram,Grocery,Coconut Oil,3,831,10,Debit Card,Returned
ONAM102839,2026-07-26,CUST1303,Arun Nair,Palakkad,Grocery,Banana Chips,8,606,5,Credit Card,Delivered
ONAM102840,2026-08-20,CUST1580,Adarsh Nair,Kochi,Home Decor,Wall Decor,5,683,25,Credit Card,Delivered
ONAM102841,2026-07-28,CUST1519,Athira Nair,Wayanad,Electronics,Kitchen Appliance,7,2302,0,Wallet,Delivered
ONAM102842,2026-08-28,CUST1246,Neha Varma,Wayanad,Clothing,Onam Dress,4,3404,10,Cash,Delivered
ONAM102843,2026-08-03,CUST1241,Suresh Joseph,Ernakulam,Electronics,Power Bank,2,760,15,Net Banking,Delivered
ONAM102844,2026-08-30,CUST1584,Anjali Rajan,Wayanad,Home Decor,Brass Lamp,7,2884,20,Cash,Delivered
ONAM102845,2026-08-16,CUST1532,Meera Rajan,Kottayam,Electronics,Bluetooth Speaker,8,2559,25,Credit Card,Delivered
ONAM102846,2026-08-19,CUST1449,Neha Krishnan,Kannur,Grocery,Pickle,4,186,10,Debit Card,Returned
ONAM102847,2026-08-25,CUST1431,Athira Menon,Thiruvananthapuram,Grocery,Banana Chips,7,517,15,UPI,Cancelled
ONAM102848,2026-08-04,CUST1379,Adarsh Das,Kannur,Electronics,Earbuds,6,2476,5,Credit Card,Delivered
ONAM102849,2026-08-12,CUST1433,Lakshmi Das,Kottayam,Grocery,Banana Chips,4,340,25,Credit Card,Delivered
ONAM102850,2026-09-03,CUST1282,Gokul Menon,Malappuram,Gifts,Gift Hamper,5,937,5,Net Banking,Delivered
ONAM102851,2026-09-07,CUST1331,Kavya Nair,Kochi,Grocery,Spices,3,631,20,Debit Card,Delivered
ONAM102852,2026-08-20,CUST1184,Kavya Joseph,Malappuram,Electronics,Smart Watch,1,3942,0,Net Banking,Delivered
ONAM102853,2026-08-31,CUST1330,Akhil Nair,Wayanad,Gifts,Kitchen Set,4,2742,5,Net Banking,Cancelled
ONAM102854,2026-08-17,CUST1156,Anjali Varma,Kollam,Home Decor,Wall Decor,2,897,10,UPI,Delivered
ONAM102855,2026-08-05,CUST1075,Riya Thomas,Palakkad,Home Decor,Flower Vase,1,1381,5,Wallet,Delivered
ONAM102856,2026-07-26,CUST1083,Akhil Das,Ernakulam,Electronics,Power Bank,1,2666,25,Net Banking,Delivered
ONAM102857,2026-08-08,CUST1042,Anjali Thomas,Alappuzha,Electronics,Kitchen Appliance,5,11779,10,UPI,Returned
ONAM102858,2026-08-27,CUST1049,Vishnu Pillai,Palakkad,Electronics,Power Bank,6,1976,10,Net Banking,Cancelled
ONAM102859,2026-08-12,CUST1043,Gokul Varma,Malappuram,Gifts,Dry Fruit Box,8,2833,30,Debit Card,Returned
ONAM102860,2026-09-08,CUST1166,Meera Pillai,Kozhikode,Electronics,Earbuds,5,3940,0,Credit Card,Delivered
ONAM102861,2026-08-26,CUST1276,Lakshmi Pillai,Wayanad,Gifts,Gift Hamper,3,2171,25,UPI,Delivered
ONAM102862,2026-09-05,CUST1583,Vishnu Krishnan,Kottayam,Grocery,Spices,4,581,25,Credit Card,Delivered
ONAM102863,2026-08-06,CUST1326,Amal Nair,Palakkad,Gifts,Kitchen Set,3,2173,10,Credit Card,Cancelled
ONAM102864,2026-08-14,CUST1345,Vishnu Pillai,Thiruvananthapuram,Grocery,Coconut Oil,1,294,20,Debit Card,Cancelled
ONAM102865,2026-08-17,CUST1005,Suresh Joseph,Kannur,Grocery,Spices,4,966,0,Wallet,Delivered
ONAM102866,2026-07-30,CUST1198,Kavya Joseph,Kottayam,Gifts,Chocolate Box,5,1082,25,Credit Card,Delivered
ONAM102867,2026-08-08,CUST1541,Kavya Das,Kannur,Home Decor,Pookalam Set,6,383,5,Cash,Delivered
ONAM102868,2026-07-28,CUST1194,Neha Krishnan,Alappuzha,Electronics,Earbuds,6,3850,15,Wallet,Delivered
ONAM102869,2026-08-11,CUST1116,Adarsh Nair,Kochi,Electronics,Earbuds,5,3028,30,Debit Card,Delivered
ONAM102870,2026-08-29,CUST1072,Neha Kumar,Kollam,Grocery,Banana Chips,3,300,0,Cash,Cancelled
ONAM102871,2026-08-25,CUST1253,Hari Varma,Thrissur,Electronics,Power Bank,6,1959,5,Wallet,Cancelled
ONAM102872,2026-07-25,CUST1286,Divya Krishnan,Alappuzha,Clothing,Kasavu Saree,6,2654,30,Cash,Delivered
ONAM102873,2026-08-12,CUST1219,Kavya Das,Kollam,Electronics,Earbuds,1,6441,0,Credit Card,Delivered
ONAM102874,2026-08-25,CUST1531,Rahul Joseph,Wayanad,Home Decor,Brass Lamp,8,3707,30,Credit Card,Delivered
ONAM102875,2026-09-04,CUST1351,Meera Das,Palakkad,Home Decor,Pookalam Set,8,182,20,UPI,Returned
ONAM102876,2026-08-05,CUST1416,Nithin Pillai,Ernakulam,Home Decor,Table Decor,7,446,30,Credit Card,Cancelled
ONAM102877,2026-07-26,CUST1593,Suresh Krishnan,Alappuzha,Clothing,Kurta,5,2393,25,Credit Card,Delivered
ONAM102878,2026-09-06,CUST1351,Amal Joseph,Ernakulam,Home Decor,Flower Vase,4,1408,20,UPI,Returned
ONAM102879,2026-08-23,CUST1262,Anjali Varma,Palakkad,Gifts,Tea Gift Set,6,1374,15,Debit Card,Delivered
ONAM102880,2026-07-28,CUST1110,Suresh Pillai,Alappuzha,Home Decor,Table Decor,6,1394,10,Net Banking,Returned
ONAM102881,2026-08-15,CUST1496,Riya Krishnan,Alappuzha,Home Decor,Flower Vase,1,1310,0,Debit Card,Delivered
ONAM102882,2026-08-11,CUST1084,Meera Varma,Kochi,Home Decor,Table Decor,6,1525,10,Cash,Delivered
ONAM102883,2026-08-31,CUST1524,Kavya Menon,Palakkad,Gifts,Gift Hamper,2,1184,30,Cash,Delivered
ONAM102884,2026-08-11,CUST1394,Riya Rajan,Kottayam,Home Decor,Brass Lamp,6,1933,15,Wallet,Delivered
ONAM102885,2026-07-28,CUST1324,Riya Joseph,Kannur,Home Decor,Pookalam Set,7,747,20,Cash,Returned
ONAM102886,2026-08-12,CUST1229,Suresh Menon,Kozhikode,Electronics,Kitchen Appliance,8,9004,25,UPI,Delivered
ONAM102887,2026-09-01,CUST1526,Hari Das,Wayanad,Clothing,Kasavu Saree,3,1356,5,Credit Card,Cancelled
ONAM102888,2026-08-27,CUST1173,Divya Joseph,Malappuram,Grocery,Rice,2,170,10,Credit Card,Delivered
ONAM102889,2026-08-05,CUST1551,Hari Pillai,Kochi,Gifts,Kitchen Set,5,1416,25,Wallet,Delivered
ONAM102890,2026-08-03,CUST1043,Akhil Thomas,Wayanad,Home Decor,Brass Lamp,6,2757,10,Net Banking,Delivered
ONAM102891,2026-08-02,CUST1323,Vishnu Rajan,Thiruvananthapuram,Electronics,Smart Watch,1,9508,10,Debit Card,Delivered
ONAM102892,2026-08-14,CUST1059,Anjali Menon,Kochi,Gifts,Tea Gift Set,2,1517,30,Net Banking,Returned
ONAM102893,2026-08-13,CUST1452,Suresh Rajan,Wayanad,Clothing,Onam Dress,6,1902,10,Net Banking,Returned
ONAM102894,2026-08-29,CUST1134,Adarsh Das,Kollam,Clothing,Kasavu Saree,8,3444,5,Net Banking,Cancelled
ONAM102895,2026-08-11,CUST1366,Athira Pillai,Wayanad,Clothing,Mundu,1,1415,0,UPI,Cancelled
ONAM102896,2026-09-02,CUST1172,Akhil Nair,Palakkad,Clothing,Kasavu Saree,8,5881,10,Cash,Delivered
ONAM102897,2026-08-31,CUST1415,Amal Das,Kottayam,Home Decor,Table Decor,1,1002,20,Debit Card,Returned
ONAM102898,2026-08-17,CUST1142,Gokul Nair,Kochi,Electronics,Smart Watch,7,4378,25,Credit Card,Delivered
ONAM102899,2026-08-10,CUST1555,Kavya Menon,Thiruvananthapuram,Electronics,Power Bank,3,1742,20,UPI,Returned
ONAM102900,2026-08-21,CUST1410,Kavya Das,Alappuzha,Home Decor,Brass Lamp,1,3452,30,Debit Card,Delivered
ONAM102901,2026-09-06,CUST1450,Meera Rajan,Thrissur,Home Decor,Pookalam Set,3,990,15,Credit Card,Returned
ONAM102902,2026-08-10,CUST1320,Athira Nair,Palakkad,Grocery,Banana Chips,7,607,15,Cash,Returned
ONAM102903,2026-08-24,CUST1090,Lakshmi Rajan,Kochi,Grocery,Banana Chips,6,267,10,UPI,Delivered
ONAM102904,2026-07-27,CUST1500,Hari Krishnan,Palakkad,Home Decor,Pookalam Set,7,189,10,Credit Card,Returned
ONAM102905,2026-09-02,CUST1137,Suresh Joseph,Kozhikode,Clothing,Kasavu Saree,6,5722,10,Debit Card,Returned
ONAM102906,2026-08-21,CUST1291,Gokul Krishnan,Alappuzha,Electronics,Earbuds,6,1410,0,UPI,Delivered
ONAM102907,2026-08-24,CUST1417,Kavya Thomas,Alappuzha,Grocery,Pickle,1,93,25,Wallet,Delivered
ONAM102908,2026-08-01,CUST1531,Rahul Pillai,Thiruvananthapuram,Gifts,Dry Fruit Box,1,2529,10,Credit Card,Delivered
ONAM102909,2026-09-01,CUST1231,Meera Krishnan,Ernakulam,Gifts,Chocolate Box,8,553,5,Credit Card,Delivered
ONAM102910,2026-08-18,CUST1148,Suresh Joseph,Alappuzha,Gifts,Tea Gift Set,8,416,0,Wallet,Delivered
ONAM102911,2026-08-21,CUST1253,Akhil Nair,Kannur,Clothing,Kids Ethnic Wear,3,1016,20,Cash,Delivered
ONAM102912,2026-08-19,CUST1336,Amal Rajan,Palakkad,Electronics,Bluetooth Speaker,6,2666,0,Cash,Returned
ONAM102913,2026-08-31,CUST1068,Meera Joseph,Palakkad,Electronics,Earbuds,1,6416,10,Credit Card,Cancelled
ONAM102914,2026-08-01,CUST1384,Amal Rajan,Kollam,Grocery,Banana Chips,5,163,10,Cash,Returned
ONAM102915,2026-09-03,CUST1483,Amal Pillai,Wayanad,Home Decor,Table Decor,8,1332,5,Debit Card,Delivered
ONAM102916,2026-09-08,CUST1055,Hari Pillai,Alappuzha,Electronics,Power Bank,1,1767,10,Cash,Cancelled
ONAM102917,2026-07-25,CUST1250,Anjali Das,Kottayam,Gifts,Gift Hamper,4,1194,15,Wallet,Delivered
ONAM102918,2026-08-01,CUST1257,Gokul Joseph,Thrissur,Gifts,Gift Hamper,1,1911,5,Debit Card,Returned
ONAM102919,2026-09-07,CUST1254,Akhil Nair,Malappuram,Electronics,Earbuds,2,3185,15,UPI,Returned
ONAM102920,2026-08-18,CUST1366,Suresh Rajan,Wayanad,Electronics,Bluetooth Speaker,7,2338,0,Cash,Delivered
ONAM102921,2026-08-18,CUST1326,Gokul Kumar,Thiruvananthapuram,Electronics,Earbuds,3,5258,5,Credit Card,Delivered
ONAM102922,2026-08-28,CUST1266,Adarsh Nair,Alappuzha,Clothing,Onam Dress,5,2969,15,Wallet,Delivered
ONAM102923,2026-08-24,CUST1333,Adarsh Rajan,Kochi,Gifts,Chocolate Box,7,1173,5,Debit Card,Delivered
ONAM102924,2026-08-05,CUST1553,Vishnu Thomas,Kozhikode,Home Decor,Flower Vase,4,1001,10,Net Banking,Delivered
ONAM102925,2026-09-07,CUST1180,Gokul Thomas,Thiruvananthapuram,Gifts,Dry Fruit Box,3,603,15,Cash,Returned
ONAM102926,2026-08-07,CUST1590,Arun Pillai,Malappuram,Home Decor,Brass Lamp,2,2625,10,Net Banking,Delivered
ONAM102927,2026-08-10,CUST1193,Hari Nair,Thrissur,Electronics,Kitchen Appliance,2,7837,25,Wallet,Delivered
ONAM102928,2026-08-04,CUST1251,Kavya Pillai,Malappuram,Electronics,Kitchen Appliance,7,3867,25,Cash,Delivered
ONAM102929,2026-09-07,CUST1402,Riya Das,Thrissur,Grocery,Coconut Oil,8,790,10,Credit Card,Returned
ONAM102930,2026-07-29,CUST1455,Meera Das,Ernakulam,Electronics,Earbuds,6,5426,10,Debit Card,Delivered
ONAM102931,2026-09-04,CUST1221,Rahul Nair,Palakkad,Electronics,Power Bank,7,3417,25,Wallet,Delivered
ONAM102932,2026-09-02,CUST1082,Anjali Joseph,Malappuram,Electronics,Kitchen Appliance,7,11192,20,Cash,Delivered
ONAM102933,2026-07-25,CUST1550,Vishnu Krishnan,Kochi,Electronics,Kitchen Appliance,4,11927,10,Wallet,Delivered
ONAM102934,2026-08-22,CUST1112,Lakshmi Rajan,Palakkad,Gifts,Gift Hamper,4,1118,15,UPI,Delivered
ONAM102935,2026-08-17,CUST1249,Arun Varma,Alappuzha,Gifts,Gift Hamper,1,914,5,Cash,Delivered
ONAM102936,2026-08-28,CUST1270,Meera Menon,Malappuram,Electronics,Smart Watch,8,2243,10,Net Banking,Delivered
ONAM102937,2026-07-28,CUST1041,Hari Menon,Thiruvananthapuram,Gifts,Tea Gift Set,8,625,30,Wallet,Delivered
ONAM102938,2026-08-10,CUST1489,Kavya Das,Kannur,Clothing,Kasavu Saree,4,2268,10,Cash,Delivered
ONAM102939,2026-08-21,CUST1067,Hari Varma,Wayanad,Gifts,Gift Hamper,1,1212,10,Credit Card,Returned
ONAM102940,2026-08-29,CUST1308,Kavya Rajan,Wayanad,Grocery,Rice,2,130,20,Wallet,Delivered
ONAM102941,2026-07-28,CUST1190,Rahul Joseph,Kollam,Grocery,Banana Chips,7,485,20,Wallet,Delivered
ONAM102942,2026-09-04,CUST1360,Amal Das,Wayanad,Clothing,Kasavu Saree,4,5089,0,Debit Card,Delivered
ONAM102943,2026-08-08,CUST1531,Riya Das,Kochi,Home Decor,Flower Vase,4,1496,15,Wallet,Delivered
ONAM102944,2026-08-27,CUST1120,Suresh Das,Ernakulam,Electronics,Power Bank,4,1449,25,Wallet,Returned
ONAM102945,2026-08-30,CUST1093,Nithin Nair,Thrissur,Home Decor,Brass Lamp,1,2024,0,Cash,Delivered
ONAM102946,2026-07-31,CUST1447,Kavya Pillai,Thrissur,Electronics,Kitchen Appliance,2,5158,20,Wallet,Delivered
ONAM102947,2026-08-17,CUST1336,Divya Joseph,Alappuzha,Gifts,Tea Gift Set,6,569,30,Net Banking,Returned
ONAM102948,2026-09-08,CUST1331,Riya Joseph,Kochi,Home Decor,Pookalam Set,5,970,5,Net Banking,Delivered
ONAM102949,2026-08-29,CUST1578,Arun Das,Kottayam,Grocery,Coconut Oil,2,153,5,Credit Card,Delivered
ONAM102950,2026-08-20,CUST1008,Rahul Rajan,Wayanad,Gifts,Gift Hamper,7,2023,30,Debit Card,Cancelled
ONAM102951,2026-08-07,CUST1450,Akhil Joseph,Alappuzha,Clothing,Onam Dress,1,3335,5,Net Banking,Delivered
ONAM102952,2026-08-04,CUST1342,Adarsh Krishnan,Ernakulam,Home Decor,Pookalam Set,6,838,30,Credit Card,Delivered
ONAM102953,2026-07-28,CUST1249,Divya Joseph,Thrissur,Grocery,Banana Chips,5,568,25,Cash,Delivered
ONAM102954,2026-08-28,CUST1171,Divya Thomas,Malappuram,Home Decor,Table Decor,4,1383,30,Net Banking,Delivered
ONAM102955,2026-08-12,CUST1424,Gokul Joseph,Kannur,Clothing,Onam Dress,8,2372,0,Wallet,Delivered
ONAM102956,2026-08-18,CUST1332,Lakshmi Varma,Thiruvananthapuram,Electronics,Bluetooth Speaker,5,2727,15,Debit Card,Delivered
ONAM102957,2026-08-22,CUST1151,Athira Nair,Ernakulam,Grocery,Banana Chips,4,171,0,Credit Card,Returned
ONAM102958,2026-08-08,CUST1037,Athira Kumar,Ernakulam,Gifts,Kitchen Set,1,2710,10,Debit Card,Delivered
ONAM102959,2026-08-19,CUST1457,Adarsh Rajan,Thrissur,Gifts,Gift Hamper,6,2484,25,UPI,Delivered
ONAM102960,2026-07-26,CUST1044,Neha Menon,Kozhikode,Home Decor,Wall Decor,1,1061,10,Credit Card,Delivered
ONAM102961,2026-08-26,CUST1042,Riya Nair,Malappuram,Grocery,Rice,3,331,0,Net Banking,Delivered
ONAM102962,2026-08-16,CUST1513,Amal Das,Alappuzha,Grocery,Pickle,7,468,15,Cash,Delivered
ONAM102963,2026-09-01,CUST1112,Riya Krishnan,Alappuzha,Home Decor,Brass Lamp,2,873,5,Debit Card,Delivered
ONAM102964,2026-08-04,CUST1150,Neha Das,Kannur,Home Decor,Table Decor,5,662,0,Debit Card,Delivered
ONAM102965,2026-08-24,CUST1344,Lakshmi Kumar,Palakkad,Grocery,Spices,5,520,30,UPI,Delivered
ONAM102966,2026-08-07,CUST1121,Nithin Rajan,Thrissur,Gifts,Gift Hamper,1,870,30,Credit Card,Delivered
ONAM102967,2026-08-10,CUST1374,Gokul Kumar,Alappuzha,Home Decor,Table Decor,7,575,20,Net Banking,Delivered
ONAM102968,2026-08-04,CUST1330,Adarsh Krishnan,Kollam,Home Decor,Table Decor,5,1502,15,Debit Card,Delivered
ONAM102969,2026-07-26,CUST1289,Gokul Kumar,Alappuzha,Electronics,Bluetooth Speaker,1,3256,30,Credit Card,Delivered
ONAM102970,2026-08-26,CUST1583,Vishnu Joseph,Kollam,Home Decor,Table Decor,7,500,30,Credit Card,Delivered
ONAM102971,2026-08-23,CUST1491,Amal Thomas,Ernakulam,Electronics,Bluetooth Speaker,7,5241,30,Wallet,Returned
ONAM102972,2026-08-26,CUST1293,Neha Kumar,Kozhikode,Grocery,Rice,4,663,10,Debit Card,Delivered
ONAM102973,2026-08-21,CUST1177,Suresh Joseph,Kottayam,Home Decor,Flower Vase,7,237,20,Cash,Returned
ONAM102974,2026-07-25,CUST1341,Suresh Krishnan,Thiruvananthapuram,Grocery,Pickle,3,464,30,Net Banking,Returned
ONAM102975,2026-08-04,CUST1440,Lakshmi Pillai,Malappuram,Electronics,Kitchen Appliance,3,1731,10,Net Banking,Delivered
ONAM102976,2026-08-20,CUST1485,Nithin Varma,Kochi,Electronics,Smart Watch,8,6219,25,Wallet,Delivered
ONAM102977,2026-07-29,CUST1025,Vishnu Pillai,Thrissur,Electronics,Earbuds,7,1174,15,Wallet,Delivered
ONAM102978,2026-08-07,CUST1007,Rahul Varma,Palakkad,Clothing,Kids Ethnic Wear,5,1562,5,Debit Card,Returned
ONAM102979,2026-09-06,CUST1007,Akhil Pillai,Ernakulam,Clothing,Kasavu Saree,2,5473,10,Credit Card,Delivered
ONAM102980,2026-07-30,CUST1590,Athira Rajan,Thrissur,Home Decor,Flower Vase,2,1404,10,Cash,Delivered
ONAM102981,2026-08-04,CUST1477,Nithin Kumar,Kannur,Home Decor,Brass Lamp,2,3104,10,Credit Card,Delivered
ONAM102982,2026-08-17,CUST1120,Kavya Pillai,Palakkad,Clothing,Kurta,8,1145,15,Net Banking,Returned
ONAM102983,2026-09-08,CUST1516,Amal Das,Kochi,Grocery,Pickle,4,89,30,Wallet,Delivered
ONAM102984,2026-08-07,CUST1341,Suresh Joseph,Malappuram,Clothing,Kurta,3,2480,10,Wallet,Delivered
ONAM102985,2026-08-17,CUST1248,Meera Joseph,Wayanad,Gifts,Tea Gift Set,2,661,30,Wallet,Delivered
ONAM102986,2026-09-08,CUST1239,Riya Krishnan,Alappuzha,Electronics,Smart Watch,1,8660,20,UPI,Delivered
ONAM102987,2026-08-06,CUST1281,Lakshmi Krishnan,Ernakulam,Electronics,Bluetooth Speaker,3,1605,10,Debit Card,Delivered
ONAM102988,2026-07-26,CUST1357,Nithin Joseph,Kollam,Home Decor,Pookalam Set,4,168,30,Cash,Cancelled
ONAM102989,2026-09-01,CUST1126,Gokul Menon,Kozhikode,Clothing,Kids Ethnic Wear,7,1445,30,Debit Card,Cancelled
ONAM102990,2026-08-03,CUST1106,Lakshmi Pillai,Kollam,Gifts,Gift Hamper,7,1412,15,Cash,Delivered
ONAM102991,2026-08-06,CUST1437,Nithin Joseph,Kochi,Home Decor,Brass Lamp,2,2946,0,UPI,Delivered
ONAM102992,2026-08-21,CUST1069,Kavya Nair,Kannur,Home Decor,Wall Decor,8,1573,5,UPI,Delivered
ONAM102993,2026-08-30,CUST1406,Arun Varma,Kozhikode,Gifts,Gift Hamper,4,1336,25,Wallet,Delivered
ONAM102994,2026-08-22,CUST1095,Athira Thomas,Kochi,Electronics,Power Bank,3,1948,20,UPI,Cancelled
ONAM102995,2026-08-15,CUST1077,Divya Das,Kollam,Gifts,Kitchen Set,3,802,10,Credit Card,Delivered
ONAM102996,2026-08-16,CUST1303,Adarsh Pillai,Alappuzha,Grocery,Spices,3,552,15,Wallet,Returned
ONAM102997,2026-08-17,CUST1599,Meera Menon,Thrissur,Gifts,Dry Fruit Box,3,2258,5,Wallet,Cancelled
ONAM102998,2026-08-08,CUST1305,Arun Krishnan,Thrissur,Gifts,Kitchen Set,1,2625,20,Wallet,Delivered
ONAM102999,2026-08-03,CUST1008,Vishnu Krishnan,Thiruvananthapuram,Gifts,Tea Gift Set,3,552,10,UPI,Delivered
ONAM103000,2026-08-18,CUST1017,Athira Varma,Alappuzha,Gifts,Dry Fruit Box,2,2101,20,Cash,Returned
ONAM103001,2026-07-25,CUST1151,Rahul Joseph,Malappuram,Grocery,Spices,1,849,25,Net Banking,Delivered
ONAM103002,2026-08-13,CUST1072,Divya Nair,Malappuram,Grocery,Spices,3,1144,10,Credit Card,Delivered
ONAM103003,2026-08-14,CUST1127,Gokul Krishnan,Alappuzha,Electronics,Earbuds,3,3534,20,Credit Card,Delivered
ONAM103004,2026-08-13,CUST1117,Hari Joseph,Wayanad,Grocery,Coconut Oil,2,273,15,Net Banking,Returned
ONAM103005,2026-07-29,CUST1270,Kavya Joseph,Kottayam,Home Decor,Pookalam Set,5,675,20,Net Banking,Cancelled
ONAM103006,2026-09-03,CUST1279,Kavya Joseph,Thiruvananthapuram,Gifts,Tea Gift Set,1,1244,0,UPI,Delivered
ONAM103007,2026-08-28,CUST1371,Gokul Joseph,Kollam,Home Decor,Wall Decor,3,1267,10,Net Banking,Returned
ONAM103008,2026-08-25,CUST1404,Suresh Nair,Malappuram,Home Decor,Wall Decor,4,1519,20,Debit Card,Delivered
ONAM103009,2026-08-28,CUST1251,Arun Thomas,Alappuzha,Electronics,Kitchen Appliance,3,11714,25,UPI,Delivered
ONAM103010,2026-09-02,CUST1488,Adarsh Joseph,Kottayam,Gifts,Chocolate Box,8,251,5,Debit Card,Delivered
ONAM103011,2026-08-03,CUST1079,Nithin Menon,Alappuzha,Gifts,Chocolate Box,2,950,0,UPI,Delivered
ONAM103012,2026-07-29,CUST1285,Vishnu Varma,Ernakulam,Grocery,Pickle,2,221,30,Net Banking,Delivered
ONAM103013,2026-08-09,CUST1051,Divya Rajan,Thrissur,Gifts,Dry Fruit Box,5,2311,0,Credit Card,Cancelled
ONAM103014,2026-08-04,CUST1022,Suresh Rajan,Kollam,Grocery,Pickle,7,240,15,Cash,Delivered
ONAM103015,2026-08-03,CUST1077,Meera Nair,Alappuzha,Electronics,Kitchen Appliance,8,5204,20,Wallet,Cancelled
ONAM103016,2026-08-05,CUST1251,Divya Thomas,Wayanad,Grocery,Spices,8,182,25,Debit Card,Delivered
ONAM103017,2026-08-28,CUST1194,Hari Rajan,Malappuram,Gifts,Dry Fruit Box,2,1779,10,Debit Card,Delivered
ONAM103018,2026-09-02,CUST1129,Divya Das,Wayanad,Grocery,Spices,7,432,0,Credit Card,Delivered
ONAM103019,2026-08-26,CUST1359,Suresh Thomas,Thrissur,Electronics,Bluetooth Speaker,6,3850,20,Wallet,Delivered
ONAM103020,2026-07-28,CUST1425,Lakshmi Menon,Kollam,Gifts,Kitchen Set,5,2789,5,UPI,Delivered
ONAM103021,2026-08-12,CUST1447,Akhil Kumar,Malappuram,Grocery,Pickle,5,320,5,Cash,Delivered
ONAM103022,2026-08-17,CUST1407,Gokul Joseph,Kollam,Gifts,Chocolate Box,8,433,10,Wallet,Returned
ONAM103023,2026-08-15,CUST1282,Kavya Thomas,Kochi,Electronics,Earbuds,3,3817,15,UPI,Delivered
ONAM103024,2026-08-25,CUST1043,Rahul Kumar,Ernakulam,Grocery,Pickle,3,480,25,Cash,Delivered
ONAM103025,2026-07-28,CUST1176,Arun Joseph,Kollam,Clothing,Onam Dress,1,1636,10,Cash,Delivered
ONAM103026,2026-08-10,CUST1089,Adarsh Das,Kochi,Home Decor,Table Decor,3,1199,25,Cash,Delivered
ONAM103027,2026-09-03,CUST1592,Vishnu Varma,Kannur,Clothing,Kids Ethnic Wear,4,1102,10,Cash,Delivered
ONAM103028,2026-09-04,CUST1555,Suresh Nair,Ernakulam,Electronics,Kitchen Appliance,3,7351,30,Net Banking,Returned
ONAM103029,2026-09-05,CUST1007,Meera Rajan,Ernakulam,Electronics,Earbuds,3,5064,15,Net Banking,Cancelled
ONAM103030,2026-08-16,CUST1055,Nithin Varma,Thrissur,Electronics,Smart Watch,7,8358,0,Cash,Cancelled
ONAM103031,2026-08-21,CUST1545,Hari Kumar,Malappuram,Electronics,Earbuds,2,6224,25,Credit Card,Delivered
ONAM103032,2026-08-03,CUST1237,Athira Thomas,Kannur,Electronics,Kitchen Appliance,1,4059,5,Net Banking,Delivered
ONAM103033,2026-07-25,CUST1595,Arun Varma,Palakkad,Electronics,Smart Watch,7,3595,25,UPI,Delivered
ONAM103034,2026-08-03,CUST1580,Rahul Joseph,Thrissur,Home Decor,Pookalam Set,1,901,30,UPI,Delivered
ONAM103035,2026-08-03,CUST1511,Hari Krishnan,Kochi,Gifts,Chocolate Box,3,1358,15,Debit Card,Delivered
ONAM103036,2026-08-13,CUST1542,Kavya Rajan,Thiruvananthapuram,Clothing,Kurta,2,1228,25,Cash,Delivered
ONAM103037,2026-08-27,CUST1499,Rahul Krishnan,Thrissur,Clothing,Onam Dress,3,1088,10,UPI,Delivered
ONAM103038,2026-08-26,CUST1470,Meera Pillai,Kollam,Home Decor,Pookalam Set,4,357,15,Debit Card,Delivered
ONAM103039,2026-08-17,CUST1288,Rahul Menon,Ernakulam,Home Decor,Brass Lamp,7,601,15,UPI,Delivered
ONAM103040,2026-08-09,CUST1029,Kavya Nair,Kollam,Grocery,Banana Chips,6,266,10,Debit Card,Delivered
ONAM103041,2026-07-29,CUST1305,Athira Rajan,Malappuram,Grocery,Pickle,6,406,30,Debit Card,Delivered
ONAM103042,2026-08-07,CUST1340,Gokul Thomas,Palakkad,Gifts,Kitchen Set,4,1790,25,Credit Card,Delivered
ONAM103043,2026-08-20,CUST1157,Anjali Nair,Kochi,Electronics,Smart Watch,4,2896,10,Net Banking,Delivered
ONAM103044,2026-09-06,CUST1468,Amal Das,Kannur,Electronics,Power Bank,6,3000,15,UPI,Delivered
ONAM103045,2026-08-05,CUST1056,Kavya Rajan,Wayanad,Clothing,Onam Dress,6,1411,20,Wallet,Delivered
ONAM103046,2026-08-23,CUST1140,Meera Menon,Kollam,Gifts,Chocolate Box,1,565,5,Wallet,Returned
ONAM103047,2026-08-15,CUST1334,Amal Kumar,Thiruvananthapuram,Grocery,Spices,4,501,0,Credit Card,Cancelled
ONAM103048,2026-08-18,CUST1582,Adarsh Menon,Kannur,Clothing,Mundu,3,1103,25,Debit Card,Returned
ONAM103049,2026-09-02,CUST1285,Neha Rajan,Kozhikode,Electronics,Earbuds,1,4308,0,Wallet,Delivered
ONAM103050,2026-08-09,CUST1597,Adarsh Rajan,Thiruvananthapuram,Electronics,Power Bank,7,1703,15,Cash,Cancelled
ONAM103051,2026-09-04,CUST1251,Rahul Das,Thrissur,Gifts,Kitchen Set,7,1408,5,UPI,Delivered
ONAM103052,2026-08-26,CUST1291,Divya Joseph,Thrissur,Electronics,Power Bank,5,1064,0,Wallet,Returned
ONAM103053,2026-08-01,CUST1567,Adarsh Varma,Kochi,Home Decor,Table Decor,7,830,25,Debit Card,Delivered
ONAM103054,2026-08-27,CUST1550,Arun Joseph,Thiruvananthapuram,Gifts,Kitchen Set,5,1115,0,Wallet,Returned
ONAM103055,2026-09-04,CUST1003,Amal Thomas,Kozhikode,Gifts,Dry Fruit Box,5,2639,10,Wallet,Returned
ONAM103056,2026-08-29,CUST1247,Riya Menon,Thiruvananthapuram,Clothing,Kids Ethnic Wear,5,1909,0,Net Banking,Delivered
ONAM103057,2026-08-02,CUST1074,Athira Nair,Wayanad,Gifts,Kitchen Set,3,1481,20,Wallet,Returned
ONAM103058,2026-08-02,CUST1178,Suresh Varma,Alappuzha,Gifts,Chocolate Box,2,1175,10,Net Banking,Returned
ONAM103059,2026-07-26,CUST1158,Divya Rajan,Ernakulam,Electronics,Bluetooth Speaker,1,4907,15,Credit Card,Returned
ONAM103060,2026-08-01,CUST1301,Gokul Das,Kochi,Home Decor,Table Decor,1,896,15,Debit Card,Delivered
ONAM103061,2026-08-27,CUST1514,Kavya Das,Kottayam,Home Decor,Pookalam Set,4,294,0,Debit Card,Delivered
ONAM103062,2026-07-31,CUST1518,Gokul Joseph,Thrissur,Electronics,Power Bank,7,2058,5,Credit Card,Delivered
ONAM103063,2026-08-03,CUST1542,Lakshmi Varma,Kochi,Grocery,Pickle,7,450,15,Credit Card,Delivered
ONAM103064,2026-08-09,CUST1551,Rahul Thomas,Alappuzha,Electronics,Bluetooth Speaker,6,1635,5,Credit Card,Returned
ONAM103065,2026-08-16,CUST1171,Divya Pillai,Wayanad,Gifts,Dry Fruit Box,5,1320,10,Cash,Delivered
ONAM103066,2026-09-05,CUST1051,Hari Thomas,Kozhikode,Gifts,Dry Fruit Box,2,1408,25,Net Banking,Delivered
ONAM103067,2026-09-08,CUST1004,Anjali Nair,Thiruvananthapuram,Gifts,Gift Hamper,5,1624,30,Wallet,Returned
ONAM103068,2026-08-30,CUST1158,Divya Varma,Alappuzha,Clothing,Onam Dress,8,1610,10,Net Banking,Delivered
ONAM103069,2026-08-09,CUST1400,Amal Pillai,Ernakulam,Clothing,Kids Ethnic Wear,5,1552,20,Net Banking,Delivered
ONAM103070,2026-08-13,CUST1280,Gokul Joseph,Kozhikode,Grocery,Coconut Oil,7,642,5,Cash,Delivered
ONAM103071,2026-08-21,CUST1232,Meera Das,Kochi,Grocery,Rice,3,594,15,Debit Card,Returned
ONAM103072,2026-07-28,CUST1277,Gokul Thomas,Kozhikode,Electronics,Kitchen Appliance,5,9475,10,Debit Card,Delivered
ONAM103073,2026-09-03,CUST1466,Anjali Das,Kannur,Clothing,Kurta,8,1663,15,Cash,Delivered
ONAM103074,2026-09-05,CUST1094,Akhil Nair,Kozhikode,Home Decor,Pookalam Set,6,514,25,Cash,Delivered
ONAM103075,2026-08-19,CUST1210,Gokul Varma,Kannur,Grocery,Spices,5,891,15,UPI,Delivered
ONAM103076,2026-08-24,CUST1377,Hari Krishnan,Ernakulam,Home Decor,Wall Decor,2,1305,25,UPI,Delivered
ONAM103077,2026-08-26,CUST1215,Arun Menon,Kozhikode,Clothing,Kurta,2,2452,0,UPI,Delivered
ONAM103078,2026-07-25,CUST1011,Neha Nair,Kochi,Grocery,Coconut Oil,3,275,10,Wallet,Delivered
ONAM103079,2026-09-07,CUST1002,Divya Nair,Malappuram,Home Decor,Flower Vase,8,1443,0,Cash,Delivered
ONAM103080,2026-09-04,CUST1326,Meera Nair,Ernakulam,Electronics,Kitchen Appliance,3,6725,10,UPI,Delivered
ONAM103081,2026-07-29,CUST1549,Divya Varma,Thrissur,Electronics,Earbuds,4,6931,10,Debit Card,Delivered
ONAM103082,2026-09-02,CUST1325,Adarsh Rajan,Kollam,Electronics,Earbuds,5,3346,20,Debit Card,Delivered
ONAM103083,2026-08-10,CUST1277,Adarsh Varma,Alappuzha,Clothing,Kasavu Saree,5,1538,5,Cash,Delivered
ONAM103084,2026-08-31,CUST1554,Divya Varma,Ernakulam,Electronics,Power Bank,8,2552,10,Credit Card,Delivered
ONAM103085,2026-08-11,CUST1504,Amal Menon,Kollam,Electronics,Smart Watch,7,4756,25,UPI,Delivered
ONAM103086,2026-08-02,CUST1306,Athira Thomas,Kollam,Grocery,Banana Chips,3,399,10,Wallet,Delivered
ONAM103087,2026-08-28,CUST1201,Vishnu Das,Alappuzha,Clothing,Kasavu Saree,5,4518,20,UPI,Delivered
ONAM103088,2026-08-29,CUST1164,Hari Joseph,Kozhikode,Grocery,Coconut Oil,3,858,0,Cash,Delivered
ONAM103089,2026-09-08,CUST1590,Arun Rajan,Kottayam,Clothing,Mundu,1,645,30,Wallet,Delivered
ONAM103090,2026-08-29,CUST1071,Neha Menon,Kollam,Grocery,Rice,3,634,5,Cash,Delivered
ONAM103091,2026-08-23,CUST1389,Athira Rajan,Alappuzha,Clothing,Kasavu Saree,7,5023,20,Cash,Delivered
ONAM103092,2026-08-14,CUST1463,Neha Joseph,Alappuzha,Home Decor,Table Decor,8,1212,10,Net Banking,Delivered
ONAM103093,2026-09-06,CUST1179,Divya Krishnan,Ernakulam,Clothing,Onam Dress,5,917,20,Debit Card,Returned
ONAM103094,2026-07-31,CUST1285,Vishnu Thomas,Wayanad,Home Decor,Pookalam Set,3,830,10,Wallet,Returned
ONAM103095,2026-09-01,CUST1450,Nithin Kumar,Thiruvananthapuram,Home Decor,Flower Vase,6,1469,10,Wallet,Cancelled
ONAM103096,2026-09-05,CUST1264,Athira Pillai,Alappuzha,Grocery,Banana Chips,1,256,15,Credit Card,Delivered
ONAM103097,2026-07-27,CUST1394,Athira Rajan,Alappuzha,Home Decor,Brass Lamp,5,3305,25,Credit Card,Cancelled
ONAM103098,2026-07-28,CUST1506,Divya Krishnan,Palakkad,Gifts,Chocolate Box,7,1435,20,Debit Card,Cancelled
ONAM103099,2026-09-08,CUST1239,Akhil Thomas,Ernakulam,Home Decor,Table Decor,8,1250,5,Credit Card,Returned
ONAM103100,2026-08-02,CUST1109,Adarsh Menon,Kollam,Clothing,Kurta,5,1204,10,Cash,Cancelled
ONAM103101,2026-08-29,CUST1418,Hari Krishnan,Palakkad,Electronics,Kitchen Appliance,3,2387,30,Net Banking,Delivered
ONAM103102,2026-08-06,CUST1057,Neha Das,Ernakulam,Home Decor,Pookalam Set,3,633,20,Wallet,Delivered
ONAM103103,2026-07-25,CUST1278,Arun Nair,Kozhikode,Electronics,Bluetooth Speaker,8,3284,30,Net Banking,Cancelled
ONAM103104,2026-08-04,CUST1172,Rahul Varma,Ernakulam,Clothing,Kasavu Saree,8,5359,20,Net Banking,Cancelled
ONAM103105,2026-08-01,CUST1331,Rahul Krishnan,Kottayam,Electronics,Smart Watch,8,8401,25,UPI,Returned
ONAM103106,2026-08-10,CUST1097,Neha Krishnan,Kannur,Grocery,Spices,7,404,0,Debit Card,Cancelled
ONAM103107,2026-07-30,CUST1074,Suresh Varma,Kochi,Gifts,Kitchen Set,4,2522,20,Debit Card,Delivered
ONAM103108,2026-08-23,CUST1168,Akhil Varma,Malappuram,Gifts,Chocolate Box,1,502,15,Credit Card,Cancelled
ONAM103109,2026-09-05,CUST1423,Anjali Varma,Ernakulam,Home Decor,Wall Decor,6,884,15,Cash,Delivered
ONAM103110,2026-08-30,CUST1568,Nithin Pillai,Malappuram,Clothing,Mundu,7,1096,0,UPI,Delivered
ONAM103111,2026-08-30,CUST1290,Kavya Nair,Kollam,Gifts,Gift Hamper,2,1507,20,UPI,Delivered
ONAM103112,2026-08-03,CUST1464,Adarsh Varma,Ernakulam,Electronics,Bluetooth Speaker,3,4402,0,Wallet,Returned
ONAM103113,2026-08-13,CUST1315,Meera Pillai,Thrissur,Clothing,Onam Dress,8,1645,10,Debit Card,Delivered
ONAM103114,2026-08-10,CUST1201,Suresh Menon,Thiruvananthapuram,Grocery,Spices,4,1149,30,Net Banking,Cancelled
ONAM103115,2026-08-14,CUST1116,Arun Kumar,Kochi,Home Decor,Flower Vase,8,403,20,Credit Card,Delivered
ONAM103116,2026-09-02,CUST1475,Lakshmi Das,Malappuram,Electronics,Earbuds,2,6398,25,Cash,Delivered
ONAM103117,2026-08-04,CUST1486,Adarsh Pillai,Palakkad,Gifts,Chocolate Box,6,1182,15,Debit Card,Delivered
ONAM103118,2026-07-28,CUST1004,Riya Rajan,Alappuzha,Electronics,Bluetooth Speaker,3,5028,20,Debit Card,Delivered
ONAM103119,2026-08-30,CUST1353,Meera Das,Kannur,Home Decor,Flower Vase,4,400,10,UPI,Delivered
ONAM103120,2026-08-27,CUST1050,Gokul Pillai,Kollam,Gifts,Gift Hamper,5,1976,15,Wallet,Delivered
ONAM103121,2026-08-02,CUST1036,Vishnu Krishnan,Kozhikode,Grocery,Pickle,1,278,10,Cash,Delivered
ONAM103122,2026-09-05,CUST1053,Hari Joseph,Palakkad,Grocery,Spices,7,598,15,UPI,Delivered
ONAM103123,2026-08-22,CUST1493,Kavya Joseph,Wayanad,Clothing,Onam Dress,5,3346,30,Cash,Delivered
ONAM103124,2026-08-18,CUST1010,Akhil Das,Ernakulam,Electronics,Smart Watch,1,2443,0,UPI,Cancelled
ONAM103125,2026-09-08,CUST1215,Gokul Varma,Kannur,Grocery,Pickle,2,245,5,Credit Card,Delivered
ONAM103126,2026-08-25,CUST1539,Akhil Varma,Kochi,Clothing,Kasavu Saree,6,1672,0,Net Banking,Delivered
ONAM103127,2026-07-27,CUST1250,Vishnu Kumar,Ernakulam,Home Decor,Brass Lamp,4,2660,0,Debit Card,Cancelled
ONAM103128,2026-07-30,CUST1494,Arun Thomas,Malappuram,Home Decor,Pookalam Set,3,963,10,UPI,Delivered
ONAM103129,2026-07-26,CUST1571,Adarsh Varma,Kozhikode,Home Decor,Table Decor,3,1072,15,Credit Card,Delivered
ONAM103130,2026-09-03,CUST1579,Kavya Nair,Kochi,Clothing,Kasavu Saree,4,4527,10,Wallet,Delivered
ONAM103131,2026-08-06,CUST1521,Meera Nair,Thrissur,Home Decor,Pookalam Set,3,673,5,Credit Card,Cancelled
ONAM103132,2026-08-03,CUST1331,Nithin Pillai,Kollam,Grocery,Pickle,6,172,30,Wallet,Cancelled
ONAM103133,2026-08-06,CUST1221,Adarsh Nair,Ernakulam,Home Decor,Flower Vase,5,897,0,UPI,Returned
ONAM103134,2026-08-01,CUST1557,Adarsh Thomas,Malappuram,Gifts,Chocolate Box,1,1202,20,Cash,Delivered
ONAM103135,2026-08-04,CUST1279,Adarsh Pillai,Malappuram,Electronics,Earbuds,2,5159,10,Credit Card,Delivered
ONAM103136,2026-07-31,CUST1173,Divya Pillai,Thrissur,Home Decor,Flower Vase,6,654,10,Net Banking,Delivered
ONAM103137,2026-07-26,CUST1005,Kavya Joseph,Kollam,Clothing,Kids Ethnic Wear,2,746,15,Net Banking,Delivered
ONAM103138,2026-09-03,CUST1563,Rahul Joseph,Thiruvananthapuram,Clothing,Onam Dress,7,1205,10,Cash,Delivered
ONAM103139,2026-08-07,CUST1386,Athira Kumar,Kozhikode,Home Decor,Wall Decor,6,687,15,Debit Card,Delivered
ONAM103140,2026-08-27,CUST1351,Arun Varma,Kochi,Gifts,Gift Hamper,3,963,0,UPI,Cancelled
ONAM103141,2026-08-08,CUST1430,Arun Joseph,Ernakulam,Grocery,Rice,2,877,5,Credit Card,Delivered
ONAM103142,2026-08-20,CUST1374,Neha Thomas,Kollam,Home Decor,Wall Decor,6,455,5,Credit Card,Cancelled
ONAM103143,2026-08-02,CUST1445,Arun Kumar,Wayanad,Gifts,Chocolate Box,7,1324,10,Cash,Delivered
ONAM103144,2026-08-29,CUST1200,Vishnu Pillai,Alappuzha,Electronics,Power Bank,6,861,10,Cash,Returned
ONAM103145,2026-07-30,CUST1247,Vishnu Krishnan,Kottayam,Home Decor,Table Decor,6,557,10,Credit Card,Returned
ONAM103146,2026-08-01,CUST1517,Rahul Thomas,Wayanad,Electronics,Power Bank,5,753,20,Wallet,Delivered
ONAM103147,2026-08-28,CUST1590,Meera Joseph,Wayanad,Clothing,Onam Dress,7,1361,10,Net Banking,Delivered
ONAM103148,2026-07-27,CUST1370,Neha Joseph,Kannur,Clothing,Kids Ethnic Wear,1,1425,0,Debit Card,Delivered
ONAM103149,2026-07-26,CUST1599,Divya Thomas,Alappuzha,Gifts,Dry Fruit Box,3,2333,5,Wallet,Delivered
ONAM103150,2026-08-04,CUST1571,Divya Das,Kannur,Home Decor,Pookalam Set,7,400,25,Credit Card,Delivered
ONAM103151,2026-08-15,CUST1213,Amal Rajan,Thiruvananthapuram,Clothing,Onam Dress,7,1565,0,Net Banking,Delivered
ONAM103152,2026-09-02,CUST1268,Meera Kumar,Thrissur,Grocery,Coconut Oil,1,603,5,UPI,Returned
ONAM103153,2026-08-31,CUST1217,Neha Rajan,Kozhikode,Electronics,Power Bank,8,958,0,Cash,Delivered
ONAM103154,2026-08-19,CUST1523,Adarsh Krishnan,Kannur,Home Decor,Wall Decor,6,849,5,Debit Card,Delivered
ONAM103155,2026-09-07,CUST1137,Athira Pillai,Palakkad,Home Decor,Table Decor,6,461,20,Credit Card,Returned
ONAM103156,2026-08-18,CUST1495,Divya Rajan,Malappuram,Grocery,Banana Chips,1,454,10,Wallet,Delivered
ONAM103157,2026-09-04,CUST1356,Meera Krishnan,Palakkad,Grocery,Rice,4,352,30,Credit Card,Returned
ONAM103158,2026-08-06,CUST1024,Divya Rajan,Thiruvananthapuram,Gifts,Tea Gift Set,7,327,30,Credit Card,Cancelled
ONAM103159,2026-08-07,CUST1229,Arun Das,Ernakulam,Gifts,Kitchen Set,2,2878,10,Credit Card,Delivered
ONAM103160,2026-08-08,CUST1414,Akhil Menon,Palakkad,Grocery,Rice,5,510,0,Cash,Returned
ONAM103161,2026-08-21,CUST1137,Meera Kumar,Kozhikode,Gifts,Kitchen Set,1,1706,10,Wallet,Delivered
ONAM103162,2026-09-08,CUST1215,Gokul Kumar,Malappuram,Home Decor,Pookalam Set,1,646,30,Credit Card,Delivered
ONAM103163,2026-07-25,CUST1542,Kavya Kumar,Alappuzha,Home Decor,Brass Lamp,8,3845,30,Debit Card,Delivered
ONAM103164,2026-08-23,CUST1434,Arun Varma,Alappuzha,Electronics,Bluetooth Speaker,8,4983,10,Net Banking,Delivered
ONAM103165,2026-08-09,CUST1410,Rahul Pillai,Ernakulam,Home Decor,Flower Vase,4,329,25,UPI,Cancelled
ONAM103166,2026-08-10,CUST1387,Rahul Das,Thiruvananthapuram,Clothing,Mundu,4,1184,10,Wallet,Delivered
ONAM103167,2026-08-05,CUST1416,Gokul Kumar,Kochi,Clothing,Mundu,2,1792,25,Debit Card,Delivered
ONAM103168,2026-08-17,CUST1125,Divya Joseph,Alappuzha,Clothing,Kids Ethnic Wear,2,849,30,Wallet,Delivered
ONAM103169,2026-08-31,CUST1021,Anjali Pillai,Ernakulam,Home Decor,Pookalam Set,1,1111,30,Credit Card,Delivered
ONAM103170,2026-09-02,CUST1591,Akhil Rajan,Wayanad,Clothing,Onam Dress,8,1277,30,Wallet,Delivered
ONAM103171,2026-07-26,CUST1243,Gokul Rajan,Ernakulam,Gifts,Tea Gift Set,7,1013,0,Cash,Delivered
ONAM103172,2026-08-06,CUST1503,Amal Varma,Thiruvananthapuram,Home Decor,Wall Decor,4,1199,15,Net Banking,Cancelled
ONAM103173,2026-07-26,CUST1129,Lakshmi Joseph,Ernakulam,Home Decor,Brass Lamp,7,1878,15,Net Banking,Delivered
ONAM103174,2026-07-31,CUST1573,Rahul Rajan,Thiruvananthapuram,Clothing,Kids Ethnic Wear,3,1941,5,Cash,Delivered
ONAM103175,2026-08-28,CUST1003,Athira Krishnan,Kannur,Grocery,Banana Chips,4,678,10,Net Banking,Delivered
ONAM103176,2026-09-06,CUST1127,Divya Nair,Kollam,Grocery,Pickle,4,305,25,Wallet,Delivered
ONAM103177,2026-08-03,CUST1052,Kavya Thomas,Kozhikode,Clothing,Kurta,8,1471,30,UPI,Delivered
ONAM103178,2026-08-14,CUST1027,Athira Rajan,Thiruvananthapuram,Clothing,Onam Dress,2,1834,30,UPI,Delivered
ONAM103179,2026-08-16,CUST1067,Kavya Pillai,Kozhikode,Gifts,Dry Fruit Box,3,1640,10,UPI,Delivered
ONAM103180,2026-09-04,CUST1360,Arun Rajan,Thiruvananthapuram,Electronics,Smart Watch,3,2362,10,Credit Card,Delivered
ONAM103181,2026-08-03,CUST1590,Athira Rajan,Wayanad,Clothing,Onam Dress,8,1027,25,Credit Card,Delivered
ONAM103182,2026-08-04,CUST1374,Lakshmi Nair,Ernakulam,Gifts,Tea Gift Set,4,892,0,Net Banking,Cancelled
ONAM103183,2026-07-31,CUST1346,Athira Nair,Thiruvananthapuram,Electronics,Earbuds,2,2802,30,UPI,Delivered
ONAM103184,2026-09-07,CUST1534,Divya Krishnan,Ernakulam,Home Decor,Pookalam Set,4,699,25,Wallet,Delivered
ONAM103185,2026-08-02,CUST1229,Athira Joseph,Kollam,Home Decor,Table Decor,1,546,30,Net Banking,Delivered
ONAM103186,2026-08-11,CUST1380,Hari Thomas,Alappuzha,Clothing,Mundu,5,501,10,Debit Card,Delivered
ONAM103187,2026-08-21,CUST1345,Nithin Varma,Kochi,Clothing,Kasavu Saree,5,1135,25,Cash,Cancelled
ONAM103188,2026-08-10,CUST1418,Vishnu Pillai,Alappuzha,Grocery,Coconut Oil,5,478,30,Wallet,Delivered
ONAM103189,2026-08-15,CUST1075,Suresh Krishnan,Kottayam,Electronics,Earbuds,4,6478,0,Cash,Delivered
ONAM103190,2026-08-26,CUST1523,Rahul Das,Malappuram,Clothing,Onam Dress,4,3083,30,Wallet,Delivered
ONAM103191,2026-08-26,CUST1087,Kavya Kumar,Kollam,Electronics,Earbuds,5,4324,20,Cash,Delivered
ONAM103192,2026-09-06,CUST1479,Vishnu Joseph,Malappuram,Electronics,Kitchen Appliance,5,2757,15,UPI,Delivered
ONAM103193,2026-07-31,CUST1084,Rahul Rajan,Malappuram,Electronics,Power Bank,6,3191,15,Net Banking,Delivered
ONAM103194,2026-09-08,CUST1449,Akhil Pillai,Ernakulam,Home Decor,Flower Vase,1,1215,20,Net Banking,Cancelled
ONAM103195,2026-09-06,CUST1398,Akhil Krishnan,Kochi,Gifts,Dry Fruit Box,4,2657,10,Cash,Delivered
ONAM103196,2026-09-01,CUST1228,Suresh Pillai,Kottayam,Electronics,Kitchen Appliance,8,5360,10,Wallet,Delivered
ONAM103197,2026-08-07,CUST1439,Vishnu Das,Wayanad,Gifts,Dry Fruit Box,3,1354,20,Debit Card,Delivered
ONAM103198,2026-07-26,CUST1297,Amal Thomas,Palakkad,Home Decor,Wall Decor,5,1635,10,Credit Card,Delivered
ONAM103199,2026-08-29,CUST1329,Vishnu Menon,Kochi,Home Decor,Wall Decor,3,842,20,Debit Card,Delivered
ONAM103200,2026-08-04,CUST1227,Adarsh Menon,Thrissur,Home Decor,Table Decor,7,875,5,Cash,Delivered
ONAM103201,2026-07-28,CUST1405,Nithin Kumar,Kottayam,Gifts,Chocolate Box,1,324,5,Net Banking,Returned
ONAM103202,2026-08-29,CUST1386,Neha Kumar,Kollam,Grocery,Pickle,2,292,25,UPI,Cancelled
ONAM103203,2026-09-08,CUST1408,Riya Varma,Kochi,Clothing,Kasavu Saree,1,3848,5,Wallet,Delivered
ONAM103204,2026-08-04,CUST1374,Gokul Das,Kozhikode,Electronics,Smart Watch,4,9793,20,UPI,Returned
ONAM103205,2026-08-10,CUST1323,Hari Pillai,Palakkad,Electronics,Earbuds,7,2882,10,Credit Card,Delivered
ONAM103206,2026-09-07,CUST1387,Hari Krishnan,Wayanad,Clothing,Kasavu Saree,1,3351,20,Debit Card,Returned
ONAM103207,2026-08-01,CUST1279,Divya Varma,Thiruvananthapuram,Clothing,Onam Dress,2,1120,10,UPI,Delivered
ONAM103208,2026-08-16,CUST1146,Kavya Rajan,Kollam,Clothing,Kasavu Saree,1,4793,20,Credit Card,Delivered
ONAM103209,2026-08-17,CUST1499,Riya Varma,Thiruvananthapuram,Clothing,Kids Ethnic Wear,8,980,25,UPI,Delivered
ONAM103210,2026-09-05,CUST1144,Meera Krishnan,Kochi,Clothing,Kurta,1,1573,5,Debit Card,Delivered
ONAM103211,2026-08-02,CUST1441,Riya Thomas,Kannur,Grocery,Pickle,3,330,15,Credit Card,Returned
ONAM103212,2026-08-07,CUST1298,Adarsh Kumar,Ernakulam,Gifts,Dry Fruit Box,5,2995,5,Debit Card,Returned
ONAM103213,2026-09-02,CUST1496,Anjali Krishnan,Kollam,Electronics,Bluetooth Speaker,5,5633,25,Cash,Delivered
ONAM103214,2026-09-07,CUST1350,Athira Nair,Palakkad,Grocery,Coconut Oil,7,788,10,UPI,Cancelled
ONAM103215,2026-08-25,CUST1255,Suresh Rajan,Kochi,Home Decor,Table Decor,3,231,30,Credit Card,Returned
ONAM103216,2026-08-24,CUST1424,Athira Nair,Kochi,Electronics,Bluetooth Speaker,2,5172,0,UPI,Delivered
ONAM103217,2026-08-13,CUST1498,Vishnu Joseph,Kollam,Electronics,Kitchen Appliance,6,7083,0,UPI,Delivered
ONAM103218,2026-08-10,CUST1318,Kavya Varma,Kozhikode,Clothing,Kurta,4,1501,25,Wallet,Delivered
ONAM103219,2026-09-05,CUST1150,Riya Thomas,Kozhikode,Home Decor,Flower Vase,3,485,10,Cash,Delivered
ONAM103220,2026-08-10,CUST1016,Amal Kumar,Kollam,Gifts,Kitchen Set,3,1085,30,Wallet,Delivered
ONAM103221,2026-09-03,CUST1593,Meera Joseph,Thiruvananthapuram,Grocery,Coconut Oil,5,269,5,Wallet,Delivered
ONAM103222,2026-08-05,CUST1395,Amal Joseph,Thrissur,Electronics,Smart Watch,6,6090,20,Cash,Cancelled
ONAM103223,2026-08-02,CUST1376,Gokul Menon,Kollam,Clothing,Onam Dress,5,1746,20,UPI,Returned
ONAM103224,2026-07-25,CUST1483,Suresh Varma,Thiruvananthapuram,Home Decor,Flower Vase,3,1340,0,UPI,Delivered
ONAM103225,2026-07-31,CUST1242,Arun Nair,Kochi,Electronics,Smart Watch,3,3963,20,Wallet,Cancelled
ONAM103226,2026-08-07,CUST1310,Adarsh Varma,Thiruvananthapuram,Grocery,Coconut Oil,3,777,20,UPI,Cancelled
ONAM103227,2026-09-08,CUST1090,Arun Das,Ernakulam,Electronics,Smart Watch,3,6890,10,Credit Card,Delivered
ONAM103228,2026-08-02,CUST1549,Suresh Das,Kottayam,Grocery,Pickle,5,213,5,Debit Card,Delivered
ONAM103229,2026-08-24,CUST1325,Gokul Nair,Thiruvananthapuram,Grocery,Coconut Oil,1,552,10,Wallet,Delivered
ONAM103230,2026-09-04,CUST1296,Akhil Joseph,Kochi,Home Decor,Wall Decor,7,1546,10,Cash,Delivered
ONAM103231,2026-09-06,CUST1093,Riya Krishnan,Kottayam,Home Decor,Pookalam Set,4,393,10,Debit Card,Returned
ONAM103232,2026-09-02,CUST1549,Nithin Pillai,Wayanad,Electronics,Power Bank,6,2055,10,Cash,Delivered
ONAM103233,2026-09-06,CUST1544,Gokul Joseph,Kannur,Gifts,Gift Hamper,7,1514,30,Wallet,Delivered
ONAM103234,2026-07-27,CUST1344,Neha Varma,Kannur,Gifts,Kitchen Set,8,912,10,Cash,Delivered
ONAM103235,2026-08-17,CUST1511,Kavya Krishnan,Kottayam,Home Decor,Brass Lamp,8,1159,10,UPI,Delivered
ONAM103236,2026-07-25,CUST1079,Suresh Varma,Kottayam,Clothing,Mundu,5,1771,20,UPI,Delivered
ONAM103237,2026-08-15,CUST1211,Akhil Menon,Kottayam,Grocery,Coconut Oil,2,582,20,Cash,Delivered
ONAM103238,2026-09-05,CUST1547,Nithin Varma,Malappuram,Home Decor,Table Decor,8,1388,30,Credit Card,Delivered
ONAM103239,2026-08-08,CUST1014,Divya Pillai,Kottayam,Home Decor,Wall Decor,7,412,10,Debit Card,Delivered
ONAM103240,2026-07-29,CUST1477,Vishnu Pillai,Palakkad,Home Decor,Brass Lamp,5,883,5,Wallet,Delivered
ONAM103241,2026-08-09,CUST1338,Suresh Menon,Thrissur,Clothing,Kurta,7,1794,20,UPI,Cancelled
ONAM103242,2026-08-18,CUST1467,Akhil Rajan,Kochi,Gifts,Tea Gift Set,5,993,25,UPI,Delivered
ONAM103243,2026-08-15,CUST1084,Anjali Krishnan,Kochi,Home Decor,Flower Vase,4,719,10,Credit Card,Delivered
ONAM103244,2026-07-25,CUST1417,Athira Thomas,Ernakulam,Electronics,Bluetooth Speaker,2,3112,0,Debit Card,Cancelled
ONAM103245,2026-08-08,CUST1566,Adarsh Rajan,Kollam,Clothing,Kids Ethnic Wear,1,669,0,Net Banking,Delivered
ONAM103246,2026-09-05,CUST1299,Amal Joseph,Kozhikode,Clothing,Onam Dress,3,2662,10,UPI,Delivered
ONAM103247,2026-08-11,CUST1127,Anjali Pillai,Kozhikode,Clothing,Onam Dress,6,1216,25,Credit Card,Delivered
ONAM103248,2026-08-08,CUST1426,Neha Joseph,Kannur,Electronics,Kitchen Appliance,5,7779,25,Cash,Delivered
ONAM103249,2026-08-18,CUST1060,Hari Joseph,Kozhikode,Grocery,Rice,5,160,20,Wallet,Returned
ONAM103250,2026-08-16,CUST1554,Divya Joseph,Wayanad,Electronics,Power Bank,1,2594,15,UPI,Delivered
ONAM103251,2026-08-20,CUST1137,Suresh Nair,Malappuram,Electronics,Smart Watch,8,8493,10,Credit Card,Returned
ONAM103252,2026-09-02,CUST1112,Nithin Nair,Kozhikode,Home Decor,Brass Lamp,1,2493,15,Net Banking,Delivered
ONAM103253,2026-08-03,CUST1430,Anjali Krishnan,Kozhikode,Electronics,Kitchen Appliance,3,9807,15,Cash,Delivered
ONAM103254,2026-08-15,CUST1558,Gokul Das,Kochi,Home Decor,Flower Vase,5,228,15,Cash,Returned
ONAM103255,2026-08-14,CUST1500,Rahul Varma,Palakkad,Electronics,Smart Watch,4,2469,20,Net Banking,Delivered
ONAM103256,2026-07-31,CUST1181,Divya Rajan,Alappuzha,Home Decor,Pookalam Set,1,1099,25,Cash,Returned
ONAM103257,2026-09-07,CUST1569,Amal Menon,Wayanad,Electronics,Kitchen Appliance,2,5826,25,Credit Card,Delivered
ONAM103258,2026-08-02,CUST1508,Gokul Kumar,Kochi,Gifts,Dry Fruit Box,5,1904,25,Credit Card,Delivered
ONAM103259,2026-07-25,CUST1393,Rahul Pillai,Malappuram,Grocery,Pickle,8,137,10,Credit Card,Returned
ONAM103260,2026-07-28,CUST1056,Anjali Menon,Thrissur,Home Decor,Table Decor,1,1502,15,Credit Card,Delivered
ONAM103261,2026-08-03,CUST1324,Hari Varma,Kollam,Clothing,Onam Dress,6,2331,20,Cash,Delivered
ONAM103262,2026-08-03,CUST1199,Nithin Thomas,Kannur,Electronics,Power Bank,3,3087,30,Cash,Cancelled
ONAM103263,2026-07-29,CUST1277,Rahul Das,Malappuram,Clothing,Kurta,2,1293,15,Debit Card,Delivered
ONAM103264,2026-08-28,CUST1572,Riya Rajan,Malappuram,Grocery,Rice,5,420,25,Credit Card,Delivered
ONAM103265,2026-08-06,CUST1109,Meera Varma,Kozhikode,Home Decor,Pookalam Set,3,917,30,UPI,Cancelled
ONAM103266,2026-07-31,CUST1298,Riya Thomas,Kochi,Electronics,Smart Watch,3,8417,10,Credit Card,Delivered
ONAM103267,2026-08-13,CUST1047,Kavya Menon,Kottayam,Clothing,Mundu,4,1184,25,Credit Card,Delivered
ONAM103268,2026-07-31,CUST1025,Neha Varma,Kochi,Gifts,Tea Gift Set,2,984,15,Wallet,Delivered
ONAM103269,2026-08-20,CUST1319,Meera Kumar,Kottayam,Home Decor,Table Decor,6,1191,5,Net Banking,Delivered
ONAM103270,2026-08-03,CUST1390,Neha Varma,Kozhikode,Grocery,Spices,8,266,30,Debit Card,Delivered
ONAM103271,2026-07-26,CUST1583,Adarsh Kumar,Wayanad,Home Decor,Brass Lamp,8,3463,5,UPI,Delivered
ONAM103272,2026-09-08,CUST1254,Rahul Menon,Alappuzha,Electronics,Bluetooth Speaker,1,1381,15,Wallet,Delivered
ONAM103273,2026-08-07,CUST1279,Adarsh Joseph,Wayanad,Home Decor,Flower Vase,1,1346,10,Debit Card,Returned
ONAM103274,2026-08-01,CUST1566,Kavya Das,Ernakulam,Electronics,Kitchen Appliance,8,3975,10,Credit Card,Delivered
ONAM103275,2026-08-19,CUST1296,Meera Kumar,Palakkad,Grocery,Pickle,2,484,5,Credit Card,Delivered
ONAM103276,2026-09-01,CUST1182,Divya Kumar,Kannur,Clothing,Mundu,8,1158,10,Wallet,Cancelled
ONAM103277,2026-09-02,CUST1367,Riya Nair,Malappuram,Clothing,Kasavu Saree,8,2506,25,Wallet,Delivered
ONAM103278,2026-08-03,CUST1170,Rahul Krishnan,Palakkad,Gifts,Chocolate Box,1,1314,15,Credit Card,Delivered
ONAM103279,2026-09-08,CUST1009,Amal Thomas,Alappuzha,Home Decor,Pookalam Set,7,971,10,Debit Card,Delivered
ONAM103280,2026-08-24,CUST1511,Akhil Das,Kannur,Clothing,Onam Dress,3,3213,15,Net Banking,Delivered
ONAM103281,2026-07-26,CUST1564,Amal Thomas,Kozhikode,Gifts,Chocolate Box,8,1386,10,Credit Card,Delivered
ONAM103282,2026-07-28,CUST1325,Divya Rajan,Kottayam,Gifts,Gift Hamper,4,419,15,Debit Card,Delivered
ONAM103283,2026-07-31,CUST1594,Anjali Joseph,Thrissur,Clothing,Onam Dress,2,1434,30,UPI,Delivered
ONAM103284,2026-08-19,CUST1106,Vishnu Varma,Kottayam,Grocery,Rice,7,622,25,UPI,Cancelled
ONAM103285,2026-08-08,CUST1270,Hari Krishnan,Thrissur,Gifts,Kitchen Set,4,1770,25,UPI,Delivered
ONAM103286,2026-08-26,CUST1301,Anjali Kumar,Kozhikode,Grocery,Pickle,5,413,0,Cash,Returned
ONAM103287,2026-08-17,CUST1033,Gokul Rajan,Thrissur,Electronics,Earbuds,4,1044,25,Credit Card,Cancelled
ONAM103288,2026-08-14,CUST1465,Gokul Kumar,Thrissur,Gifts,Chocolate Box,3,338,20,Cash,Delivered
ONAM103289,2026-08-12,CUST1185,Riya Varma,Thiruvananthapuram,Home Decor,Pookalam Set,8,259,20,Debit Card,Delivered
ONAM103290,2026-08-26,CUST1316,Arun Joseph,Kollam,Electronics,Kitchen Appliance,1,10648,20,Cash,Delivered
ONAM103291,2026-08-05,CUST1050,Divya Kumar,Malappuram,Home Decor,Pookalam Set,5,499,25,Net Banking,Delivered
ONAM103292,2026-07-27,CUST1469,Hari Pillai,Palakkad,Home Decor,Table Decor,1,1017,20,Net Banking,Returned
ONAM103293,2026-08-02,CUST1246,Suresh Kumar,Kollam,Gifts,Kitchen Set,7,699,10,UPI,Delivered
ONAM103294,2026-09-01,CUST1116,Meera Pillai,Kozhikode,Home Decor,Wall Decor,3,1630,20,Wallet,Delivered
ONAM103295,2026-08-13,CUST1209,Meera Kumar,Kochi,Gifts,Chocolate Box,8,722,25,Wallet,Delivered
ONAM103296,2026-08-02,CUST1278,Meera Thomas,Thiruvananthapuram,Home Decor,Flower Vase,8,713,5,Net Banking,Cancelled
ONAM103297,2026-08-02,CUST1543,Riya Rajan,Thiruvananthapuram,Gifts,Gift Hamper,3,1729,25,Debit Card,Delivered
ONAM103298,2026-07-27,CUST1427,Anjali Das,Malappuram,Electronics,Earbuds,2,4675,10,Cash,Delivered
ONAM103299,2026-08-23,CUST1269,Neha Rajan,Palakkad,Home Decor,Pookalam Set,4,902,10,Credit Card,Cancelled
ONAM103300,2026-07-28,CUST1119,Vishnu Rajan,Ernakulam,Grocery,Banana Chips,3,228,10,Debit Card,Delivered
ONAM103301,2026-08-17,CUST1584,Hari Thomas,Kochi,Clothing,Kurta,4,1780,5,Cash,Delivered
ONAM103302,2026-09-07,CUST1398,Gokul Pillai,Thrissur,Clothing,Mundu,5,914,25,Net Banking,Delivered
ONAM103303,2026-08-15,CUST1315,Riya Rajan,Malappuram,Clothing,Mundu,1,503,15,Credit Card,Delivered
ONAM103304,2026-08-16,CUST1130,Gokul Krishnan,Ernakulam,Clothing,Kids Ethnic Wear,8,2068,25,Wallet,Delivered
ONAM103305,2026-08-18,CUST1123,Neha Menon,Wayanad,Electronics,Power Bank,1,2273,5,Credit Card,Delivered
ONAM103306,2026-08-05,CUST1488,Rahul Joseph,Alappuzha,Grocery,Spices,3,988,5,Net Banking,Delivered
ONAM103307,2026-08-01,CUST1007,Meera Thomas,Kottayam,Gifts,Dry Fruit Box,2,1626,10,Debit Card,Delivered
ONAM103308,2026-09-06,CUST1057,Gokul Joseph,Kochi,Electronics,Bluetooth Speaker,2,1319,25,UPI,Cancelled
ONAM103309,2026-08-05,CUST1200,Suresh Das,Malappuram,Gifts,Dry Fruit Box,6,659,20,UPI,Cancelled
ONAM103310,2026-07-25,CUST1256,Anjali Menon,Malappuram,Electronics,Bluetooth Speaker,4,2644,0,Cash,Returned
ONAM103311,2026-07-31,CUST1053,Amal Rajan,Alappuzha,Clothing,Mundu,7,1118,30,Net Banking,Delivered
ONAM103312,2026-08-15,CUST1552,Amal Das,Kollam,Electronics,Earbuds,6,925,20,Net Banking,Delivered
ONAM103313,2026-08-29,CUST1548,Athira Pillai,Kochi,Electronics,Earbuds,1,6690,0,Debit Card,Delivered
ONAM103314,2026-07-28,CUST1303,Rahul Pillai,Ernakulam,Gifts,Tea Gift Set,1,1345,20,Wallet,Delivered
ONAM103315,2026-09-04,CUST1010,Neha Varma,Wayanad,Grocery,Rice,7,252,5,Wallet,Returned
ONAM103316,2026-08-13,CUST1553,Akhil Thomas,Ernakulam,Electronics,Smart Watch,3,9444,0,Credit Card,Delivered
ONAM103317,2026-08-06,CUST1278,Nithin Rajan,Kannur,Grocery,Coconut Oil,4,344,15,Net Banking,Delivered
ONAM103318,2026-08-27,CUST1264,Nithin Das,Kollam,Gifts,Gift Hamper,5,826,10,Wallet,Delivered
ONAM103319,2026-08-09,CUST1191,Meera Pillai,Ernakulam,Clothing,Kids Ethnic Wear,5,1513,30,Credit Card,Cancelled
ONAM103320,2026-08-21,CUST1173,Akhil Das,Wayanad,Home Decor,Table Decor,5,331,0,Wallet,Delivered
ONAM103321,2026-08-06,CUST1493,Vishnu Joseph,Kozhikode,Grocery,Spices,1,390,10,Cash,Cancelled
ONAM103322,2026-08-26,CUST1474,Nithin Thomas,Thiruvananthapuram,Grocery,Spices,4,909,30,Wallet,Delivered
ONAM103323,2026-09-08,CUST1292,Kavya Thomas,Kottayam,Gifts,Kitchen Set,8,1637,5,UPI,Delivered
ONAM103324,2026-09-07,CUST1244,Riya Joseph,Thrissur,Grocery,Pickle,1,139,15,Credit Card,Delivered
ONAM103325,2026-08-24,CUST1330,Meera Menon,Thrissur,Electronics,Bluetooth Speaker,5,5639,0,Wallet,Delivered
ONAM103326,2026-08-20,CUST1151,Rahul Das,Alappuzha,Electronics,Smart Watch,7,3405,0,Credit Card,Delivered
ONAM103327,2026-08-25,CUST1331,Divya Pillai,Kozhikode,Gifts,Tea Gift Set,7,1543,0,Wallet,Delivered
ONAM103328,2026-08-21,CUST1495,Rahul Rajan,Malappuram,Clothing,Mundu,5,1357,15,UPI,Delivered
ONAM103329,2026-08-12,CUST1442,Vishnu Rajan,Alappuzha,Electronics,Kitchen Appliance,3,1513,30,Credit Card,Delivered
ONAM103330,2026-08-04,CUST1349,Lakshmi Thomas,Ernakulam,Grocery,Pickle,1,415,30,UPI,Delivered
ONAM103331,2026-09-04,CUST1348,Neha Rajan,Alappuzha,Gifts,Tea Gift Set,4,1517,0,Debit Card,Delivered
ONAM103332,2026-08-17,CUST1504,Hari Kumar,Kannur,Clothing,Kids Ethnic Wear,3,1283,25,Net Banking,Delivered
ONAM103333,2026-08-16,CUST1208,Anjali Varma,Wayanad,Clothing,Kasavu Saree,4,3987,10,Wallet,Cancelled
ONAM103334,2026-08-31,CUST1436,Anjali Kumar,Malappuram,Clothing,Kasavu Saree,5,2403,0,Net Banking,Delivered
ONAM103335,2026-09-02,CUST1214,Nithin Rajan,Thiruvananthapuram,Home Decor,Flower Vase,5,714,5,Cash,Cancelled
ONAM103336,2026-08-25,CUST1062,Akhil Menon,Kollam,Grocery,Banana Chips,6,511,0,Net Banking,Delivered
ONAM103337,2026-08-10,CUST1522,Neha Das,Palakkad,Home Decor,Table Decor,4,838,30,Credit Card,Delivered
ONAM103338,2026-07-28,CUST1571,Neha Varma,Ernakulam,Home Decor,Pookalam Set,6,817,10,Debit Card,Delivered
ONAM103339,2026-08-15,CUST1198,Lakshmi Kumar,Kottayam,Gifts,Gift Hamper,5,2419,10,Debit Card,Delivered
ONAM103340,2026-09-05,CUST1469,Riya Joseph,Malappuram,Clothing,Mundu,7,1226,15,Wallet,Delivered
ONAM103341,2026-07-29,CUST1090,Anjali Rajan,Kollam,Grocery,Coconut Oil,3,405,20,Net Banking,Delivered
ONAM103342,2026-08-22,CUST1295,Anjali Das,Ernakulam,Gifts,Gift Hamper,6,472,5,Debit Card,Delivered
ONAM103343,2026-08-08,CUST1520,Riya Kumar,Malappuram,Clothing,Mundu,6,990,20,Wallet,Delivered
ONAM103344,2026-08-09,CUST1481,Nithin Varma,Alappuzha,Grocery,Rice,3,572,10,Debit Card,Delivered
ONAM103345,2026-09-01,CUST1338,Hari Thomas,Alappuzha,Gifts,Chocolate Box,5,567,15,UPI,Returned
ONAM103346,2026-08-19,CUST1475,Athira Krishnan,Thiruvananthapuram,Gifts,Kitchen Set,7,2052,5,UPI,Delivered
ONAM103347,2026-08-10,CUST1391,Lakshmi Pillai,Palakkad,Home Decor,Wall Decor,2,1479,15,Credit Card,Cancelled
ONAM103348,2026-08-10,CUST1020,Gokul Pillai,Kochi,Gifts,Dry Fruit Box,2,1966,25,Credit Card,Delivered
ONAM103349,2026-09-04,CUST1326,Gokul Krishnan,Thiruvananthapuram,Electronics,Smart Watch,2,7079,0,Debit Card,Cancelled
ONAM103350,2026-08-20,CUST1511,Kavya Kumar,Ernakulam,Grocery,Coconut Oil,4,368,25,UPI,Delivered
ONAM103351,2026-07-25,CUST1110,Akhil Rajan,Kannur,Home Decor,Pookalam Set,3,1108,0,Wallet,Delivered
ONAM103352,2026-08-08,CUST1437,Hari Thomas,Malappuram,Home Decor,Table Decor,2,335,10,Wallet,Returned
ONAM103353,2026-09-01,CUST1073,Nithin Kumar,Kollam,Clothing,Kids Ethnic Wear,2,1510,5,UPI,Delivered
ONAM103354,2026-09-08,CUST1039,Lakshmi Thomas,Kollam,Electronics,Earbuds,1,5835,10,Net Banking,Delivered
ONAM103355,2026-08-03,CUST1417,Adarsh Thomas,Palakkad,Grocery,Spices,3,746,10,Wallet,Delivered
ONAM103356,2026-08-16,CUST1159,Anjali Menon,Thiruvananthapuram,Grocery,Spices,4,1056,30,Wallet,Delivered
ONAM103357,2026-08-25,CUST1462,Riya Varma,Kochi,Home Decor,Brass Lamp,6,3857,20,Debit Card,Delivered
ONAM103358,2026-08-15,CUST1199,Divya Das,Alappuzha,Gifts,Dry Fruit Box,8,858,15,Net Banking,Delivered
ONAM103359,2026-07-31,CUST1241,Divya Joseph,Palakkad,Grocery,Spices,1,388,30,Net Banking,Delivered
ONAM103360,2026-08-18,CUST1357,Gokul Nair,Alappuzha,Home Decor,Pookalam Set,8,802,20,Net Banking,Delivered
ONAM103361,2026-08-31,CUST1529,Akhil Kumar,Palakkad,Grocery,Pickle,3,147,30,Debit Card,Delivered
ONAM103362,2026-09-01,CUST1227,Divya Das,Kottayam,Home Decor,Table Decor,3,1509,0,Net Banking,Delivered
ONAM103363,2026-08-15,CUST1138,Suresh Joseph,Alappuzha,Grocery,Pickle,6,129,10,Wallet,Delivered
ONAM103364,2026-08-10,CUST1590,Rahul Pillai,Kannur,Home Decor,Wall Decor,6,894,10,Wallet,Delivered
ONAM103365,2026-08-19,CUST1579,Akhil Nair,Wayanad,Home Decor,Wall Decor,7,605,0,UPI,Delivered
ONAM103366,2026-08-30,CUST1533,Suresh Das,Palakkad,Electronics,Power Bank,5,2499,0,Credit Card,Delivered
ONAM103367,2026-07-28,CUST1074,Amal Kumar,Kozhikode,Gifts,Chocolate Box,4,1370,25,Wallet,Cancelled
ONAM103368,2026-08-31,CUST1500,Hari Rajan,Kottayam,Grocery,Rice,1,361,0,UPI,Delivered
ONAM103369,2026-08-31,CUST1210,Divya Das,Palakkad,Electronics,Smart Watch,5,7169,30,Cash,Delivered
ONAM103370,2026-08-20,CUST1348,Hari Rajan,Malappuram,Clothing,Kurta,3,805,5,Credit Card,Delivered
ONAM103371,2026-07-30,CUST1473,Neha Krishnan,Ernakulam,Electronics,Smart Watch,2,2046,5,UPI,Delivered
ONAM103372,2026-09-07,CUST1153,Arun Das,Alappuzha,Gifts,Gift Hamper,2,480,15,UPI,Delivered
ONAM103373,2026-08-05,CUST1032,Arun Pillai,Alappuzha,Electronics,Power Bank,5,3474,5,Debit Card,Delivered
ONAM103374,2026-09-01,CUST1133,Gokul Joseph,Kochi,Clothing,Kurta,1,1423,30,Wallet,Delivered
ONAM103375,2026-08-23,CUST1313,Rahul Pillai,Malappuram,Clothing,Kids Ethnic Wear,1,655,0,Net Banking,Delivered
ONAM103376,2026-09-01,CUST1096,Lakshmi Menon,Kannur,Clothing,Onam Dress,3,1362,10,Debit Card,Cancelled
ONAM103377,2026-09-02,CUST1074,Divya Varma,Thrissur,Clothing,Kurta,8,929,10,Cash,Returned
ONAM103378,2026-08-15,CUST1008,Nithin Nair,Alappuzha,Gifts,Kitchen Set,2,561,25,Wallet,Cancelled
ONAM103379,2026-08-19,CUST1262,Kavya Rajan,Palakkad,Clothing,Kurta,2,1284,30,Net Banking,Delivered
ONAM103380,2026-07-27,CUST1554,Suresh Nair,Kozhikode,Gifts,Dry Fruit Box,2,1097,15,UPI,Delivered
ONAM103381,2026-09-03,CUST1431,Arun Das,Kannur,Gifts,Tea Gift Set,1,1379,25,Net Banking,Returned
ONAM103382,2026-08-30,CUST1511,Anjali Nair,Palakkad,Gifts,Tea Gift Set,8,1334,25,UPI,Delivered
ONAM103383,2026-08-12,CUST1315,Arun Thomas,Thrissur,Gifts,Chocolate Box,4,867,30,Credit Card,Delivered
ONAM103384,2026-08-13,CUST1328,Athira Krishnan,Alappuzha,Clothing,Kurta,7,2074,10,Credit Card,Delivered
ONAM103385,2026-08-13,CUST1194,Divya Rajan,Kannur,Home Decor,Pookalam Set,3,774,5,Debit Card,Delivered
ONAM103386,2026-08-07,CUST1489,Hari Krishnan,Palakkad,Electronics,Kitchen Appliance,1,11710,10,Net Banking,Delivered
ONAM103387,2026-07-27,CUST1179,Adarsh Nair,Kannur,Home Decor,Brass Lamp,8,3061,10,UPI,Delivered
ONAM103388,2026-07-28,CUST1257,Arun Joseph,Kottayam,Electronics,Power Bank,6,2245,15,Wallet,Delivered
ONAM103389,2026-07-25,CUST1504,Divya Krishnan,Malappuram,Electronics,Power Bank,8,2956,15,Cash,Delivered
ONAM103390,2026-08-11,CUST1261,Suresh Pillai,Palakkad,Electronics,Smart Watch,2,6206,15,UPI,Returned
ONAM103391,2026-08-06,CUST1170,Kavya Kumar,Kottayam,Electronics,Earbuds,5,2795,10,Cash,Delivered
ONAM103392,2026-08-23,CUST1379,Adarsh Das,Malappuram,Gifts,Gift Hamper,3,1479,0,Credit Card,Delivered
ONAM103393,2026-08-11,CUST1013,Amal Thomas,Kottayam,Grocery,Pickle,5,361,20,Debit Card,Delivered
ONAM103394,2026-08-09,CUST1306,Akhil Rajan,Alappuzha,Clothing,Kurta,1,1837,0,UPI,Delivered
ONAM103395,2026-08-27,CUST1172,Amal Varma,Kochi,Gifts,Kitchen Set,2,2995,20,Net Banking,Delivered
ONAM103396,2026-08-24,CUST1426,Athira Pillai,Wayanad,Home Decor,Pookalam Set,8,990,10,Credit Card,Cancelled
ONAM103397,2026-08-02,CUST1065,Rahul Varma,Kannur,Grocery,Rice,6,746,30,Cash,Delivered
ONAM103398,2026-07-31,CUST1270,Nithin Rajan,Ernakulam,Grocery,Pickle,6,258,25,Net Banking,Delivered
ONAM103399,2026-08-24,CUST1569,Nithin Nair,Alappuzha,Home Decor,Brass Lamp,2,3725,5,Wallet,Delivered
ONAM103400,2026-07-25,CUST1503,Adarsh Thomas,Thrissur,Gifts,Dry Fruit Box,1,1110,30,Wallet,Returned
ONAM103401,2026-07-28,CUST1451,Athira Pillai,Thrissur,Grocery,Rice,5,216,0,Credit Card,Delivered
ONAM103402,2026-08-22,CUST1419,Divya Kumar,Kozhikode,Gifts,Gift Hamper,1,1796,10,Wallet,Returned
ONAM103403,2026-08-21,CUST1396,Vishnu Rajan,Kochi,Electronics,Bluetooth Speaker,5,5291,5,UPI,Cancelled
ONAM103404,2026-07-29,CUST1516,Neha Rajan,Kozhikode,Electronics,Kitchen Appliance,1,2969,15,UPI,Delivered
ONAM103405,2026-07-29,CUST1297,Suresh Joseph,Palakkad,Home Decor,Pookalam Set,4,541,10,Net Banking,Delivered
ONAM103406,2026-08-12,CUST1281,Gokul Nair,Kozhikode,Electronics,Bluetooth Speaker,5,2520,30,Cash,Delivered
ONAM103407,2026-07-30,CUST1519,Vishnu Joseph,Alappuzha,Gifts,Dry Fruit Box,1,949,5,Net Banking,Returned
ONAM103408,2026-08-28,CUST1124,Akhil Pillai,Thrissur,Home Decor,Brass Lamp,1,2111,25,UPI,Delivered
ONAM103409,2026-08-18,CUST1247,Meera Varma,Ernakulam,Gifts,Gift Hamper,6,2360,20,Wallet,Delivered
ONAM103410,2026-09-06,CUST1276,Arun Das,Thiruvananthapuram,Electronics,Earbuds,1,3735,10,UPI,Delivered
ONAM103411,2026-08-13,CUST1220,Suresh Thomas,Palakkad,Grocery,Rice,6,146,0,Net Banking,Returned
ONAM103412,2026-08-15,CUST1140,Vishnu Das,Kannur,Home Decor,Table Decor,1,538,10,Credit Card,Delivered
ONAM103413,2026-09-02,CUST1117,Gokul Menon,Kollam,Home Decor,Flower Vase,2,1003,20,Net Banking,Delivered
ONAM103414,2026-08-11,CUST1341,Neha Joseph,Thiruvananthapuram,Home Decor,Pookalam Set,3,761,5,Credit Card,Delivered
ONAM103415,2026-07-30,CUST1514,Nithin Thomas,Thiruvananthapuram,Gifts,Kitchen Set,6,1896,25,Debit Card,Delivered
ONAM103416,2026-09-05,CUST1064,Riya Krishnan,Ernakulam,Gifts,Dry Fruit Box,2,2588,10,Cash,Delivered
ONAM103417,2026-08-18,CUST1281,Nithin Pillai,Alappuzha,Gifts,Gift Hamper,6,2362,0,Credit Card,Delivered
ONAM103418,2026-08-18,CUST1500,Anjali Menon,Ernakulam,Gifts,Tea Gift Set,1,1703,5,Debit Card,Delivered
ONAM103419,2026-07-25,CUST1276,Gokul Krishnan,Alappuzha,Electronics,Earbuds,2,4275,15,Cash,Delivered
ONAM103420,2026-08-16,CUST1221,Meera Menon,Kollam,Electronics,Kitchen Appliance,6,2031,20,Net Banking,Delivered
ONAM103421,2026-08-17,CUST1461,Nithin Varma,Thrissur,Home Decor,Table Decor,3,951,30,Wallet,Delivered
ONAM103422,2026-08-29,CUST1370,Meera Das,Palakkad,Gifts,Gift Hamper,4,1300,20,UPI,Delivered
ONAM103423,2026-09-03,CUST1487,Amal Varma,Thrissur,Grocery,Pickle,6,403,10,Wallet,Delivered
ONAM103424,2026-09-01,CUST1195,Akhil Varma,Thiruvananthapuram,Electronics,Bluetooth Speaker,3,1925,30,Cash,Delivered
ONAM103425,2026-08-26,CUST1124,Hari Joseph,Kottayam,Grocery,Rice,2,335,25,UPI,Delivered
ONAM103426,2026-08-15,CUST1299,Neha Rajan,Malappuram,Grocery,Coconut Oil,3,461,5,Wallet,Returned
ONAM103427,2026-08-08,CUST1141,Lakshmi Krishnan,Palakkad,Grocery,Coconut Oil,1,320,10,Cash,Delivered
ONAM103428,2026-08-19,CUST1386,Amal Menon,Thrissur,Gifts,Chocolate Box,1,806,25,Net Banking,Delivered
ONAM103429,2026-09-03,CUST1274,Rahul Das,Kottayam,Clothing,Kurta,4,1287,0,Debit Card,Delivered
ONAM103430,2026-08-04,CUST1217,Nithin Varma,Malappuram,Gifts,Tea Gift Set,1,896,30,Net Banking,Cancelled
ONAM103431,2026-08-18,CUST1331,Lakshmi Pillai,Ernakulam,Electronics,Smart Watch,4,6269,25,UPI,Delivered
ONAM103432,2026-08-22,CUST1089,Nithin Pillai,Thrissur,Clothing,Onam Dress,2,2845,20,Credit Card,Cancelled
ONAM103433,2026-07-25,CUST1240,Hari Rajan,Wayanad,Clothing,Mundu,5,648,15,UPI,Delivered
ONAM103434,2026-08-25,CUST1294,Adarsh Pillai,Thiruvananthapuram,Clothing,Kids Ethnic Wear,4,1928,30,Wallet,Delivered
ONAM103435,2026-09-04,CUST1270,Divya Menon,Kollam,Grocery,Pickle,4,128,10,Wallet,Cancelled
ONAM103436,2026-08-26,CUST1256,Arun Rajan,Kochi,Home Decor,Pookalam Set,4,745,20,Net Banking,Returned
ONAM103437,2026-09-02,CUST1461,Neha Krishnan,Wayanad,Electronics,Kitchen Appliance,4,4116,15,Debit Card,Delivered
ONAM103438,2026-08-25,CUST1265,Gokul Varma,Kozhikode,Clothing,Kurta,8,855,20,Wallet,Delivered
ONAM103439,2026-08-07,CUST1532,Suresh Nair,Alappuzha,Gifts,Gift Hamper,8,844,30,Wallet,Delivered
ONAM103440,2026-08-09,CUST1308,Nithin Nair,Malappuram,Gifts,Gift Hamper,4,568,30,Debit Card,Cancelled
ONAM103441,2026-09-07,CUST1099,Neha Thomas,Kottayam,Home Decor,Pookalam Set,7,326,10,Wallet,Returned
ONAM103442,2026-08-02,CUST1562,Kavya Thomas,Alappuzha,Gifts,Dry Fruit Box,8,2998,30,Credit Card,Cancelled
ONAM103443,2026-08-15,CUST1392,Riya Rajan,Kottayam,Gifts,Kitchen Set,1,2025,30,Wallet,Delivered
ONAM103444,2026-08-16,CUST1255,Rahul Kumar,Malappuram,Clothing,Onam Dress,4,3040,25,UPI,Delivered
ONAM103445,2026-08-27,CUST1465,Kavya Pillai,Kannur,Grocery,Pickle,8,144,15,Debit Card,Cancelled
ONAM103446,2026-07-25,CUST1222,Athira Menon,Kottayam,Electronics,Bluetooth Speaker,4,3494,15,Credit Card,Delivered
ONAM103447,2026-08-17,CUST1006,Athira Menon,Kottayam,Electronics,Kitchen Appliance,4,11225,15,Cash,Delivered
ONAM103448,2026-07-28,CUST1552,Nithin Thomas,Malappuram,Grocery,Coconut Oil,4,324,15,Cash,Delivered
ONAM103449,2026-07-25,CUST1114,Adarsh Das,Kochi,Grocery,Rice,2,231,10,UPI,Delivered
ONAM103450,2026-08-28,CUST1247,Lakshmi Menon,Kottayam,Gifts,Dry Fruit Box,2,2872,30,Cash,Delivered
ONAM103451,2026-09-04,CUST1568,Arun Rajan,Wayanad,Clothing,Onam Dress,8,1457,15,Net Banking,Delivered
ONAM103452,2026-08-19,CUST1540,Athira Thomas,Kozhikode,Gifts,Kitchen Set,6,2103,10,Net Banking,Cancelled
ONAM103453,2026-07-26,CUST1271,Akhil Joseph,Wayanad,Home Decor,Table Decor,4,767,10,Credit Card,Delivered
ONAM103454,2026-08-17,CUST1301,Riya Kumar,Kochi,Gifts,Gift Hamper,5,2045,20,Wallet,Cancelled
ONAM103455,2026-08-21,CUST1329,Athira Pillai,Kozhikode,Home Decor,Brass Lamp,8,2920,10,UPI,Delivered
ONAM103456,2026-09-01,CUST1498,Kavya Kumar,Kottayam,Grocery,Rice,4,296,30,Cash,Delivered
ONAM103457,2026-08-13,CUST1265,Meera Thomas,Thrissur,Clothing,Kids Ethnic Wear,4,1230,10,Debit Card,Delivered
ONAM103458,2026-07-27,CUST1413,Vishnu Kumar,Wayanad,Home Decor,Brass Lamp,3,1625,20,Wallet,Returned
ONAM103459,2026-08-17,CUST1388,Kavya Krishnan,Thrissur,Electronics,Bluetooth Speaker,2,1711,25,Debit Card,Delivered
ONAM103460,2026-09-04,CUST1495,Riya Joseph,Kochi,Electronics,Earbuds,1,5934,5,Credit Card,Returned
ONAM103461,2026-08-08,CUST1212,Suresh Nair,Thrissur,Gifts,Kitchen Set,7,984,20,UPI,Returned
ONAM103462,2026-09-02,CUST1333,Arun Joseph,Kollam,Electronics,Smart Watch,7,7446,0,Wallet,Delivered
ONAM103463,2026-09-02,CUST1241,Riya Das,Thrissur,Gifts,Dry Fruit Box,8,2047,10,UPI,Delivered
ONAM103464,2026-08-11,CUST1537,Amal Menon,Wayanad,Clothing,Kurta,1,1042,15,Debit Card,Returned
ONAM103465,2026-07-28,CUST1375,Meera Kumar,Thrissur,Gifts,Kitchen Set,7,1555,25,Net Banking,Delivered
ONAM103466,2026-08-28,CUST1022,Kavya Varma,Kollam,Clothing,Onam Dress,4,1120,15,UPI,Delivered
ONAM103467,2026-08-24,CUST1202,Adarsh Krishnan,Ernakulam,Home Decor,Pookalam Set,1,256,30,Credit Card,Delivered
ONAM103468,2026-08-26,CUST1501,Hari Krishnan,Kannur,Electronics,Earbuds,4,1628,5,UPI,Delivered
ONAM103469,2026-09-05,CUST1524,Kavya Das,Palakkad,Clothing,Kasavu Saree,6,4784,5,Credit Card,Delivered
ONAM103470,2026-09-05,CUST1504,Lakshmi Nair,Wayanad,Clothing,Onam Dress,8,2129,15,Net Banking,Delivered
ONAM103471,2026-08-01,CUST1231,Amal Menon,Malappuram,Clothing,Kasavu Saree,1,3028,5,Cash,Delivered
ONAM103472,2026-08-05,CUST1114,Meera Pillai,Kochi,Clothing,Onam Dress,6,1811,20,Wallet,Delivered
ONAM103473,2026-07-27,CUST1311,Akhil Menon,Palakkad,Grocery,Coconut Oil,1,874,5,Net Banking,Delivered
ONAM103474,2026-09-08,CUST1080,Adarsh Nair,Kottayam,Electronics,Smart Watch,5,7969,30,Debit Card,Cancelled
ONAM103475,2026-08-25,CUST1280,Athira Pillai,Thiruvananthapuram,Home Decor,Pookalam Set,6,409,0,Wallet,Delivered
ONAM103476,2026-07-27,CUST1350,Gokul Krishnan,Kollam,Electronics,Kitchen Appliance,1,7389,10,UPI,Returned
ONAM103477,2026-08-25,CUST1522,Divya Krishnan,Kochi,Home Decor,Flower Vase,1,367,0,Wallet,Delivered
ONAM103478,2026-08-09,CUST1384,Vishnu Menon,Kochi,Clothing,Kids Ethnic Wear,4,880,10,Debit Card,Delivered
ONAM103479,2026-08-04,CUST1213,Anjali Das,Malappuram,Clothing,Kurta,4,1905,10,Net Banking,Delivered
ONAM103480,2026-08-13,CUST1147,Anjali Varma,Kannur,Grocery,Banana Chips,2,660,10,Debit Card,Delivered
ONAM103481,2026-08-16,CUST1481,Arun Krishnan,Palakkad,Gifts,Kitchen Set,8,2593,30,Cash,Delivered
ONAM103482,2026-07-31,CUST1043,Suresh Varma,Kochi,Home Decor,Pookalam Set,1,257,15,Net Banking,Delivered
ONAM103483,2026-08-16,CUST1274,Amal Varma,Kollam,Clothing,Kurta,8,1151,20,Debit Card,Returned
ONAM103484,2026-08-05,CUST1518,Akhil Krishnan,Thiruvananthapuram,Grocery,Rice,7,232,5,UPI,Delivered
ONAM103485,2026-08-07,CUST1009,Anjali Menon,Kollam,Electronics,Bluetooth Speaker,4,4094,30,Credit Card,Delivered
ONAM103486,2026-08-16,CUST1084,Lakshmi Menon,Malappuram,Gifts,Kitchen Set,8,2748,10,UPI,Delivered
ONAM103487,2026-08-16,CUST1358,Neha Das,Ernakulam,Grocery,Coconut Oil,4,684,15,Cash,Delivered
ONAM103488,2026-08-31,CUST1265,Riya Joseph,Kochi,Electronics,Power Bank,7,3202,5,Cash,Delivered
ONAM103489,2026-08-30,CUST1030,Suresh Krishnan,Palakkad,Clothing,Onam Dress,5,3093,20,Debit Card,Delivered
ONAM103490,2026-08-30,CUST1487,Adarsh Pillai,Kollam,Clothing,Mundu,7,1587,30,UPI,Returned
ONAM103491,2026-08-04,CUST1179,Meera Joseph,Kannur,Grocery,Pickle,7,220,15,UPI,Delivered
ONAM103492,2026-07-30,CUST1531,Adarsh Das,Alappuzha,Gifts,Kitchen Set,1,2446,10,Cash,Returned
ONAM103493,2026-08-31,CUST1413,Riya Das,Kozhikode,Grocery,Spices,3,936,30,Debit Card,Delivered
ONAM103494,2026-08-26,CUST1268,Neha Thomas,Palakkad,Home Decor,Table Decor,5,886,15,UPI,Delivered
ONAM103495,2026-08-01,CUST1505,Gokul Kumar,Kozhikode,Gifts,Gift Hamper,5,2072,10,Cash,Delivered
ONAM103496,2026-08-19,CUST1599,Divya Menon,Kottayam,Home Decor,Table Decor,7,993,15,UPI,Delivered
ONAM103497,2026-09-07,CUST1579,Vishnu Thomas,Malappuram,Home Decor,Table Decor,4,223,25,Wallet,Delivered
ONAM103498,2026-08-22,CUST1001,Anjali Kumar,Kochi,Grocery,Banana Chips,6,213,15,Wallet,Delivered
ONAM103499,2026-08-15,CUST1260,Athira Varma,Palakkad,Gifts,Dry Fruit Box,7,2464,15,UPI,Delivered
ONAM103500,2026-08-29,CUST1454,Adarsh Kumar,Kollam,Gifts,Gift Hamper,1,1942,0,Credit Card,Delivered
ONAM103501,2026-09-02,CUST1003,Anjali Menon,Kannur,Clothing,Kids Ethnic Wear,3,1541,20,Cash,Delivered
ONAM103502,2026-08-12,CUST1182,Lakshmi Joseph,Thiruvananthapuram,Home Decor,Table Decor,3,1283,30,Cash,Delivered
ONAM103503,2026-08-08,CUST1503,Amal Menon,Palakkad,Grocery,Spices,2,1024,20,Net Banking,Returned
ONAM103504,2026-08-14,CUST1004,Akhil Thomas,Ernakulam,Clothing,Kids Ethnic Wear,3,830,5,Credit Card,Delivered
ONAM103505,2026-08-17,CUST1540,Hari Thomas,Kozhikode,Clothing,Kurta,3,881,20,Credit Card,Returned
ONAM103506,2026-07-30,CUST1104,Akhil Menon,Thiruvananthapuram,Home Decor,Pookalam Set,8,435,5,Cash,Delivered
ONAM103507,2026-08-08,CUST1564,Kavya Pillai,Palakkad,Clothing,Kurta,3,1218,30,Debit Card,Delivered
ONAM103508,2026-08-26,CUST1176,Meera Das,Malappuram,Home Decor,Table Decor,2,969,5,Credit Card,Delivered
ONAM103509,2026-08-31,CUST1007,Divya Das,Thrissur,Gifts,Kitchen Set,4,2208,20,Net Banking,Delivered
ONAM103510,2026-09-04,CUST1315,Adarsh Nair,Wayanad,Grocery,Rice,5,401,10,Credit Card,Delivered
ONAM103511,2026-07-27,CUST1287,Akhil Menon,Malappuram,Grocery,Banana Chips,1,305,30,Net Banking,Returned
ONAM103512,2026-08-10,CUST1274,Divya Nair,Palakkad,Electronics,Smart Watch,1,7113,10,Debit Card,Delivered
ONAM103513,2026-08-07,CUST1100,Neha Das,Kannur,Home Decor,Pookalam Set,6,251,10,UPI,Delivered
ONAM103514,2026-08-25,CUST1102,Anjali Kumar,Ernakulam,Grocery,Banana Chips,2,132,30,Debit Card,Delivered
ONAM103515,2026-08-14,CUST1362,Neha Nair,Alappuzha,Grocery,Rice,8,394,0,Debit Card,Delivered
ONAM103516,2026-08-29,CUST1403,Kavya Thomas,Wayanad,Electronics,Bluetooth Speaker,1,2344,5,Net Banking,Delivered
ONAM103517,2026-07-30,CUST1211,Riya Joseph,Thiruvananthapuram,Grocery,Rice,7,698,20,Net Banking,Returned
ONAM103518,2026-08-10,CUST1271,Athira Varma,Kozhikode,Grocery,Spices,5,557,5,Net Banking,Returned
ONAM103519,2026-08-14,CUST1257,Suresh Varma,Kozhikode,Gifts,Kitchen Set,5,1409,20,Wallet,Delivered
ONAM103520,2026-08-20,CUST1538,Meera Krishnan,Alappuzha,Clothing,Kids Ethnic Wear,2,1199,10,Net Banking,Returned
ONAM103521,2026-08-24,CUST1345,Rahul Nair,Thrissur,Gifts,Dry Fruit Box,6,1649,5,Credit Card,Cancelled
ONAM103522,2026-08-12,CUST1005,Lakshmi Das,Ernakulam,Grocery,Coconut Oil,5,341,5,Wallet,Returned
ONAM103523,2026-07-29,CUST1156,Anjali Kumar,Thrissur,Electronics,Earbuds,1,1203,5,Cash,Delivered
ONAM103524,2026-08-03,CUST1077,Divya Menon,Kochi,Home Decor,Wall Decor,8,1631,20,UPI,Delivered
ONAM103525,2026-09-03,CUST1404,Nithin Krishnan,Kochi,Home Decor,Pookalam Set,3,1195,10,Cash,Returned
ONAM103526,2026-08-30,CUST1558,Adarsh Varma,Malappuram,Gifts,Chocolate Box,2,648,5,Credit Card,Delivered
ONAM103527,2026-08-14,CUST1313,Vishnu Rajan,Malappuram,Electronics,Bluetooth Speaker,7,1638,15,Net Banking,Delivered
ONAM103528,2026-08-17,CUST1124,Akhil Kumar,Kozhikode,Clothing,Kids Ethnic Wear,3,2032,30,Wallet,Delivered
ONAM103529,2026-08-03,CUST1578,Adarsh Rajan,Wayanad,Home Decor,Flower Vase,6,1441,5,Net Banking,Delivered
ONAM103530,2026-07-28,CUST1020,Neha Das,Kochi,Electronics,Kitchen Appliance,8,10806,25,Credit Card,Cancelled
ONAM103531,2026-09-03,CUST1326,Lakshmi Das,Malappuram,Home Decor,Pookalam Set,1,819,10,Debit Card,Cancelled
ONAM103532,2026-08-28,CUST1500,Anjali Krishnan,Kannur,Home Decor,Wall Decor,1,607,10,Credit Card,Delivered
ONAM103533,2026-08-23,CUST1158,Arun Menon,Kottayam,Home Decor,Pookalam Set,1,571,30,Net Banking,Returned
ONAM103534,2026-08-01,CUST1118,Lakshmi Kumar,Alappuzha,Home Decor,Brass Lamp,8,4117,30,Cash,Delivered
ONAM103535,2026-08-31,CUST1374,Neha Das,Kannur,Electronics,Bluetooth Speaker,5,2096,30,Credit Card,Delivered
ONAM103536,2026-09-01,CUST1057,Suresh Rajan,Kollam,Gifts,Dry Fruit Box,4,1361,5,Credit Card,Delivered
ONAM103537,2026-09-03,CUST1368,Rahul Das,Alappuzha,Gifts,Tea Gift Set,7,700,20,UPI,Cancelled
ONAM103538,2026-08-27,CUST1564,Amal Pillai,Palakkad,Home Decor,Wall Decor,1,861,10,Net Banking,Delivered
ONAM103539,2026-08-18,CUST1331,Meera Krishnan,Kannur,Clothing,Kasavu Saree,1,3775,20,UPI,Delivered
ONAM103540,2026-08-09,CUST1127,Arun Nair,Kannur,Clothing,Mundu,7,549,25,Debit Card,Delivered
ONAM103541,2026-09-04,CUST1585,Hari Nair,Kannur,Home Decor,Wall Decor,3,1123,30,Cash,Delivered
ONAM103542,2026-08-06,CUST1161,Neha Menon,Malappuram,Clothing,Kasavu Saree,2,1106,25,Debit Card,Cancelled
ONAM103543,2026-08-30,CUST1295,Hari Thomas,Kannur,Clothing,Kids Ethnic Wear,6,1555,0,UPI,Delivered
ONAM103544,2026-09-02,CUST1495,Arun Das,Alappuzha,Electronics,Kitchen Appliance,1,7117,0,Wallet,Delivered
ONAM103545,2026-08-23,CUST1451,Athira Joseph,Kollam,Clothing,Onam Dress,3,3458,15,Debit Card,Delivered
ONAM103546,2026-07-30,CUST1097,Nithin Krishnan,Wayanad,Gifts,Gift Hamper,6,745,20,Net Banking,Delivered
ONAM103547,2026-08-16,CUST1379,Arun Joseph,Wayanad,Gifts,Kitchen Set,6,1264,25,Credit Card,Returned
ONAM103548,2026-09-05,CUST1070,Divya Das,Kottayam,Electronics,Earbuds,1,4379,30,Debit Card,Delivered
ONAM103549,2026-09-02,CUST1072,Vishnu Nair,Ernakulam,Electronics,Kitchen Appliance,8,10440,15,Net Banking,Cancelled
ONAM103550,2026-08-27,CUST1356,Akhil Rajan,Kozhikode,Clothing,Onam Dress,3,2933,10,Cash,Returned
ONAM103551,2026-08-25,CUST1490,Arun Rajan,Wayanad,Gifts,Tea Gift Set,6,680,20,Net Banking,Delivered
ONAM103552,2026-09-02,CUST1030,Akhil Pillai,Alappuzha,Home Decor,Table Decor,6,551,10,Credit Card,Delivered
ONAM103553,2026-08-01,CUST1230,Hari Pillai,Kottayam,Gifts,Gift Hamper,1,1028,30,Cash,Delivered
ONAM103554,2026-08-16,CUST1163,Vishnu Menon,Thiruvananthapuram,Electronics,Bluetooth Speaker,7,3911,0,Wallet,Delivered
ONAM103555,2026-09-04,CUST1523,Kavya Kumar,Kochi,Clothing,Kids Ethnic Wear,8,1957,5,Net Banking,Delivered
ONAM103556,2026-09-07,CUST1046,Nithin Menon,Malappuram,Clothing,Mundu,4,1647,0,Credit Card,Delivered
ONAM103557,2026-07-28,CUST1544,Lakshmi Varma,Malappuram,Electronics,Power Bank,7,1015,5,UPI,Delivered
ONAM103558,2026-09-06,CUST1170,Adarsh Krishnan,Wayanad,Electronics,Smart Watch,7,1503,20,Credit Card,Delivered
ONAM103559,2026-08-28,CUST1403,Rahul Varma,Alappuzha,Home Decor,Pookalam Set,3,1092,5,Net Banking,Delivered
ONAM103560,2026-08-31,CUST1259,Adarsh Thomas,Malappuram,Grocery,Rice,5,467,15,Debit Card,Delivered
ONAM103561,2026-09-02,CUST1263,Gokul Joseph,Ernakulam,Gifts,Chocolate Box,2,795,10,Cash,Delivered
ONAM103562,2026-08-29,CUST1297,Meera Thomas,Kochi,Electronics,Bluetooth Speaker,7,2089,30,Debit Card,Delivered
ONAM103563,2026-07-30,CUST1404,Hari Varma,Kottayam,Electronics,Earbuds,3,5326,30,Wallet,Cancelled
ONAM103564,2026-08-04,CUST1491,Divya Das,Thiruvananthapuram,Clothing,Kids Ethnic Wear,2,2192,10,Debit Card,Delivered
ONAM103565,2026-07-31,CUST1520,Arun Thomas,Wayanad,Electronics,Smart Watch,2,7037,0,Net Banking,Cancelled
ONAM103566,2026-08-19,CUST1012,Lakshmi Rajan,Kochi,Grocery,Pickle,3,485,15,Wallet,Delivered
ONAM103567,2026-08-15,CUST1002,Anjali Menon,Malappuram,Clothing,Mundu,3,955,15,Wallet,Delivered
ONAM103568,2026-08-21,CUST1354,Adarsh Joseph,Kollam,Home Decor,Pookalam Set,5,1035,0,Wallet,Delivered
ONAM103569,2026-08-08,CUST1377,Meera Das,Palakkad,Home Decor,Table Decor,1,795,10,Net Banking,Delivered
ONAM103570,2026-08-14,CUST1239,Divya Das,Ernakulam,Grocery,Rice,7,290,30,Debit Card,Delivered
ONAM103571,2026-09-07,CUST1056,Neha Nair,Kozhikode,Grocery,Spices,8,484,5,Debit Card,Delivered
ONAM103572,2026-08-16,CUST1153,Hari Varma,Thiruvananthapuram,Home Decor,Wall Decor,1,326,25,Debit Card,Delivered
ONAM103573,2026-08-12,CUST1295,Lakshmi Menon,Palakkad,Gifts,Dry Fruit Box,4,1527,30,Net Banking,Delivered
ONAM103574,2026-08-24,CUST1388,Neha Nair,Thrissur,Electronics,Bluetooth Speaker,5,3901,5,Cash,Delivered
ONAM103575,2026-09-05,CUST1218,Rahul Joseph,Alappuzha,Grocery,Rice,6,535,0,Wallet,Delivered
ONAM103576,2026-09-04,CUST1100,Meera Varma,Alappuzha,Clothing,Kasavu Saree,2,3755,10,UPI,Delivered
ONAM103577,2026-08-16,CUST1243,Gokul Nair,Wayanad,Home Decor,Brass Lamp,7,3271,10,Wallet,Cancelled
ONAM103578,2026-08-22,CUST1138,Neha Varma,Malappuram,Home Decor,Flower Vase,6,605,20,Wallet,Delivered
ONAM103579,2026-08-18,CUST1114,Amal Krishnan,Alappuzha,Home Decor,Pookalam Set,4,861,15,UPI,Delivered
ONAM103580,2026-08-05,CUST1468,Vishnu Thomas,Palakkad,Home Decor,Brass Lamp,8,2669,5,Wallet,Delivered
ONAM103581,2026-08-08,CUST1011,Suresh Kumar,Ernakulam,Grocery,Pickle,3,483,30,Debit Card,Cancelled
ONAM103582,2026-08-10,CUST1401,Akhil Kumar,Ernakulam,Electronics,Smart Watch,6,9373,10,Wallet,Delivered
ONAM103583,2026-08-03,CUST1263,Rahul Pillai,Thrissur,Electronics,Bluetooth Speaker,4,5006,0,Credit Card,Delivered
ONAM103584,2026-09-06,CUST1453,Arun Krishnan,Kollam,Electronics,Power Bank,2,2531,15,Debit Card,Returned
ONAM103585,2026-08-11,CUST1316,Anjali Varma,Palakkad,Electronics,Earbuds,5,1561,0,Net Banking,Delivered
ONAM103586,2026-08-20,CUST1591,Riya Menon,Wayanad,Home Decor,Pookalam Set,8,632,20,Net Banking,Delivered
ONAM103587,2026-07-31,CUST1252,Hari Thomas,Ernakulam,Clothing,Mundu,4,441,5,Debit Card,Delivered
ONAM103588,2026-08-28,CUST1262,Hari Pillai,Thrissur,Electronics,Earbuds,5,4605,0,Cash,Returned
ONAM103589,2026-08-16,CUST1360,Vishnu Nair,Kozhikode,Electronics,Power Bank,1,1771,5,Net Banking,Returned
ONAM103590,2026-08-14,CUST1334,Gokul Varma,Ernakulam,Home Decor,Pookalam Set,2,1072,25,Credit Card,Cancelled
ONAM103591,2026-09-04,CUST1496,Nithin Rajan,Thrissur,Home Decor,Pookalam Set,7,731,0,Net Banking,Returned
ONAM103592,2026-08-25,CUST1171,Vishnu Thomas,Malappuram,Electronics,Earbuds,7,3475,30,Net Banking,Delivered
ONAM103593,2026-08-26,CUST1153,Gokul Menon,Palakkad,Grocery,Banana Chips,7,287,20,Credit Card,Delivered
ONAM103594,2026-07-29,CUST1160,Neha Varma,Thiruvananthapuram,Electronics,Earbuds,3,5465,25,Wallet,Cancelled
ONAM103595,2026-07-27,CUST1119,Akhil Pillai,Kozhikode,Home Decor,Brass Lamp,4,597,25,UPI,Delivered
ONAM103596,2026-08-24,CUST1431,Adarsh Kumar,Wayanad,Electronics,Power Bank,2,2956,10,Credit Card,Returned
ONAM103597,2026-07-28,CUST1365,Nithin Joseph,Kannur,Grocery,Rice,4,518,5,Cash,Delivered
ONAM103598,2026-08-28,CUST1422,Suresh Joseph,Kollam,Clothing,Kasavu Saree,1,2772,30,Net Banking,Delivered
ONAM103599,2026-07-27,CUST1545,Akhil Pillai,Thrissur,Gifts,Tea Gift Set,3,861,10,Credit Card,Cancelled
ONAM103600,2026-08-02,CUST1551,Akhil Das,Kottayam,Clothing,Kids Ethnic Wear,3,779,15,Net Banking,Delivered
ONAM103601,2026-07-26,CUST1041,Riya Joseph,Alappuzha,Home Decor,Pookalam Set,1,915,10,Credit Card,Delivered
ONAM103602,2026-08-01,CUST1308,Athira Nair,Kannur,Grocery,Rice,7,637,20,Credit Card,Delivered
ONAM103603,2026-08-25,CUST1037,Meera Joseph,Kochi,Electronics,Bluetooth Speaker,1,4695,0,Net Banking,Cancelled
ONAM103604,2026-09-07,CUST1496,Anjali Krishnan,Ernakulam,Home Decor,Brass Lamp,6,4225,20,Cash,Cancelled
ONAM103605,2026-08-14,CUST1044,Suresh Nair,Kozhikode,Clothing,Mundu,8,1353,30,Wallet,Delivered
ONAM103606,2026-08-03,CUST1340,Adarsh Thomas,Ernakulam,Home Decor,Brass Lamp,3,544,30,Debit Card,Delivered
ONAM103607,2026-08-09,CUST1115,Amal Nair,Malappuram,Grocery,Rice,2,815,0,Wallet,Returned
ONAM103608,2026-08-05,CUST1428,Anjali Thomas,Malappuram,Grocery,Rice,3,542,30,Net Banking,Returned
ONAM103609,2026-08-26,CUST1522,Meera Joseph,Palakkad,Home Decor,Wall Decor,8,1404,20,UPI,Delivered
ONAM103610,2026-08-20,CUST1218,Lakshmi Varma,Thiruvananthapuram,Home Decor,Table Decor,2,391,0,Debit Card,Returned
ONAM103611,2026-09-05,CUST1189,Kavya Menon,Wayanad,Electronics,Kitchen Appliance,5,10907,5,Credit Card,Delivered
ONAM103612,2026-09-07,CUST1308,Divya Krishnan,Ernakulam,Grocery,Coconut Oil,2,716,15,Debit Card,Returned
ONAM103613,2026-08-03,CUST1100,Lakshmi Nair,Palakkad,Gifts,Kitchen Set,1,2278,20,UPI,Cancelled
ONAM103614,2026-08-15,CUST1337,Arun Menon,Kochi,Electronics,Power Bank,2,1029,10,Cash,Delivered
ONAM103615,2026-09-04,CUST1118,Lakshmi Menon,Kochi,Clothing,Kurta,6,838,25,Net Banking,Delivered
ONAM103616,2026-07-29,CUST1074,Riya Krishnan,Alappuzha,Electronics,Power Bank,6,1639,10,Wallet,Delivered
ONAM103617,2026-08-07,CUST1428,Athira Rajan,Kannur,Electronics,Kitchen Appliance,2,9968,10,Credit Card,Delivered
ONAM103618,2026-08-20,CUST1407,Amal Menon,Ernakulam,Home Decor,Brass Lamp,2,4336,20,Net Banking,Delivered
ONAM103619,2026-07-28,CUST1101,Riya Varma,Kochi,Home Decor,Brass Lamp,2,3605,25,Credit Card,Cancelled
ONAM103620,2026-09-06,CUST1060,Riya Thomas,Palakkad,Grocery,Rice,5,308,30,Cash,Delivered
ONAM103621,2026-08-03,CUST1077,Nithin Kumar,Ernakulam,Grocery,Banana Chips,4,534,15,Cash,Delivered
ONAM103622,2026-08-30,CUST1257,Akhil Krishnan,Thrissur,Grocery,Pickle,5,205,30,Cash,Delivered
ONAM103623,2026-07-26,CUST1409,Rahul Thomas,Alappuzha,Home Decor,Table Decor,3,1053,10,Cash,Delivered
ONAM103624,2026-08-11,CUST1408,Hari Thomas,Alappuzha,Grocery,Banana Chips,4,213,20,Credit Card,Delivered
ONAM103625,2026-08-13,CUST1506,Riya Kumar,Kozhikode,Gifts,Chocolate Box,3,1241,5,Debit Card,Delivered
ONAM103626,2026-08-24,CUST1515,Neha Menon,Malappuram,Gifts,Tea Gift Set,7,1653,20,Wallet,Delivered
ONAM103627,2026-08-19,CUST1073,Gokul Thomas,Malappuram,Gifts,Kitchen Set,4,3108,0,UPI,Delivered
ONAM103628,2026-07-28,CUST1501,Riya Menon,Thrissur,Clothing,Kurta,4,1014,10,Net Banking,Delivered
ONAM103629,2026-08-21,CUST1355,Akhil Joseph,Thrissur,Clothing,Mundu,3,572,10,Net Banking,Delivered
ONAM103630,2026-08-16,CUST1503,Akhil Thomas,Palakkad,Electronics,Kitchen Appliance,3,1540,5,Credit Card,Delivered
ONAM103631,2026-09-02,CUST1480,Neha Thomas,Ernakulam,Home Decor,Flower Vase,5,1473,10,Credit Card,Cancelled
ONAM103632,2026-07-30,CUST1405,Athira Krishnan,Kochi,Electronics,Bluetooth Speaker,6,3380,15,Cash,Delivered
ONAM103633,2026-09-03,CUST1317,Gokul Joseph,Kollam,Electronics,Smart Watch,5,2813,0,Debit Card,Delivered
ONAM103634,2026-09-03,CUST1429,Nithin Joseph,Thiruvananthapuram,Home Decor,Wall Decor,4,1781,10,Wallet,Delivered
ONAM103635,2026-09-04,CUST1016,Akhil Das,Thiruvananthapuram,Gifts,Kitchen Set,6,953,30,Wallet,Delivered
ONAM103636,2026-08-15,CUST1029,Lakshmi Thomas,Malappuram,Grocery,Coconut Oil,7,157,10,Debit Card,Delivered
ONAM103637,2026-08-03,CUST1232,Nithin Kumar,Alappuzha,Clothing,Kurta,7,2096,25,Cash,Cancelled
ONAM103638,2026-08-08,CUST1419,Hari Menon,Ernakulam,Gifts,Dry Fruit Box,5,1813,10,UPI,Delivered
ONAM103639,2026-09-06,CUST1478,Divya Nair,Kannur,Home Decor,Table Decor,5,1113,5,Credit Card,Returned
ONAM103640,2026-08-26,CUST1331,Rahul Thomas,Ernakulam,Grocery,Coconut Oil,4,210,10,Wallet,Delivered
ONAM103641,2026-08-05,CUST1019,Gokul Kumar,Malappuram,Electronics,Kitchen Appliance,2,10976,5,Credit Card,Cancelled
ONAM103642,2026-08-02,CUST1277,Meera Kumar,Kannur,Home Decor,Brass Lamp,5,1367,20,UPI,Delivered
ONAM103643,2026-08-11,CUST1418,Amal Pillai,Kottayam,Home Decor,Wall Decor,8,1412,5,Debit Card,Cancelled
ONAM103644,2026-09-06,CUST1494,Neha Krishnan,Malappuram,Home Decor,Wall Decor,4,1631,25,Wallet,Delivered
ONAM103645,2026-08-12,CUST1255,Neha Pillai,Kollam,Electronics,Bluetooth Speaker,3,4175,25,Cash,Delivered
ONAM103646,2026-08-14,CUST1015,Anjali Rajan,Malappuram,Home Decor,Flower Vase,2,835,30,Net Banking,Delivered
ONAM103647,2026-08-26,CUST1208,Riya Das,Palakkad,Home Decor,Pookalam Set,3,679,10,Credit Card,Returned
ONAM103648,2026-08-11,CUST1138,Rahul Varma,Ernakulam,Clothing,Onam Dress,1,2038,5,Wallet,Delivered
ONAM103649,2026-09-04,CUST1571,Meera Varma,Ernakulam,Electronics,Kitchen Appliance,2,4344,20,Wallet,Cancelled
ONAM103650,2026-08-21,CUST1409,Anjali Krishnan,Palakkad,Grocery,Pickle,8,182,15,Net Banking,Delivered
ONAM103651,2026-08-28,CUST1337,Adarsh Rajan,Wayanad,Home Decor,Wall Decor,4,919,5,Net Banking,Returned
ONAM103652,2026-09-01,CUST1468,Neha Krishnan,Thrissur,Grocery,Spices,2,718,30,Cash,Delivered
ONAM103653,2026-08-10,CUST1292,Gokul Krishnan,Alappuzha,Clothing,Onam Dress,2,3341,25,Debit Card,Delivered
ONAM103654,2026-07-26,CUST1253,Neha Joseph,Alappuzha,Home Decor,Wall Decor,6,919,20,Net Banking,Delivered
ONAM103655,2026-08-03,CUST1298,Gokul Nair,Thiruvananthapuram,Clothing,Kurta,7,1614,30,Debit Card,Returned
ONAM103656,2026-08-07,CUST1271,Athira Nair,Ernakulam,Electronics,Power Bank,1,788,15,Wallet,Delivered
ONAM103657,2026-08-16,CUST1132,Athira Rajan,Kannur,Electronics,Bluetooth Speaker,5,3218,30,Wallet,Delivered
ONAM103658,2026-09-01,CUST1499,Amal Krishnan,Kollam,Gifts,Gift Hamper,2,2466,10,Wallet,Returned
ONAM103659,2026-07-26,CUST1256,Nithin Varma,Kollam,Home Decor,Wall Decor,8,1647,15,Net Banking,Returned
ONAM103660,2026-08-18,CUST1581,Kavya Joseph,Kollam,Grocery,Pickle,3,461,15,Debit Card,Cancelled
ONAM103661,2026-08-27,CUST1312,Akhil Varma,Kollam,Grocery,Spices,8,337,30,Debit Card,Returned
ONAM103662,2026-09-03,CUST1038,Suresh Nair,Wayanad,Electronics,Bluetooth Speaker,4,1297,20,Net Banking,Returned
ONAM103663,2026-08-26,CUST1065,Adarsh Varma,Thiruvananthapuram,Clothing,Mundu,3,1491,15,Cash,Delivered
ONAM103664,2026-07-26,CUST1307,Hari Pillai,Thiruvananthapuram,Clothing,Mundu,1,1627,5,Wallet,Cancelled
ONAM103665,2026-08-09,CUST1551,Neha Pillai,Kozhikode,Gifts,Dry Fruit Box,3,2218,10,Debit Card,Delivered
ONAM103666,2026-08-17,CUST1264,Amal Nair,Ernakulam,Clothing,Onam Dress,5,2228,25,Cash,Delivered
ONAM103667,2026-08-30,CUST1026,Gokul Nair,Kottayam,Grocery,Spices,8,1039,25,Credit Card,Cancelled
ONAM103668,2026-08-20,CUST1589,Adarsh Rajan,Kozhikode,Home Decor,Pookalam Set,2,909,15,Wallet,Delivered
ONAM103669,2026-08-15,CUST1081,Anjali Menon,Malappuram,Clothing,Kasavu Saree,1,3744,5,Credit Card,Cancelled
ONAM103670,2026-08-01,CUST1418,Divya Das,Kottayam,Home Decor,Wall Decor,6,1274,5,Cash,Delivered
ONAM103671,2026-09-03,CUST1598,Rahul Menon,Kozhikode,Gifts,Chocolate Box,6,1157,15,Wallet,Cancelled
ONAM103672,2026-08-05,CUST1248,Divya Joseph,Palakkad,Home Decor,Wall Decor,2,1090,25,UPI,Delivered
ONAM103673,2026-09-07,CUST1109,Akhil Kumar,Wayanad,Electronics,Power Bank,2,3100,0,Wallet,Delivered
ONAM103674,2026-08-20,CUST1504,Meera Nair,Kollam,Gifts,Dry Fruit Box,4,1800,30,Debit Card,Delivered
ONAM103675,2026-08-15,CUST1207,Rahul Thomas,Malappuram,Clothing,Mundu,4,734,5,Cash,Delivered
ONAM103676,2026-09-01,CUST1505,Amal Nair,Wayanad,Gifts,Chocolate Box,6,559,25,UPI,Delivered
ONAM103677,2026-08-09,CUST1312,Meera Joseph,Wayanad,Clothing,Kids Ethnic Wear,5,1567,10,Credit Card,Returned
ONAM103678,2026-08-25,CUST1006,Suresh Menon,Kozhikode,Home Decor,Brass Lamp,8,740,5,Cash,Returned
ONAM103679,2026-08-20,CUST1499,Rahul Thomas,Thiruvananthapuram,Gifts,Tea Gift Set,5,587,0,Credit Card,Delivered
ONAM103680,2026-08-31,CUST1248,Arun Pillai,Alappuzha,Electronics,Power Bank,2,3487,0,Net Banking,Delivered
ONAM103681,2026-08-12,CUST1587,Divya Rajan,Wayanad,Gifts,Tea Gift Set,7,947,0,Debit Card,Returned
ONAM103682,2026-08-24,CUST1291,Arun Kumar,Thiruvananthapuram,Gifts,Dry Fruit Box,3,2014,10,UPI,Delivered
ONAM103683,2026-09-03,CUST1325,Arun Kumar,Malappuram,Grocery,Banana Chips,4,566,0,Cash,Returned
ONAM103684,2026-08-10,CUST1570,Meera Varma,Thrissur,Gifts,Chocolate Box,3,505,5,Wallet,Delivered
ONAM103685,2026-08-25,CUST1217,Athira Thomas,Kochi,Grocery,Pickle,2,120,20,Wallet,Delivered
ONAM103686,2026-07-31,CUST1445,Rahul Thomas,Alappuzha,Grocery,Spices,3,465,20,Debit Card,Delivered
ONAM103687,2026-08-08,CUST1517,Hari Pillai,Kochi,Clothing,Onam Dress,8,3435,0,Credit Card,Returned
ONAM103688,2026-08-20,CUST1365,Kavya Joseph,Malappuram,Grocery,Rice,4,804,20,Debit Card,Delivered
ONAM103689,2026-08-04,CUST1379,Divya Krishnan,Alappuzha,Clothing,Kurta,1,604,20,Cash,Cancelled
ONAM103690,2026-08-05,CUST1557,Lakshmi Das,Malappuram,Electronics,Kitchen Appliance,6,4210,5,Cash,Delivered
ONAM103691,2026-08-29,CUST1315,Suresh Das,Kozhikode,Home Decor,Table Decor,1,420,10,Cash,Delivered
ONAM103692,2026-08-25,CUST1125,Divya Krishnan,Ernakulam,Electronics,Bluetooth Speaker,4,2281,30,Net Banking,Delivered
ONAM103693,2026-08-14,CUST1356,Hari Varma,Kozhikode,Clothing,Kurta,5,1111,5,Net Banking,Cancelled
ONAM103694,2026-07-29,CUST1216,Lakshmi Joseph,Kozhikode,Electronics,Bluetooth Speaker,2,3163,10,Net Banking,Cancelled
ONAM103695,2026-09-07,CUST1212,Adarsh Joseph,Malappuram,Home Decor,Wall Decor,3,1515,5,Net Banking,Delivered
ONAM103696,2026-09-03,CUST1489,Divya Menon,Kottayam,Home Decor,Wall Decor,5,250,10,UPI,Delivered
ONAM103697,2026-09-06,CUST1560,Arun Thomas,Palakkad,Electronics,Earbuds,1,1553,10,Wallet,Returned
ONAM103698,2026-08-20,CUST1324,Gokul Varma,Kollam,Electronics,Bluetooth Speaker,2,4483,10,Debit Card,Cancelled
ONAM103699,2026-09-06,CUST1326,Kavya Pillai,Alappuzha,Home Decor,Pookalam Set,2,404,0,Credit Card,Delivered
ONAM103700,2026-07-26,CUST1150,Neha Pillai,Ernakulam,Grocery,Spices,4,762,5,Cash,Delivered
ONAM103701,2026-09-03,CUST1338,Athira Pillai,Palakkad,Electronics,Bluetooth Speaker,2,2549,20,Credit Card,Returned
ONAM103702,2026-09-07,CUST1291,Divya Nair,Alappuzha,Clothing,Onam Dress,1,3353,15,Wallet,Delivered
ONAM103703,2026-08-18,CUST1352,Hari Kumar,Thiruvananthapuram,Gifts,Dry Fruit Box,1,1688,25,Cash,Delivered
ONAM103704,2026-08-16,CUST1409,Gokul Kumar,Malappuram,Grocery,Banana Chips,2,312,10,Credit Card,Delivered
ONAM103705,2026-09-07,CUST1111,Amal Varma,Alappuzha,Gifts,Gift Hamper,7,999,5,Debit Card,Delivered
ONAM103706,2026-07-31,CUST1081,Athira Nair,Ernakulam,Clothing,Kurta,5,2082,0,UPI,Returned
ONAM103707,2026-08-13,CUST1033,Amal Joseph,Kannur,Clothing,Kasavu Saree,8,1654,10,Cash,Delivered
ONAM103708,2026-08-13,CUST1184,Riya Pillai,Kollam,Home Decor,Pookalam Set,1,151,15,Cash,Delivered
ONAM103709,2026-09-02,CUST1255,Anjali Das,Malappuram,Electronics,Earbuds,3,6991,0,Net Banking,Delivered
ONAM103710,2026-08-24,CUST1327,Arun Krishnan,Kannur,Gifts,Gift Hamper,4,736,0,Credit Card,Delivered
ONAM103711,2026-08-26,CUST1496,Meera Pillai,Malappuram,Clothing,Kasavu Saree,5,4078,0,Cash,Returned
ONAM103712,2026-08-10,CUST1519,Athira Rajan,Thrissur,Clothing,Kasavu Saree,1,5846,5,Debit Card,Returned
ONAM103713,2026-08-30,CUST1070,Nithin Joseph,Thiruvananthapuram,Electronics,Power Bank,4,3166,5,UPI,Delivered
ONAM103714,2026-08-14,CUST1473,Lakshmi Pillai,Alappuzha,Home Decor,Pookalam Set,3,605,15,UPI,Delivered
ONAM103715,2026-08-31,CUST1537,Akhil Pillai,Kozhikode,Home Decor,Pookalam Set,2,1091,0,UPI,Returned
ONAM103716,2026-08-06,CUST1013,Gokul Krishnan,Palakkad,Grocery,Pickle,7,475,10,UPI,Delivered
ONAM103717,2026-08-22,CUST1377,Arun Nair,Kannur,Electronics,Kitchen Appliance,2,11815,5,Wallet,Delivered
ONAM103718,2026-08-03,CUST1121,Nithin Das,Kottayam,Electronics,Smart Watch,5,1890,10,Cash,Returned
ONAM103719,2026-09-05,CUST1166,Anjali Nair,Wayanad,Grocery,Banana Chips,5,173,0,Wallet,Delivered
ONAM103720,2026-08-22,CUST1099,Meera Kumar,Thiruvananthapuram,Grocery,Coconut Oil,8,160,0,Debit Card,Delivered
ONAM103721,2026-09-04,CUST1143,Neha Kumar,Malappuram,Home Decor,Table Decor,2,1245,0,UPI,Delivered
ONAM103722,2026-09-04,CUST1523,Kavya Pillai,Kollam,Grocery,Pickle,3,190,0,Wallet,Delivered
ONAM103723,2026-08-12,CUST1437,Lakshmi Varma,Kannur,Home Decor,Pookalam Set,3,823,10,Wallet,Delivered
ONAM103724,2026-09-03,CUST1357,Lakshmi Rajan,Wayanad,Home Decor,Brass Lamp,3,1688,10,Cash,Delivered
ONAM103725,2026-07-27,CUST1240,Suresh Pillai,Wayanad,Grocery,Spices,3,520,20,Credit Card,Delivered
ONAM103726,2026-08-18,CUST1541,Nithin Das,Kannur,Gifts,Gift Hamper,2,1651,5,Wallet,Cancelled
ONAM103727,2026-08-19,CUST1488,Meera Thomas,Thrissur,Home Decor,Table Decor,3,762,0,Wallet,Delivered
ONAM103728,2026-08-06,CUST1154,Suresh Joseph,Thrissur,Electronics,Smart Watch,8,8825,0,Credit Card,Delivered
ONAM103729,2026-08-23,CUST1241,Neha Nair,Palakkad,Clothing,Kurta,3,1838,20,UPI,Delivered
ONAM103730,2026-09-02,CUST1182,Vishnu Pillai,Wayanad,Clothing,Kurta,4,1067,5,Wallet,Delivered
ONAM103731,2026-09-05,CUST1075,Adarsh Pillai,Alappuzha,Electronics,Power Bank,2,2183,5,Credit Card,Cancelled
ONAM103732,2026-08-28,CUST1094,Amal Menon,Kannur,Grocery,Pickle,8,252,10,UPI,Delivered
ONAM103733,2026-08-25,CUST1476,Akhil Menon,Alappuzha,Grocery,Pickle,5,252,0,Wallet,Delivered
ONAM103734,2026-08-24,CUST1558,Adarsh Menon,Wayanad,Clothing,Kasavu Saree,2,1307,0,Net Banking,Delivered
ONAM103735,2026-08-15,CUST1430,Neha Pillai,Thiruvananthapuram,Electronics,Smart Watch,3,6426,10,UPI,Cancelled
ONAM103736,2026-09-06,CUST1393,Divya Krishnan,Thiruvananthapuram,Home Decor,Table Decor,6,1537,15,Credit Card,Delivered
ONAM103737,2026-08-09,CUST1053,Lakshmi Pillai,Alappuzha,Grocery,Rice,1,371,15,Net Banking,Delivered
ONAM103738,2026-08-14,CUST1058,Akhil Varma,Kannur,Grocery,Pickle,4,297,10,Net Banking,Delivered
ONAM103739,2026-08-06,CUST1027,Amal Das,Malappuram,Clothing,Kasavu Saree,8,985,10,Cash,Delivered
ONAM103740,2026-08-26,CUST1566,Lakshmi Varma,Kannur,Electronics,Smart Watch,2,7816,30,Wallet,Delivered
ONAM103741,2026-08-02,CUST1562,Anjali Rajan,Wayanad,Gifts,Gift Hamper,7,2183,15,Wallet,Delivered
ONAM103742,2026-08-15,CUST1053,Akhil Rajan,Ernakulam,Electronics,Power Bank,4,2307,15,Debit Card,Delivered
ONAM103743,2026-08-03,CUST1493,Amal Thomas,Alappuzha,Grocery,Spices,1,154,30,Debit Card,Delivered
ONAM103744,2026-08-14,CUST1305,Divya Rajan,Thrissur,Electronics,Smart Watch,4,2526,30,Credit Card,Delivered
ONAM103745,2026-09-07,CUST1037,Gokul Rajan,Malappuram,Gifts,Chocolate Box,5,791,0,Credit Card,Returned
ONAM103746,2026-08-17,CUST1205,Neha Kumar,Kottayam,Clothing,Kids Ethnic Wear,8,1238,20,Wallet,Cancelled
ONAM103747,2026-08-11,CUST1159,Suresh Joseph,Kollam,Gifts,Gift Hamper,4,1663,20,Wallet,Returned
ONAM103748,2026-08-27,CUST1072,Amal Rajan,Malappuram,Clothing,Mundu,3,1685,15,Net Banking,Delivered
ONAM103749,2026-08-26,CUST1270,Gokul Krishnan,Malappuram,Clothing,Kids Ethnic Wear,2,1007,0,Debit Card,Delivered
ONAM103750,2026-09-04,CUST1324,Arun Pillai,Alappuzha,Home Decor,Pookalam Set,5,385,10,Wallet,Delivered
ONAM103751,2026-07-26,CUST1052,Adarsh Nair,Kochi,Home Decor,Wall Decor,7,1445,15,UPI,Delivered
ONAM103752,2026-08-14,CUST1558,Riya Thomas,Palakkad,Home Decor,Flower Vase,8,215,25,Cash,Delivered
ONAM103753,2026-09-08,CUST1291,Anjali Varma,Kollam,Gifts,Dry Fruit Box,7,2292,10,Wallet,Delivered
ONAM103754,2026-08-16,CUST1506,Neha Pillai,Malappuram,Grocery,Banana Chips,7,370,20,Credit Card,Returned
ONAM103755,2026-08-06,CUST1388,Suresh Menon,Kozhikode,Grocery,Coconut Oil,5,770,5,UPI,Returned
ONAM103756,2026-08-11,CUST1016,Gokul Krishnan,Alappuzha,Electronics,Smart Watch,8,3700,25,Cash,Returned
ONAM103757,2026-08-24,CUST1131,Rahul Joseph,Wayanad,Home Decor,Flower Vase,2,1264,10,UPI,Delivered
ONAM103758,2026-08-27,CUST1302,Hari Rajan,Kozhikode,Home Decor,Flower Vase,3,855,0,Wallet,Cancelled
ONAM103759,2026-07-29,CUST1364,Akhil Menon,Thrissur,Grocery,Pickle,2,387,20,Net Banking,Delivered
ONAM103760,2026-08-04,CUST1262,Akhil Rajan,Alappuzha,Clothing,Mundu,8,1509,30,UPI,Delivered
ONAM103761,2026-08-12,CUST1498,Meera Pillai,Kochi,Gifts,Kitchen Set,2,2242,5,Credit Card,Delivered
ONAM103762,2026-08-11,CUST1206,Neha Thomas,Wayanad,Clothing,Kasavu Saree,1,2923,5,Wallet,Cancelled
ONAM103763,2026-08-05,CUST1183,Neha Nair,Ernakulam,Clothing,Kasavu Saree,2,1577,20,Net Banking,Delivered
ONAM103764,2026-09-08,CUST1049,Nithin Thomas,Wayanad,Electronics,Smart Watch,8,2234,15,UPI,Delivered
ONAM103765,2026-08-24,CUST1409,Rahul Nair,Wayanad,Electronics,Power Bank,1,3484,10,Cash,Delivered
ONAM103766,2026-08-23,CUST1498,Hari Nair,Kottayam,Home Decor,Brass Lamp,8,555,20,Debit Card,Delivered
ONAM103767,2026-08-19,CUST1446,Vishnu Joseph,Malappuram,Clothing,Onam Dress,5,2272,10,Cash,Cancelled
ONAM103768,2026-08-18,CUST1146,Athira Nair,Alappuzha,Clothing,Kids Ethnic Wear,4,2100,25,Wallet,Delivered
ONAM103769,2026-09-06,CUST1430,Hari Das,Kozhikode,Clothing,Onam Dress,4,3462,20,Credit Card,Delivered
ONAM103770,2026-08-22,CUST1549,Neha Varma,Palakkad,Grocery,Rice,1,835,10,Debit Card,Delivered
ONAM103771,2026-09-03,CUST1541,Anjali Varma,Kollam,Home Decor,Brass Lamp,1,2897,5,Cash,Delivered
ONAM103772,2026-07-29,CUST1015,Adarsh Das,Kannur,Electronics,Earbuds,2,5163,0,Debit Card,Delivered
ONAM103773,2026-08-03,CUST1280,Anjali Pillai,Thiruvananthapuram,Home Decor,Flower Vase,2,730,20,Net Banking,Returned
ONAM103774,2026-09-06,CUST1177,Hari Krishnan,Palakkad,Clothing,Onam Dress,5,1088,20,Credit Card,Delivered
ONAM103775,2026-09-02,CUST1024,Hari Thomas,Kannur,Grocery,Coconut Oil,4,647,20,UPI,Delivered
ONAM103776,2026-08-14,CUST1070,Divya Joseph,Palakkad,Home Decor,Pookalam Set,6,280,20,UPI,Delivered
ONAM103777,2026-08-21,CUST1520,Riya Menon,Alappuzha,Electronics,Earbuds,5,2984,15,UPI,Returned
ONAM103778,2026-09-03,CUST1536,Vishnu Joseph,Thiruvananthapuram,Home Decor,Wall Decor,6,758,15,Net Banking,Delivered
ONAM103779,2026-08-08,CUST1417,Nithin Nair,Kochi,Clothing,Kasavu Saree,3,3184,10,Credit Card,Delivered
ONAM103780,2026-08-21,CUST1266,Meera Krishnan,Ernakulam,Gifts,Dry Fruit Box,5,1176,25,Credit Card,Cancelled
ONAM103781,2026-09-03,CUST1348,Divya Rajan,Kozhikode,Grocery,Pickle,3,144,5,Cash,Returned
ONAM103782,2026-09-05,CUST1028,Suresh Das,Alappuzha,Electronics,Smart Watch,3,6278,5,Cash,Delivered
ONAM103783,2026-09-03,CUST1492,Riya Rajan,Kozhikode,Grocery,Rice,5,520,0,Wallet,Cancelled
ONAM103784,2026-09-01,CUST1449,Kavya Pillai,Wayanad,Home Decor,Brass Lamp,6,4373,0,Debit Card,Delivered
ONAM103785,2026-08-28,CUST1566,Kavya Krishnan,Thrissur,Gifts,Gift Hamper,7,674,5,UPI,Returned
ONAM103786,2026-08-26,CUST1110,Divya Kumar,Thiruvananthapuram,Gifts,Gift Hamper,1,1194,5,Wallet,Delivered
ONAM103787,2026-08-07,CUST1114,Riya Krishnan,Kochi,Clothing,Kids Ethnic Wear,2,539,30,Cash,Delivered
ONAM103788,2026-08-25,CUST1471,Divya Pillai,Thrissur,Clothing,Kasavu Saree,7,865,20,Credit Card,Delivered
ONAM103789,2026-08-30,CUST1366,Suresh Rajan,Kochi,Clothing,Kurta,5,704,5,Wallet,Delivered
ONAM103790,2026-08-12,CUST1236,Hari Rajan,Kollam,Electronics,Earbuds,3,6828,30,Debit Card,Delivered
ONAM103791,2026-08-02,CUST1486,Suresh Thomas,Kozhikode,Grocery,Pickle,2,402,20,Net Banking,Delivered
ONAM103792,2026-08-22,CUST1167,Amal Pillai,Wayanad,Home Decor,Brass Lamp,2,1828,20,Debit Card,Cancelled
ONAM103793,2026-08-28,CUST1233,Nithin Varma,Kottayam,Clothing,Mundu,8,1259,25,Debit Card,Cancelled
ONAM103794,2026-08-23,CUST1178,Amal Varma,Alappuzha,Clothing,Onam Dress,3,1994,10,Credit Card,Delivered
ONAM103795,2026-08-30,CUST1001,Gokul Nair,Thiruvananthapuram,Electronics,Power Bank,1,1109,15,Wallet,Returned
ONAM103796,2026-07-26,CUST1447,Suresh Varma,Wayanad,Gifts,Gift Hamper,3,434,0,UPI,Delivered
ONAM103797,2026-08-10,CUST1551,Nithin Joseph,Kannur,Clothing,Mundu,5,1128,10,Wallet,Delivered
ONAM103798,2026-08-30,CUST1229,Riya Rajan,Wayanad,Gifts,Tea Gift Set,6,643,10,UPI,Delivered
ONAM103799,2026-08-10,CUST1153,Neha Varma,Kochi,Grocery,Rice,8,139,30,UPI,Delivered
ONAM103800,2026-08-31,CUST1162,Kavya Menon,Kottayam,Gifts,Kitchen Set,3,2779,0,Cash,Delivered
ONAM103801,2026-08-13,CUST1282,Gokul Pillai,Wayanad,Clothing,Kasavu Saree,8,4940,15,Cash,Delivered
ONAM103802,2026-08-01,CUST1510,Amal Pillai,Thrissur,Clothing,Mundu,5,422,30,Credit Card,Returned
ONAM103803,2026-08-14,CUST1178,Neha Kumar,Thiruvananthapuram,Grocery,Spices,1,515,10,UPI,Delivered
ONAM103804,2026-08-10,CUST1392,Athira Krishnan,Malappuram,Gifts,Gift Hamper,8,1623,20,Wallet,Cancelled
ONAM103805,2026-08-23,CUST1339,Divya Das,Thiruvananthapuram,Gifts,Tea Gift Set,1,730,20,Wallet,Delivered
ONAM103806,2026-09-04,CUST1260,Vishnu Thomas,Kochi,Electronics,Kitchen Appliance,6,1500,15,Credit Card,Returned
ONAM103807,2026-08-17,CUST1397,Gokul Joseph,Wayanad,Clothing,Mundu,5,657,0,Credit Card,Delivered
ONAM103808,2026-08-14,CUST1283,Athira Nair,Kozhikode,Home Decor,Flower Vase,1,1037,15,Cash,Delivered
ONAM103809,2026-08-22,CUST1191,Athira Nair,Alappuzha,Gifts,Kitchen Set,2,2907,30,Credit Card,Delivered
ONAM103810,2026-08-02,CUST1397,Arun Rajan,Malappuram,Electronics,Kitchen Appliance,4,6925,10,Wallet,Delivered
ONAM103811,2026-08-03,CUST1264,Riya Varma,Malappuram,Electronics,Power Bank,2,1145,5,Net Banking,Delivered
ONAM103812,2026-08-18,CUST1556,Hari Kumar,Kochi,Clothing,Kids Ethnic Wear,1,878,5,Net Banking,Delivered
ONAM103813,2026-07-25,CUST1205,Adarsh Menon,Kannur,Home Decor,Pookalam Set,3,269,20,Net Banking,Delivered
ONAM103814,2026-08-19,CUST1075,Rahul Das,Wayanad,Electronics,Power Bank,8,2373,20,Debit Card,Delivered
ONAM103815,2026-08-16,CUST1394,Adarsh Thomas,Malappuram,Home Decor,Wall Decor,8,1524,5,Wallet,Delivered
ONAM103816,2026-08-15,CUST1255,Neha Krishnan,Thrissur,Clothing,Kids Ethnic Wear,5,1217,10,Credit Card,Cancelled
ONAM103817,2026-08-12,CUST1470,Hari Varma,Kozhikode,Electronics,Kitchen Appliance,3,5404,25,Cash,Delivered
ONAM103818,2026-08-17,CUST1155,Divya Varma,Alappuzha,Clothing,Onam Dress,5,2159,25,Credit Card,Delivered
ONAM103819,2026-09-06,CUST1221,Athira Joseph,Thrissur,Clothing,Onam Dress,7,3302,10,Cash,Cancelled
ONAM103820,2026-09-05,CUST1162,Arun Nair,Kannur,Grocery,Spices,5,718,5,Wallet,Delivered
ONAM103821,2026-08-09,CUST1528,Meera Thomas,Palakkad,Electronics,Kitchen Appliance,3,7917,25,Credit Card,Returned
ONAM103822,2026-08-24,CUST1104,Nithin Pillai,Kottayam,Clothing,Kurta,3,1910,25,Credit Card,Cancelled
ONAM103823,2026-08-17,CUST1372,Hari Varma,Malappuram,Home Decor,Table Decor,4,1532,20,UPI,Delivered
ONAM103824,2026-08-19,CUST1353,Amal Menon,Kozhikode,Home Decor,Pookalam Set,1,284,30,Debit Card,Delivered
ONAM103825,2026-08-24,CUST1123,Gokul Pillai,Wayanad,Home Decor,Wall Decor,7,1436,25,Wallet,Cancelled
ONAM103826,2026-08-25,CUST1199,Akhil Nair,Thrissur,Electronics,Kitchen Appliance,1,2589,20,Debit Card,Delivered
ONAM103827,2026-08-13,CUST1328,Suresh Rajan,Alappuzha,Home Decor,Pookalam Set,8,963,15,UPI,Cancelled
ONAM103828,2026-08-25,CUST1197,Riya Menon,Kannur,Gifts,Tea Gift Set,8,1538,15,Wallet,Delivered
ONAM103829,2026-08-19,CUST1096,Suresh Pillai,Thrissur,Electronics,Bluetooth Speaker,7,2284,30,Debit Card,Delivered
ONAM103830,2026-08-21,CUST1507,Vishnu Menon,Kollam,Clothing,Kurta,5,1396,30,Debit Card,Delivered
ONAM103831,2026-08-20,CUST1496,Suresh Nair,Thiruvananthapuram,Electronics,Bluetooth Speaker,4,2662,20,UPI,Delivered
ONAM103832,2026-09-01,CUST1147,Suresh Das,Thiruvananthapuram,Clothing,Kurta,4,852,10,Debit Card,Delivered
ONAM103833,2026-08-07,CUST1428,Anjali Joseph,Kollam,Grocery,Pickle,2,227,0,UPI,Delivered
ONAM103834,2026-08-09,CUST1179,Hari Varma,Kannur,Gifts,Kitchen Set,4,2258,15,UPI,Delivered
ONAM103835,2026-08-04,CUST1318,Rahul Das,Kannur,Clothing,Mundu,3,1669,0,Cash,Delivered
ONAM103836,2026-07-27,CUST1590,Gokul Joseph,Ernakulam,Gifts,Dry Fruit Box,8,686,0,Debit Card,Delivered
ONAM103837,2026-08-27,CUST1014,Athira Das,Kozhikode,Home Decor,Table Decor,2,1540,15,UPI,Delivered
ONAM103838,2026-08-04,CUST1327,Arun Kumar,Kochi,Electronics,Power Bank,5,3027,20,Wallet,Delivered
ONAM103839,2026-08-27,CUST1267,Suresh Rajan,Thiruvananthapuram,Grocery,Spices,8,566,20,Cash,Delivered
ONAM103840,2026-08-01,CUST1056,Vishnu Thomas,Alappuzha,Clothing,Kasavu Saree,8,4046,5,Credit Card,Delivered
ONAM103841,2026-07-30,CUST1390,Neha Rajan,Kottayam,Grocery,Banana Chips,1,566,15,Net Banking,Delivered
ONAM103842,2026-08-07,CUST1322,Kavya Varma,Wayanad,Electronics,Kitchen Appliance,5,3979,0,Wallet,Returned
ONAM103843,2026-08-19,CUST1472,Suresh Varma,Kochi,Gifts,Tea Gift Set,5,1121,0,Cash,Cancelled
ONAM103844,2026-07-26,CUST1043,Meera Nair,Palakkad,Home Decor,Pookalam Set,3,718,30,Credit Card,Cancelled
ONAM103845,2026-09-02,CUST1288,Suresh Varma,Palakkad,Clothing,Kasavu Saree,1,5534,5,UPI,Delivered
ONAM103846,2026-08-11,CUST1024,Riya Thomas,Wayanad,Electronics,Bluetooth Speaker,1,5412,20,Cash,Cancelled
ONAM103847,2026-08-10,CUST1077,Vishnu Varma,Thrissur,Electronics,Bluetooth Speaker,6,5230,10,Wallet,Delivered
ONAM103848,2026-08-08,CUST1212,Riya Rajan,Kochi,Clothing,Kurta,1,2007,10,Wallet,Returned
ONAM103849,2026-08-13,CUST1071,Rahul Nair,Kozhikode,Clothing,Onam Dress,1,1073,5,Credit Card,Delivered
ONAM103850,2026-09-03,CUST1472,Gokul Pillai,Kollam,Grocery,Spices,6,355,15,Credit Card,Delivered
ONAM103851,2026-07-31,CUST1006,Riya Krishnan,Kannur,Grocery,Banana Chips,1,308,10,Cash,Delivered
ONAM103852,2026-08-24,CUST1329,Gokul Joseph,Kottayam,Grocery,Coconut Oil,4,481,10,Net Banking,Delivered
ONAM103853,2026-08-16,CUST1174,Athira Rajan,Kochi,Electronics,Earbuds,6,2958,25,Cash,Delivered
ONAM103854,2026-08-16,CUST1206,Lakshmi Varma,Wayanad,Home Decor,Table Decor,3,200,10,Credit Card,Delivered
ONAM103855,2026-08-16,CUST1360,Vishnu Nair,Palakkad,Home Decor,Wall Decor,4,464,20,Wallet,Delivered
ONAM103856,2026-08-31,CUST1223,Lakshmi Krishnan,Malappuram,Clothing,Kasavu Saree,1,5934,20,Wallet,Returned
ONAM103857,2026-09-08,CUST1053,Divya Rajan,Alappuzha,Home Decor,Brass Lamp,5,3288,10,Credit Card,Delivered
ONAM103858,2026-08-14,CUST1085,Hari Pillai,Kochi,Gifts,Kitchen Set,3,2298,25,Net Banking,Cancelled
ONAM103859,2026-08-30,CUST1270,Anjali Krishnan,Wayanad,Grocery,Banana Chips,2,373,10,Credit Card,Delivered
ONAM103860,2026-08-03,CUST1183,Arun Das,Alappuzha,Electronics,Bluetooth Speaker,7,1053,15,Wallet,Delivered
ONAM103861,2026-08-08,CUST1525,Arun Krishnan,Alappuzha,Electronics,Kitchen Appliance,6,6747,15,Credit Card,Delivered
ONAM103862,2026-08-22,CUST1586,Neha Varma,Wayanad,Electronics,Kitchen Appliance,2,5115,25,UPI,Delivered
ONAM103863,2026-08-08,CUST1348,Divya Thomas,Kozhikode,Electronics,Kitchen Appliance,6,3727,5,Debit Card,Delivered
ONAM103864,2026-08-17,CUST1396,Adarsh Das,Thiruvananthapuram,Clothing,Onam Dress,6,3083,0,UPI,Delivered
ONAM103865,2026-08-14,CUST1428,Anjali Menon,Kollam,Grocery,Pickle,2,337,20,Credit Card,Delivered
ONAM103866,2026-08-21,CUST1201,Anjali Kumar,Wayanad,Electronics,Power Bank,3,1849,10,UPI,Delivered
ONAM103867,2026-08-07,CUST1011,Amal Varma,Kannur,Gifts,Chocolate Box,7,1333,10,Credit Card,Delivered
ONAM103868,2026-08-25,CUST1479,Rahul Menon,Kozhikode,Clothing,Kurta,8,1627,0,Cash,Delivered
ONAM103869,2026-08-17,CUST1502,Hari Joseph,Alappuzha,Grocery,Coconut Oil,5,311,5,UPI,Delivered
ONAM103870,2026-08-01,CUST1252,Athira Nair,Kottayam,Gifts,Kitchen Set,1,3152,15,Net Banking,Delivered
ONAM103871,2026-07-27,CUST1599,Suresh Varma,Kochi,Clothing,Onam Dress,7,2023,20,Cash,Delivered
ONAM103872,2026-08-11,CUST1087,Vishnu Pillai,Thiruvananthapuram,Grocery,Coconut Oil,8,800,5,Cash,Delivered
ONAM103873,2026-08-04,CUST1339,Anjali Thomas,Thrissur,Home Decor,Wall Decor,3,861,10,Credit Card,Delivered
ONAM103874,2026-08-19,CUST1124,Arun Kumar,Thrissur,Electronics,Bluetooth Speaker,7,3703,25,UPI,Delivered
ONAM103875,2026-08-23,CUST1068,Rahul Thomas,Kozhikode,Home Decor,Flower Vase,1,1165,30,Net Banking,Returned
ONAM103876,2026-08-05,CUST1148,Gokul Rajan,Palakkad,Grocery,Coconut Oil,5,795,10,Debit Card,Delivered
ONAM103877,2026-08-13,CUST1435,Riya Joseph,Alappuzha,Electronics,Earbuds,1,3577,10,Credit Card,Returned
ONAM103878,2026-09-02,CUST1330,Adarsh Varma,Alappuzha,Home Decor,Pookalam Set,4,569,5,UPI,Delivered
ONAM103879,2026-07-30,CUST1550,Meera Rajan,Kollam,Electronics,Bluetooth Speaker,7,4818,30,Credit Card,Delivered
ONAM103880,2026-08-14,CUST1160,Hari Krishnan,Thrissur,Grocery,Spices,4,938,20,Cash,Delivered
ONAM103881,2026-08-27,CUST1321,Lakshmi Rajan,Thrissur,Gifts,Dry Fruit Box,4,549,20,UPI,Returned
ONAM103882,2026-08-13,CUST1231,Lakshmi Pillai,Thrissur,Grocery,Banana Chips,6,213,25,Net Banking,Delivered
ONAM103883,2026-08-29,CUST1470,Adarsh Thomas,Palakkad,Grocery,Spices,5,957,0,UPI,Delivered
ONAM103884,2026-08-26,CUST1163,Gokul Kumar,Kannur,Grocery,Coconut Oil,6,390,25,Net Banking,Cancelled
ONAM103885,2026-08-30,CUST1444,Neha Varma,Ernakulam,Grocery,Spices,5,956,30,Debit Card,Cancelled
ONAM103886,2026-08-16,CUST1547,Nithin Nair,Kollam,Home Decor,Pookalam Set,2,425,30,Cash,Cancelled
ONAM103887,2026-07-26,CUST1214,Suresh Pillai,Kollam,Clothing,Kasavu Saree,2,5651,30,Debit Card,Delivered
ONAM103888,2026-08-09,CUST1169,Vishnu Pillai,Malappuram,Home Decor,Pookalam Set,7,682,30,UPI,Returned
ONAM103889,2026-08-15,CUST1445,Nithin Varma,Kannur,Gifts,Tea Gift Set,3,301,0,UPI,Returned
ONAM103890,2026-08-15,CUST1139,Lakshmi Menon,Thrissur,Home Decor,Table Decor,6,298,5,Wallet,Delivered
ONAM103891,2026-08-23,CUST1212,Neha Varma,Thiruvananthapuram,Electronics,Bluetooth Speaker,1,4233,0,Credit Card,Delivered
ONAM103892,2026-09-02,CUST1212,Riya Kumar,Thrissur,Electronics,Power Bank,5,2443,0,Debit Card,Cancelled
ONAM103893,2026-08-08,CUST1115,Akhil Das,Malappuram,Clothing,Kurta,8,1391,15,Wallet,Delivered
ONAM103894,2026-07-25,CUST1173,Suresh Menon,Kottayam,Gifts,Dry Fruit Box,1,2389,5,Cash,Delivered
ONAM103895,2026-08-18,CUST1515,Nithin Varma,Alappuzha,Electronics,Earbuds,5,4030,15,Credit Card,Delivered
ONAM103896,2026-08-23,CUST1592,Lakshmi Krishnan,Ernakulam,Gifts,Tea Gift Set,1,757,10,Net Banking,Returned
ONAM103897,2026-08-10,CUST1078,Nithin Joseph,Thiruvananthapuram,Home Decor,Brass Lamp,2,3168,20,Cash,Delivered
ONAM103898,2026-08-26,CUST1095,Akhil Varma,Palakkad,Grocery,Rice,6,391,5,Credit Card,Returned
ONAM103899,2026-08-31,CUST1574,Rahul Rajan,Kottayam,Grocery,Spices,8,1090,25,UPI,Delivered
ONAM103900,2026-08-14,CUST1226,Divya Joseph,Kannur,Electronics,Smart Watch,3,7224,10,UPI,Cancelled
ONAM103901,2026-08-28,CUST1137,Hari Rajan,Kozhikode,Gifts,Tea Gift Set,7,367,0,Net Banking,Delivered
ONAM103902,2026-08-26,CUST1180,Akhil Thomas,Thrissur,Grocery,Rice,7,804,20,UPI,Delivered
ONAM103903,2026-08-25,CUST1208,Hari Menon,Kozhikode,Grocery,Rice,2,753,20,Wallet,Cancelled
ONAM103904,2026-08-07,CUST1316,Amal Thomas,Kannur,Clothing,Onam Dress,7,2277,10,Cash,Delivered
ONAM103905,2026-08-18,CUST1016,Adarsh Joseph,Ernakulam,Grocery,Rice,4,206,0,Debit Card,Cancelled
ONAM103906,2026-08-29,CUST1107,Arun Menon,Malappuram,Gifts,Chocolate Box,3,548,20,UPI,Delivered
ONAM103907,2026-08-31,CUST1079,Meera Menon,Kochi,Gifts,Dry Fruit Box,5,947,0,Debit Card,Delivered
ONAM103908,2026-08-15,CUST1502,Vishnu Joseph,Kozhikode,Gifts,Chocolate Box,8,768,5,Debit Card,Delivered
ONAM103909,2026-07-28,CUST1247,Amal Krishnan,Thiruvananthapuram,Gifts,Dry Fruit Box,1,2894,5,Debit Card,Delivered
ONAM103910,2026-08-02,CUST1460,Athira Pillai,Kollam,Grocery,Banana Chips,6,685,10,Net Banking,Returned
ONAM103911,2026-08-08,CUST1066,Rahul Menon,Thiruvananthapuram,Grocery,Rice,5,190,30,Cash,Delivered
ONAM103912,2026-08-14,CUST1064,Divya Joseph,Kannur,Home Decor,Wall Decor,4,1386,0,Debit Card,Delivered
ONAM103913,2026-08-13,CUST1110,Kavya Krishnan,Thrissur,Clothing,Mundu,8,1534,10,Net Banking,Returned
ONAM103914,2026-07-28,CUST1097,Vishnu Krishnan,Alappuzha,Home Decor,Flower Vase,2,1247,30,Wallet,Delivered
ONAM103915,2026-07-31,CUST1188,Adarsh Nair,Kochi,Home Decor,Brass Lamp,6,2206,10,Cash,Delivered
ONAM103916,2026-08-30,CUST1580,Amal Menon,Alappuzha,Clothing,Kurta,7,1972,15,Cash,Delivered
ONAM103917,2026-08-19,CUST1392,Gokul Nair,Kollam,Gifts,Kitchen Set,4,1662,20,Credit Card,Delivered
ONAM103918,2026-09-07,CUST1215,Riya Joseph,Ernakulam,Gifts,Tea Gift Set,7,1288,10,Debit Card,Cancelled
ONAM103919,2026-09-02,CUST1146,Arun Pillai,Kottayam,Clothing,Onam Dress,4,1160,20,Wallet,Delivered
ONAM103920,2026-07-28,CUST1327,Suresh Pillai,Kannur,Grocery,Pickle,7,437,10,Wallet,Delivered
ONAM103921,2026-09-05,CUST1046,Arun Thomas,Ernakulam,Grocery,Coconut Oil,4,786,10,UPI,Cancelled
ONAM103922,2026-07-30,CUST1252,Lakshmi Menon,Ernakulam,Gifts,Chocolate Box,3,435,30,UPI,Returned
ONAM103923,2026-08-06,CUST1429,Amal Krishnan,Kannur,Grocery,Coconut Oil,8,433,5,Credit Card,Cancelled
ONAM103924,2026-08-19,CUST1254,Riya Thomas,Palakkad,Electronics,Bluetooth Speaker,3,4359,25,Debit Card,Returned
ONAM103925,2026-07-30,CUST1383,Anjali Kumar,Kottayam,Gifts,Dry Fruit Box,4,1755,10,Net Banking,Delivered
ONAM103926,2026-07-29,CUST1264,Hari Menon,Thrissur,Gifts,Chocolate Box,2,1291,10,Wallet,Cancelled
ONAM103927,2026-09-06,CUST1059,Lakshmi Pillai,Kochi,Grocery,Banana Chips,2,145,25,Debit Card,Delivered
ONAM103928,2026-08-21,CUST1451,Rahul Krishnan,Ernakulam,Clothing,Kids Ethnic Wear,1,1341,15,Debit Card,Delivered
ONAM103929,2026-07-25,CUST1135,Riya Das,Ernakulam,Gifts,Gift Hamper,3,1599,5,Net Banking,Delivered
ONAM103930,2026-08-12,CUST1369,Athira Rajan,Kannur,Clothing,Onam Dress,2,2996,20,Credit Card,Cancelled
ONAM103931,2026-07-25,CUST1115,Meera Pillai,Malappuram,Clothing,Onam Dress,5,1996,10,Debit Card,Delivered
ONAM103932,2026-07-31,CUST1529,Vishnu Menon,Malappuram,Gifts,Chocolate Box,4,1390,10,Wallet,Delivered
ONAM103933,2026-08-05,CUST1339,Athira Thomas,Kochi,Home Decor,Brass Lamp,4,3751,30,Debit Card,Returned
ONAM103934,2026-07-26,CUST1386,Suresh Thomas,Kochi,Grocery,Spices,1,467,5,Net Banking,Cancelled
ONAM103935,2026-08-11,CUST1297,Suresh Das,Wayanad,Electronics,Kitchen Appliance,5,9254,10,Cash,Delivered
ONAM103936,2026-08-14,CUST1138,Hari Varma,Thiruvananthapuram,Clothing,Kasavu Saree,3,1342,10,Net Banking,Delivered
ONAM103937,2026-08-03,CUST1570,Riya Varma,Palakkad,Home Decor,Flower Vase,6,338,5,Cash,Delivered
ONAM103938,2026-08-01,CUST1342,Lakshmi Das,Ernakulam,Home Decor,Flower Vase,1,727,25,Cash,Delivered
ONAM103939,2026-08-20,CUST1069,Vishnu Joseph,Kollam,Gifts,Kitchen Set,7,3063,5,Cash,Delivered
ONAM103940,2026-08-05,CUST1559,Suresh Varma,Thrissur,Gifts,Gift Hamper,8,1058,10,Net Banking,Delivered
ONAM103941,2026-08-26,CUST1483,Lakshmi Krishnan,Wayanad,Gifts,Kitchen Set,8,1122,15,Net Banking,Delivered
ONAM103942,2026-08-10,CUST1568,Kavya Krishnan,Kochi,Home Decor,Pookalam Set,8,256,0,Wallet,Delivered
ONAM103943,2026-07-29,CUST1398,Divya Pillai,Ernakulam,Clothing,Kurta,6,789,30,Net Banking,Returned
ONAM103944,2026-08-06,CUST1531,Athira Joseph,Kozhikode,Home Decor,Wall Decor,6,1152,20,Debit Card,Returned
ONAM103945,2026-09-04,CUST1430,Suresh Varma,Kollam,Grocery,Banana Chips,4,657,5,UPI,Returned
ONAM103946,2026-08-05,CUST1481,Arun Menon,Kottayam,Clothing,Mundu,2,448,10,UPI,Delivered
ONAM103947,2026-09-03,CUST1059,Hari Krishnan,Thiruvananthapuram,Electronics,Kitchen Appliance,7,3102,10,UPI,Delivered
ONAM103948,2026-08-03,CUST1093,Gokul Nair,Ernakulam,Clothing,Kasavu Saree,1,2296,15,Wallet,Delivered
ONAM103949,2026-08-17,CUST1578,Kavya Joseph,Thrissur,Grocery,Rice,3,373,30,Credit Card,Delivered
ONAM103950,2026-09-05,CUST1114,Amal Joseph,Kollam,Clothing,Kurta,8,1683,30,Debit Card,Delivered
ONAM103951,2026-08-03,CUST1580,Rahul Rajan,Palakkad,Clothing,Onam Dress,1,2465,25,Debit Card,Delivered
ONAM103952,2026-07-27,CUST1091,Hari Thomas,Palakkad,Home Decor,Table Decor,3,948,5,UPI,Delivered
ONAM103953,2026-08-08,CUST1570,Kavya Das,Ernakulam,Electronics,Earbuds,6,3772,0,Net Banking,Returned
ONAM103954,2026-08-12,CUST1052,Neha Joseph,Kochi,Home Decor,Flower Vase,7,278,10,Cash,Delivered
ONAM103955,2026-08-10,CUST1368,Rahul Menon,Ernakulam,Home Decor,Flower Vase,7,1355,25,Cash,Returned
ONAM103956,2026-08-30,CUST1336,Neha Varma,Kollam,Grocery,Pickle,6,427,20,Cash,Delivered
ONAM103957,2026-08-19,CUST1423,Anjali Joseph,Kochi,Gifts,Gift Hamper,2,1452,5,Debit Card,Delivered
ONAM103958,2026-07-27,CUST1500,Riya Nair,Thiruvananthapuram,Gifts,Kitchen Set,8,2268,15,UPI,Delivered
ONAM103959,2026-08-02,CUST1022,Kavya Varma,Alappuzha,Gifts,Tea Gift Set,6,650,5,Net Banking,Delivered
ONAM103960,2026-08-14,CUST1538,Vishnu Varma,Kozhikode,Gifts,Dry Fruit Box,5,2610,25,Net Banking,Returned
ONAM103961,2026-08-21,CUST1457,Hari Thomas,Wayanad,Gifts,Dry Fruit Box,7,2034,5,Credit Card,Returned
ONAM103962,2026-08-22,CUST1182,Lakshmi Nair,Kannur,Home Decor,Pookalam Set,1,446,0,Net Banking,Cancelled
ONAM103963,2026-08-12,CUST1125,Gokul Kumar,Kannur,Clothing,Mundu,6,652,10,Cash,Delivered
ONAM103964,2026-07-30,CUST1339,Amal Joseph,Kochi,Grocery,Spices,2,884,10,Credit Card,Delivered
ONAM103965,2026-09-05,CUST1044,Hari Menon,Wayanad,Grocery,Banana Chips,2,229,10,UPI,Delivered
ONAM103966,2026-07-28,CUST1478,Kavya Krishnan,Alappuzha,Clothing,Onam Dress,5,1494,5,Net Banking,Delivered
ONAM103967,2026-08-30,CUST1170,Arun Thomas,Alappuzha,Electronics,Bluetooth Speaker,2,5370,20,Wallet,Returned
ONAM103968,2026-08-05,CUST1098,Gokul Joseph,Wayanad,Home Decor,Flower Vase,7,695,15,Cash,Delivered
ONAM103969,2026-07-26,CUST1090,Nithin Thomas,Kozhikode,Electronics,Power Bank,1,1013,30,Credit Card,Delivered
ONAM103970,2026-08-02,CUST1230,Amal Krishnan,Kochi,Grocery,Rice,4,401,20,Wallet,Returned
ONAM103971,2026-08-19,CUST1423,Neha Menon,Kollam,Gifts,Dry Fruit Box,8,2841,10,Cash,Delivered
ONAM103972,2026-08-05,CUST1011,Divya Varma,Alappuzha,Gifts,Tea Gift Set,3,1517,25,UPI,Returned
ONAM103973,2026-09-02,CUST1377,Athira Krishnan,Kottayam,Gifts,Kitchen Set,5,3058,5,UPI,Cancelled
ONAM103974,2026-09-02,CUST1189,Adarsh Rajan,Ernakulam,Grocery,Rice,6,205,10,Net Banking,Delivered
ONAM103975,2026-09-02,CUST1440,Nithin Joseph,Malappuram,Grocery,Spices,3,234,20,Cash,Delivered
ONAM103976,2026-08-06,CUST1263,Athira Das,Kozhikode,Electronics,Earbuds,1,3996,0,Net Banking,Returned
ONAM103977,2026-08-15,CUST1026,Meera Pillai,Palakkad,Electronics,Power Bank,3,840,15,Net Banking,Delivered
ONAM103978,2026-08-18,CUST1482,Vishnu Pillai,Thrissur,Electronics,Earbuds,8,1250,20,UPI,Delivered
ONAM103979,2026-08-30,CUST1558,Kavya Menon,Kannur,Home Decor,Flower Vase,8,1428,10,Debit Card,Returned
ONAM103980,2026-08-28,CUST1464,Akhil Krishnan,Ernakulam,Gifts,Dry Fruit Box,7,1422,25,UPI,Delivered
ONAM103981,2026-09-05,CUST1394,Akhil Krishnan,Thrissur,Gifts,Gift Hamper,5,2381,30,Wallet,Returned
ONAM103982,2026-08-01,CUST1465,Lakshmi Thomas,Kollam,Clothing,Kurta,6,799,0,Debit Card,Delivered
ONAM103983,2026-08-25,CUST1557,Suresh Kumar,Kochi,Clothing,Kids Ethnic Wear,8,1181,20,Cash,Delivered
ONAM103984,2026-07-26,CUST1560,Rahul Joseph,Alappuzha,Grocery,Coconut Oil,2,261,20,UPI,Returned
ONAM103985,2026-07-31,CUST1310,Kavya Joseph,Malappuram,Home Decor,Wall Decor,5,1246,10,Wallet,Cancelled
ONAM103986,2026-08-19,CUST1215,Divya Krishnan,Thiruvananthapuram,Electronics,Power Bank,1,862,10,UPI,Delivered
ONAM103987,2026-07-27,CUST1588,Anjali Nair,Kannur,Home Decor,Wall Decor,4,806,30,Credit Card,Cancelled
ONAM103988,2026-08-19,CUST1007,Suresh Nair,Malappuram,Grocery,Banana Chips,8,115,5,Cash,Returned
ONAM103989,2026-07-30,CUST1121,Akhil Kumar,Palakkad,Electronics,Smart Watch,7,9008,15,Credit Card,Delivered
ONAM103990,2026-08-12,CUST1053,Anjali Menon,Alappuzha,Clothing,Onam Dress,7,1876,15,Cash,Delivered
ONAM103991,2026-08-19,CUST1402,Adarsh Rajan,Palakkad,Gifts,Kitchen Set,5,2852,5,UPI,Delivered
ONAM103992,2026-08-04,CUST1417,Anjali Krishnan,Ernakulam,Home Decor,Flower Vase,3,1284,25,Credit Card,Delivered
ONAM103993,2026-08-02,CUST1321,Riya Rajan,Kollam,Clothing,Kasavu Saree,7,5849,0,Credit Card,Delivered
ONAM103994,2026-08-07,CUST1502,Neha Joseph,Kollam,Grocery,Rice,7,693,0,Cash,Delivered
ONAM103995,2026-08-14,CUST1302,Amal Das,Kottayam,Electronics,Bluetooth Speaker,1,3716,30,Cash,Returned
ONAM103996,2026-08-08,CUST1035,Meera Menon,Wayanad,Clothing,Kurta,7,2046,20,Cash,Delivered
ONAM103997,2026-08-18,CUST1509,Anjali Thomas,Thrissur,Gifts,Dry Fruit Box,5,1712,30,Credit Card,Delivered
ONAM103998,2026-08-18,CUST1308,Amal Joseph,Alappuzha,Electronics,Smart Watch,8,7735,15,Net Banking,Returned
ONAM103999,2026-08-06,CUST1220,Akhil Das,Kottayam,Electronics,Earbuds,2,5133,25,Cash,Delivered
ONAM104000,2026-08-13,CUST1036,Akhil Rajan,Kochi,Home Decor,Flower Vase,8,1478,0,UPI,Delivered
ONAM104001,2026-09-01,CUST1249,Riya Menon,Kottayam,Clothing,Mundu,1,1323,30,Cash,Delivered
ONAM104002,2026-08-16,CUST1146,Rahul Varma,Kollam,Home Decor,Flower Vase,5,572,10,UPI,Delivered
ONAM104003,2026-09-01,CUST1162,Suresh Pillai,Alappuzha,Home Decor,Pookalam Set,2,484,5,Debit Card,Delivered
ONAM104004,2026-08-23,CUST1471,Nithin Krishnan,Alappuzha,Clothing,Mundu,2,1290,10,Net Banking,Delivered
ONAM104005,2026-09-02,CUST1231,Lakshmi Das,Kochi,Grocery,Coconut Oil,4,310,0,Credit Card,Delivered
ONAM104006,2026-08-02,CUST1001,Athira Pillai,Thrissur,Gifts,Gift Hamper,3,441,10,Wallet,Delivered
ONAM104007,2026-07-25,CUST1444,Adarsh Menon,Malappuram,Clothing,Kids Ethnic Wear,1,1951,20,UPI,Delivered
ONAM104008,2026-08-21,CUST1399,Hari Varma,Ernakulam,Electronics,Earbuds,4,2374,25,Cash,Returned
ONAM104009,2026-08-25,CUST1492,Amal Varma,Kottayam,Electronics,Smart Watch,4,2589,0,Wallet,Cancelled
ONAM104010,2026-09-02,CUST1274,Nithin Pillai,Thiruvananthapuram,Electronics,Bluetooth Speaker,7,3569,15,Wallet,Delivered
ONAM104011,2026-07-28,CUST1532,Amal Nair,Kozhikode,Gifts,Gift Hamper,4,1004,5,Net Banking,Returned
ONAM104012,2026-08-13,CUST1075,Arun Joseph,Thrissur,Clothing,Kasavu Saree,7,2398,25,Cash,Delivered
ONAM104013,2026-08-04,CUST1336,Athira Nair,Thiruvananthapuram,Electronics,Smart Watch,6,8119,20,Debit Card,Delivered
ONAM104014,2026-08-19,CUST1530,Lakshmi Pillai,Thrissur,Electronics,Power Bank,1,2066,15,Cash,Delivered
ONAM104015,2026-09-06,CUST1203,Gokul Nair,Kottayam,Gifts,Tea Gift Set,3,1208,10,Net Banking,Delivered
ONAM104016,2026-07-27,CUST1571,Meera Thomas,Kannur,Grocery,Pickle,8,335,10,Cash,Delivered
ONAM104017,2026-07-30,CUST1405,Rahul Joseph,Thiruvananthapuram,Grocery,Rice,7,129,20,Cash,Delivered
ONAM104018,2026-08-19,CUST1078,Riya Nair,Kochi,Gifts,Chocolate Box,6,1331,10,Debit Card,Cancelled
ONAM104019,2026-08-22,CUST1499,Rahul Varma,Kollam,Electronics,Earbuds,7,1491,15,Debit Card,Delivered
ONAM104020,2026-08-31,CUST1459,Amal Menon,Malappuram,Clothing,Onam Dress,3,2845,10,Debit Card,Delivered
ONAM104021,2026-08-03,CUST1068,Suresh Thomas,Kozhikode,Electronics,Bluetooth Speaker,2,4312,0,UPI,Delivered
ONAM104022,2026-07-30,CUST1162,Divya Varma,Kottayam,Home Decor,Wall Decor,3,329,10,Cash,Returned
ONAM104023,2026-09-06,CUST1326,Hari Thomas,Kollam,Home Decor,Brass Lamp,5,3726,5,Credit Card,Delivered
ONAM104024,2026-08-08,CUST1513,Nithin Pillai,Wayanad,Grocery,Rice,6,316,15,Wallet,Delivered
ONAM104025,2026-08-30,CUST1567,Amal Krishnan,Kottayam,Electronics,Earbuds,1,4008,20,Cash,Delivered
ONAM104026,2026-08-05,CUST1504,Adarsh Varma,Ernakulam,Home Decor,Brass Lamp,3,2222,20,UPI,Cancelled
ONAM104027,2026-08-26,CUST1219,Meera Joseph,Wayanad,Grocery,Rice,5,121,0,Credit Card,Delivered
ONAM104028,2026-08-20,CUST1356,Kavya Joseph,Kozhikode,Clothing,Mundu,3,1033,5,UPI,Returned
ONAM104029,2026-08-05,CUST1106,Akhil Rajan,Kannur,Clothing,Kurta,3,1175,10,UPI,Delivered
ONAM104030,2026-08-04,CUST1158,Akhil Joseph,Alappuzha,Gifts,Gift Hamper,3,2410,10,UPI,Delivered
ONAM104031,2026-07-31,CUST1110,Athira Varma,Thiruvananthapuram,Grocery,Coconut Oil,4,859,10,UPI,Delivered
ONAM104032,2026-07-25,CUST1371,Riya Das,Kannur,Grocery,Banana Chips,5,589,20,Cash,Delivered
ONAM104033,2026-08-21,CUST1434,Meera Varma,Wayanad,Gifts,Chocolate Box,8,1224,25,Net Banking,Returned
ONAM104034,2026-08-02,CUST1068,Anjali Thomas,Alappuzha,Gifts,Gift Hamper,6,1076,0,Credit Card,Cancelled
ONAM104035,2026-09-06,CUST1539,Adarsh Rajan,Malappuram,Gifts,Chocolate Box,3,942,0,Credit Card,Delivered
ONAM104036,2026-08-29,CUST1124,Neha Kumar,Kottayam,Electronics,Power Bank,7,790,30,Cash,Delivered
ONAM104037,2026-09-05,CUST1504,Rahul Kumar,Kozhikode,Home Decor,Table Decor,4,319,5,Cash,Cancelled
ONAM104038,2026-09-02,CUST1362,Divya Kumar,Thiruvananthapuram,Electronics,Earbuds,1,2610,20,Debit Card,Delivered
ONAM104039,2026-08-20,CUST1315,Anjali Das,Kannur,Electronics,Power Bank,4,879,20,UPI,Delivered
ONAM104040,2026-09-05,CUST1164,Nithin Pillai,Kollam,Home Decor,Table Decor,5,217,10,UPI,Cancelled
ONAM104041,2026-09-05,CUST1235,Divya Nair,Thiruvananthapuram,Home Decor,Brass Lamp,8,1636,15,UPI,Cancelled
ONAM104042,2026-08-31,CUST1416,Hari Krishnan,Thrissur,Home Decor,Pookalam Set,1,923,30,UPI,Cancelled
ONAM104043,2026-08-11,CUST1045,Divya Varma,Wayanad,Clothing,Mundu,4,838,10,Net Banking,Returned
ONAM104044,2026-07-29,CUST1050,Rahul Krishnan,Palakkad,Electronics,Earbuds,4,3221,25,Net Banking,Returned
ONAM104045,2026-08-23,CUST1517,Riya Pillai,Wayanad,Grocery,Pickle,4,214,20,Credit Card,Cancelled
ONAM104046,2026-07-26,CUST1301,Vishnu Nair,Thiruvananthapuram,Gifts,Tea Gift Set,5,376,0,UPI,Cancelled
ONAM104047,2026-07-28,CUST1497,Kavya Thomas,Kochi,Home Decor,Pookalam Set,1,815,5,Credit Card,Delivered
ONAM104048,2026-08-20,CUST1203,Kavya Joseph,Kannur,Electronics,Earbuds,3,1072,10,UPI,Delivered
ONAM104049,2026-08-22,CUST1096,Anjali Thomas,Malappuram,Home Decor,Flower Vase,2,776,0,Credit Card,Delivered
ONAM104050,2026-08-04,CUST1339,Divya Das,Kochi,Home Decor,Brass Lamp,3,3304,10,Wallet,Delivered
ONAM104051,2026-08-24,CUST1163,Rahul Joseph,Palakkad,Gifts,Chocolate Box,6,1235,30,Credit Card,Returned
ONAM104052,2026-08-24,CUST1143,Adarsh Kumar,Kozhikode,Home Decor,Flower Vase,6,1267,0,Net Banking,Delivered
ONAM104053,2026-08-07,CUST1597,Gokul Krishnan,Thiruvananthapuram,Gifts,Chocolate Box,8,1016,10,Wallet,Delivered
ONAM104054,2026-08-16,CUST1095,Neha Joseph,Alappuzha,Home Decor,Pookalam Set,5,1040,10,Credit Card,Delivered
ONAM104055,2026-08-17,CUST1538,Arun Krishnan,Thiruvananthapuram,Grocery,Coconut Oil,5,503,0,Net Banking,Delivered
ONAM104056,2026-07-25,CUST1212,Athira Krishnan,Palakkad,Grocery,Banana Chips,6,627,15,Debit Card,Returned
ONAM104057,2026-09-02,CUST1088,Meera Joseph,Thrissur,Gifts,Kitchen Set,4,2241,15,UPI,Cancelled
ONAM104058,2026-08-04,CUST1256,Anjali Nair,Thrissur,Gifts,Dry Fruit Box,7,2778,0,Wallet,Returned
ONAM104059,2026-09-02,CUST1064,Riya Thomas,Malappuram,Grocery,Spices,1,992,0,Wallet,Delivered
ONAM104060,2026-07-31,CUST1490,Suresh Rajan,Palakkad,Grocery,Rice,2,350,25,Debit Card,Delivered
ONAM104061,2026-09-01,CUST1468,Vishnu Varma,Ernakulam,Grocery,Pickle,1,244,5,Credit Card,Delivered
ONAM104062,2026-08-29,CUST1512,Rahul Joseph,Kozhikode,Electronics,Earbuds,6,1395,15,Debit Card,Delivered
ONAM104063,2026-09-08,CUST1580,Athira Joseph,Thiruvananthapuram,Clothing,Mundu,4,965,20,Cash,Delivered
ONAM104064,2026-09-07,CUST1109,Akhil Menon,Thrissur,Gifts,Dry Fruit Box,2,2732,15,Cash,Delivered
ONAM104065,2026-08-02,CUST1038,Anjali Nair,Wayanad,Gifts,Chocolate Box,8,1078,10,Debit Card,Returned
ONAM104066,2026-08-31,CUST1508,Rahul Rajan,Kozhikode,Home Decor,Wall Decor,7,1030,10,Credit Card,Delivered
ONAM104067,2026-08-18,CUST1398,Amal Varma,Thrissur,Gifts,Chocolate Box,1,1444,20,UPI,Delivered
ONAM104068,2026-08-05,CUST1366,Hari Joseph,Kozhikode,Gifts,Tea Gift Set,7,1366,30,Wallet,Delivered
ONAM104069,2026-08-11,CUST1211,Amal Pillai,Alappuzha,Electronics,Earbuds,5,2963,30,Credit Card,Delivered
ONAM104070,2026-08-10,CUST1373,Vishnu Das,Palakkad,Grocery,Spices,4,855,15,Cash,Delivered
ONAM104071,2026-08-25,CUST1561,Athira Nair,Wayanad,Electronics,Bluetooth Speaker,8,3636,10,UPI,Delivered
ONAM104072,2026-09-06,CUST1243,Athira Pillai,Thrissur,Grocery,Spices,1,1097,10,Net Banking,Returned
ONAM104073,2026-07-25,CUST1380,Vishnu Varma,Thrissur,Gifts,Chocolate Box,5,1097,10,Net Banking,Delivered
ONAM104074,2026-08-25,CUST1103,Meera Pillai,Kottayam,Electronics,Earbuds,1,2422,10,Net Banking,Delivered
ONAM104075,2026-08-20,CUST1061,Meera Nair,Thrissur,Gifts,Gift Hamper,7,1143,25,Credit Card,Delivered
ONAM104076,2026-08-29,CUST1553,Neha Nair,Wayanad,Gifts,Kitchen Set,4,2880,0,Credit Card,Delivered
ONAM104077,2026-08-05,CUST1533,Athira Kumar,Thiruvananthapuram,Clothing,Kasavu Saree,8,5228,30,Wallet,Cancelled
ONAM104078,2026-09-04,CUST1306,Divya Kumar,Kochi,Home Decor,Table Decor,7,1320,0,Credit Card,Delivered
ONAM104079,2026-07-25,CUST1495,Neha Varma,Alappuzha,Grocery,Coconut Oil,4,802,25,UPI,Delivered
ONAM104080,2026-08-12,CUST1540,Gokul Pillai,Kollam,Grocery,Rice,4,843,10,UPI,Returned
ONAM104081,2026-08-14,CUST1342,Meera Menon,Ernakulam,Gifts,Kitchen Set,4,2249,5,UPI,Delivered
ONAM104082,2026-08-09,CUST1455,Kavya Menon,Thrissur,Clothing,Kurta,8,1705,30,UPI,Delivered
ONAM104083,2026-08-06,CUST1350,Akhil Joseph,Alappuzha,Clothing,Kasavu Saree,1,1022,10,Net Banking,Cancelled
ONAM104084,2026-09-02,CUST1441,Lakshmi Krishnan,Wayanad,Grocery,Banana Chips,8,171,20,Credit Card,Delivered
ONAM104085,2026-07-27,CUST1093,Athira Thomas,Thrissur,Gifts,Chocolate Box,5,693,10,Wallet,Cancelled
ONAM104086,2026-08-22,CUST1379,Neha Das,Kozhikode,Home Decor,Table Decor,1,703,20,Cash,Cancelled
ONAM104087,2026-08-05,CUST1456,Arun Kumar,Kochi,Home Decor,Flower Vase,2,1107,0,Credit Card,Delivered
ONAM104088,2026-07-29,CUST1085,Suresh Pillai,Palakkad,Gifts,Tea Gift Set,4,1409,30,UPI,Cancelled
ONAM104089,2026-08-01,CUST1487,Suresh Rajan,Alappuzha,Grocery,Spices,3,1088,25,Net Banking,Returned
ONAM104090,2026-07-29,CUST1067,Rahul Pillai,Palakkad,Electronics,Kitchen Appliance,8,9802,30,Credit Card,Returned
ONAM104091,2026-08-16,CUST1178,Hari Pillai,Kollam,Electronics,Smart Watch,7,3450,0,Credit Card,Returned
ONAM104092,2026-08-20,CUST1394,Amal Pillai,Thiruvananthapuram,Electronics,Earbuds,5,5669,30,UPI,Delivered
ONAM104093,2026-08-05,CUST1458,Meera Thomas,Kannur,Clothing,Onam Dress,1,1278,10,Net Banking,Cancelled
ONAM104094,2026-08-30,CUST1224,Arun Rajan,Kottayam,Gifts,Dry Fruit Box,2,1063,5,Credit Card,Delivered
ONAM104095,2026-09-05,CUST1100,Gokul Kumar,Malappuram,Grocery,Banana Chips,7,311,30,Net Banking,Returned
ONAM104096,2026-08-24,CUST1554,Suresh Varma,Kollam,Gifts,Gift Hamper,4,569,30,Cash,Delivered
ONAM104097,2026-08-18,CUST1592,Hari Krishnan,Ernakulam,Clothing,Onam Dress,5,2932,5,Debit Card,Delivered
ONAM104098,2026-08-01,CUST1299,Neha Das,Palakkad,Grocery,Spices,4,1150,25,UPI,Delivered
ONAM104099,2026-08-06,CUST1256,Athira Joseph,Malappuram,Home Decor,Pookalam Set,2,434,10,Net Banking,Cancelled
ONAM104100,2026-09-03,CUST1518,Athira Menon,Alappuzha,Gifts,Gift Hamper,6,495,25,UPI,Delivered
ONAM104101,2026-07-30,CUST1477,Anjali Rajan,Kollam,Clothing,Kasavu Saree,3,1747,30,Net Banking,Returned
ONAM104102,2026-08-08,CUST1104,Rahul Varma,Thrissur,Clothing,Onam Dress,1,2546,0,Net Banking,Delivered
ONAM104103,2026-08-27,CUST1240,Adarsh Varma,Thiruvananthapuram,Gifts,Tea Gift Set,6,1072,5,Debit Card,Cancelled
ONAM104104,2026-08-11,CUST1434,Amal Pillai,Alappuzha,Grocery,Spices,4,383,15,Credit Card,Cancelled
ONAM104105,2026-08-10,CUST1401,Athira Thomas,Kozhikode,Electronics,Earbuds,1,3460,10,Cash,Delivered
ONAM104106,2026-08-24,CUST1103,Amal Nair,Thiruvananthapuram,Grocery,Banana Chips,2,543,5,Cash,Delivered
ONAM104107,2026-08-31,CUST1128,Divya Menon,Kozhikode,Clothing,Mundu,2,832,15,Wallet,Delivered
ONAM104108,2026-08-12,CUST1395,Athira Das,Kochi,Electronics,Power Bank,2,1790,20,Credit Card,Delivered
ONAM104109,2026-07-29,CUST1365,Meera Rajan,Palakkad,Clothing,Kurta,6,1648,25,Net Banking,Delivered
ONAM104110,2026-09-01,CUST1100,Hari Joseph,Kochi,Home Decor,Brass Lamp,4,1496,15,Credit Card,Delivered
ONAM104111,2026-08-29,CUST1073,Divya Kumar,Thiruvananthapuram,Home Decor,Pookalam Set,2,734,10,Credit Card,Returned
ONAM104112,2026-09-01,CUST1321,Gokul Rajan,Thiruvananthapuram,Gifts,Chocolate Box,4,1275,15,Wallet,Cancelled
ONAM104113,2026-08-29,CUST1491,Akhil Varma,Malappuram,Electronics,Power Bank,4,1489,20,Cash,Cancelled
ONAM104114,2026-08-02,CUST1544,Arun Varma,Wayanad,Home Decor,Flower Vase,8,1414,5,Net Banking,Delivered
ONAM104115,2026-08-15,CUST1011,Riya Menon,Kannur,Gifts,Kitchen Set,5,1081,0,Net Banking,Delivered
ONAM104116,2026-08-29,CUST1189,Neha Pillai,Kannur,Electronics,Kitchen Appliance,8,9904,25,Debit Card,Returned
ONAM104117,2026-07-28,CUST1466,Nithin Menon,Kozhikode,Clothing,Kurta,4,1543,25,Net Banking,Delivered
ONAM104118,2026-08-09,CUST1269,Divya Krishnan,Kollam,Clothing,Kasavu Saree,1,5233,0,Net Banking,Returned
ONAM104119,2026-08-29,CUST1026,Akhil Nair,Kochi,Home Decor,Flower Vase,3,632,25,Debit Card,Delivered
ONAM104120,2026-08-13,CUST1159,Meera Krishnan,Thrissur,Clothing,Kurta,1,1453,20,Credit Card,Delivered
ONAM104121,2026-08-06,CUST1515,Hari Kumar,Ernakulam,Clothing,Onam Dress,6,1753,25,Net Banking,Cancelled
ONAM104122,2026-09-03,CUST1336,Gokul Menon,Alappuzha,Home Decor,Wall Decor,2,1312,20,Credit Card,Delivered
ONAM104123,2026-08-08,CUST1227,Divya Kumar,Thrissur,Electronics,Kitchen Appliance,4,11668,15,Credit Card,Delivered
ONAM104124,2026-08-02,CUST1005,Divya Menon,Kottayam,Gifts,Dry Fruit Box,2,636,30,Net Banking,Delivered
ONAM104125,2026-09-01,CUST1325,Neha Das,Thiruvananthapuram,Clothing,Kasavu Saree,7,1014,15,Net Banking,Delivered
ONAM104126,2026-09-05,CUST1303,Adarsh Das,Thiruvananthapuram,Grocery,Coconut Oil,3,231,10,UPI,Delivered
ONAM104127,2026-08-11,CUST1530,Anjali Das,Kozhikode,Clothing,Onam Dress,2,3207,20,Cash,Returned
ONAM104128,2026-08-06,CUST1390,Neha Rajan,Thrissur,Grocery,Banana Chips,2,269,20,UPI,Delivered
ONAM104129,2026-08-04,CUST1318,Divya Joseph,Alappuzha,Grocery,Rice,5,503,15,Credit Card,Delivered
ONAM104130,2026-08-16,CUST1135,Rahul Varma,Kottayam,Grocery,Pickle,8,263,25,Wallet,Returned
ONAM104131,2026-08-23,CUST1425,Kavya Varma,Wayanad,Electronics,Power Bank,1,1442,15,Cash,Returned
ONAM104132,2026-08-27,CUST1281,Hari Varma,Palakkad,Clothing,Kurta,3,1663,5,UPI,Cancelled
ONAM104133,2026-07-28,CUST1019,Vishnu Thomas,Kottayam,Clothing,Kasavu Saree,1,1176,30,Cash,Delivered
ONAM104134,2026-08-21,CUST1309,Hari Das,Wayanad,Grocery,Spices,4,598,25,Net Banking,Delivered
ONAM104135,2026-08-24,CUST1359,Neha Thomas,Ernakulam,Gifts,Chocolate Box,1,520,15,Credit Card,Delivered
ONAM104136,2026-09-07,CUST1473,Vishnu Das,Thrissur,Grocery,Pickle,4,227,15,Wallet,Delivered
ONAM104137,2026-08-15,CUST1487,Amal Rajan,Kollam,Electronics,Kitchen Appliance,7,4097,30,Credit Card,Delivered
ONAM104138,2026-08-16,CUST1394,Kavya Pillai,Alappuzha,Clothing,Kasavu Saree,6,3555,10,Cash,Delivered
ONAM104139,2026-08-19,CUST1019,Divya Pillai,Kottayam,Home Decor,Flower Vase,5,1405,10,Debit Card,Cancelled
ONAM104140,2026-07-31,CUST1307,Arun Joseph,Kozhikode,Electronics,Earbuds,7,2177,20,Net Banking,Delivered
ONAM104141,2026-07-28,CUST1282,Akhil Menon,Wayanad,Grocery,Pickle,8,211,25,UPI,Cancelled
ONAM104142,2026-08-13,CUST1154,Meera Das,Palakkad,Clothing,Mundu,7,910,20,Wallet,Returned
ONAM104143,2026-08-11,CUST1412,Hari Kumar,Kollam,Electronics,Bluetooth Speaker,8,3606,5,Net Banking,Delivered
ONAM104144,2026-08-24,CUST1565,Gokul Kumar,Thiruvananthapuram,Home Decor,Brass Lamp,6,1234,20,Wallet,Delivered
ONAM104145,2026-08-12,CUST1508,Akhil Pillai,Kozhikode,Clothing,Kurta,5,1932,5,Wallet,Delivered
ONAM104146,2026-08-16,CUST1479,Divya Nair,Kochi,Electronics,Earbuds,3,3285,30,UPI,Delivered
ONAM104147,2026-07-28,CUST1243,Suresh Rajan,Kollam,Clothing,Mundu,3,1236,25,Net Banking,Delivered
ONAM104148,2026-08-15,CUST1576,Lakshmi Pillai,Malappuram,Gifts,Gift Hamper,7,1322,5,UPI,Delivered
ONAM104149,2026-08-24,CUST1340,Riya Thomas,Kochi,Gifts,Dry Fruit Box,4,777,20,Wallet,Delivered
ONAM104150,2026-08-01,CUST1373,Suresh Rajan,Kochi,Clothing,Mundu,4,1141,5,Net Banking,Cancelled
ONAM104151,2026-08-19,CUST1526,Athira Thomas,Kottayam,Grocery,Banana Chips,2,677,10,UPI,Delivered
ONAM104152,2026-08-26,CUST1367,Adarsh Kumar,Kollam,Gifts,Chocolate Box,7,497,10,Net Banking,Delivered
ONAM104153,2026-07-29,CUST1255,Athira Das,Kannur,Home Decor,Brass Lamp,2,2794,25,Net Banking,Delivered
ONAM104154,2026-08-08,CUST1421,Athira Krishnan,Thiruvananthapuram,Clothing,Kids Ethnic Wear,7,597,5,Net Banking,Cancelled
ONAM104155,2026-08-17,CUST1184,Amal Krishnan,Ernakulam,Home Decor,Brass Lamp,2,2272,10,Debit Card,Delivered
ONAM104156,2026-09-08,CUST1402,Arun Joseph,Ernakulam,Electronics,Power Bank,7,1789,30,Cash,Returned
ONAM104157,2026-08-13,CUST1257,Kavya Menon,Alappuzha,Gifts,Dry Fruit Box,1,2067,5,Cash,Delivered
ONAM104158,2026-08-12,CUST1172,Adarsh Rajan,Wayanad,Home Decor,Flower Vase,7,600,15,UPI,Delivered
ONAM104159,2026-08-16,CUST1006,Anjali Thomas,Kozhikode,Clothing,Kasavu Saree,1,4749,10,Debit Card,Cancelled
ONAM104160,2026-08-24,CUST1021,Arun Nair,Kannur,Grocery,Rice,4,827,20,Debit Card,Delivered
ONAM104161,2026-07-27,CUST1199,Athira Pillai,Kannur,Grocery,Coconut Oil,7,343,30,Wallet,Delivered
ONAM104162,2026-08-02,CUST1253,Lakshmi Kumar,Kochi,Home Decor,Wall Decor,5,1661,5,Net Banking,Delivered
ONAM104163,2026-08-20,CUST1141,Anjali Pillai,Palakkad,Grocery,Pickle,6,178,0,Credit Card,Delivered
ONAM104164,2026-07-25,CUST1303,Vishnu Pillai,Palakkad,Electronics,Bluetooth Speaker,7,4936,25,Credit Card,Cancelled
ONAM104165,2026-08-19,CUST1584,Akhil Pillai,Thiruvananthapuram,Gifts,Chocolate Box,4,857,10,Credit Card,Returned
ONAM104166,2026-08-15,CUST1428,Athira Varma,Kottayam,Electronics,Earbuds,5,5488,0,Debit Card,Returned
ONAM104167,2026-08-06,CUST1387,Amal Menon,Ernakulam,Electronics,Power Bank,4,2089,30,Cash,Delivered
ONAM104168,2026-08-04,CUST1200,Riya Nair,Thiruvananthapuram,Clothing,Kurta,2,2137,25,Cash,Delivered
ONAM104169,2026-08-15,CUST1444,Meera Pillai,Kottayam,Home Decor,Wall Decor,6,1184,10,Net Banking,Delivered
ONAM104170,2026-09-08,CUST1270,Gokul Kumar,Kollam,Gifts,Chocolate Box,3,1011,10,Credit Card,Delivered
ONAM104171,2026-08-19,CUST1369,Adarsh Pillai,Palakkad,Home Decor,Wall Decor,5,1315,20,Net Banking,Cancelled
ONAM104172,2026-08-24,CUST1451,Athira Joseph,Malappuram,Home Decor,Wall Decor,1,259,30,Credit Card,Delivered
ONAM104173,2026-08-27,CUST1454,Meera Thomas,Ernakulam,Gifts,Kitchen Set,6,2363,30,Cash,Delivered
ONAM104174,2026-08-12,CUST1286,Lakshmi Menon,Kollam,Grocery,Banana Chips,4,664,5,Cash,Delivered
ONAM104175,2026-08-27,CUST1568,Amal Pillai,Thiruvananthapuram,Grocery,Pickle,4,345,10,UPI,Returned
ONAM104176,2026-08-26,CUST1215,Amal Varma,Wayanad,Home Decor,Wall Decor,3,681,0,Net Banking,Cancelled
ONAM104177,2026-08-22,CUST1422,Nithin Krishnan,Kannur,Grocery,Rice,8,508,5,UPI,Cancelled
ONAM104178,2026-08-30,CUST1247,Arun Menon,Kozhikode,Electronics,Smart Watch,4,7912,5,Wallet,Returned
ONAM104179,2026-08-21,CUST1184,Anjali Krishnan,Kochi,Electronics,Earbuds,3,1920,10,Debit Card,Cancelled
ONAM104180,2026-08-03,CUST1244,Gokul Joseph,Thrissur,Gifts,Gift Hamper,7,1061,15,Debit Card,Delivered
ONAM104181,2026-08-26,CUST1285,Athira Joseph,Kozhikode,Home Decor,Flower Vase,5,1087,10,Credit Card,Delivered
ONAM104182,2026-08-07,CUST1231,Divya Menon,Kollam,Home Decor,Pookalam Set,1,833,0,Cash,Delivered
ONAM104183,2026-08-26,CUST1270,Meera Nair,Malappuram,Clothing,Onam Dress,1,1856,0,Cash,Delivered
ONAM104184,2026-08-19,CUST1403,Anjali Pillai,Kottayam,Gifts,Dry Fruit Box,5,666,5,UPI,Delivered
ONAM104185,2026-08-05,CUST1199,Meera Rajan,Thiruvananthapuram,Grocery,Rice,7,715,30,Debit Card,Delivered
ONAM104186,2026-07-27,CUST1229,Riya Rajan,Kottayam,Grocery,Rice,6,98,10,Cash,Delivered
ONAM104187,2026-08-06,CUST1366,Athira Kumar,Kannur,Grocery,Banana Chips,7,339,30,Credit Card,Delivered
ONAM104188,2026-09-02,CUST1198,Arun Varma,Alappuzha,Electronics,Smart Watch,3,5448,30,Wallet,Delivered
ONAM104189,2026-07-28,CUST1227,Anjali Menon,Wayanad,Grocery,Coconut Oil,8,736,5,UPI,Delivered
ONAM104190,2026-08-14,CUST1057,Nithin Das,Thiruvananthapuram,Clothing,Onam Dress,5,2956,25,Net Banking,Returned
ONAM104191,2026-07-31,CUST1241,Suresh Krishnan,Kozhikode,Clothing,Onam Dress,5,990,5,Credit Card,Delivered
ONAM104192,2026-08-16,CUST1127,Anjali Varma,Ernakulam,Home Decor,Flower Vase,4,1002,20,Cash,Delivered
ONAM104193,2026-09-02,CUST1133,Amal Rajan,Kottayam,Electronics,Earbuds,6,1653,25,Credit Card,Delivered
ONAM104194,2026-08-30,CUST1230,Amal Krishnan,Malappuram,Grocery,Banana Chips,4,655,5,Wallet,Delivered
ONAM104195,2026-09-04,CUST1012,Arun Menon,Wayanad,Home Decor,Table Decor,1,664,20,Wallet,Delivered
ONAM104196,2026-07-30,CUST1286,Amal Rajan,Kannur,Grocery,Spices,2,225,0,Credit Card,Delivered
ONAM104197,2026-09-02,CUST1001,Akhil Nair,Kochi,Electronics,Bluetooth Speaker,7,2183,25,Net Banking,Cancelled
ONAM104198,2026-08-08,CUST1461,Gokul Varma,Kottayam,Gifts,Tea Gift Set,5,380,25,UPI,Delivered
ONAM104199,2026-08-27,CUST1430,Neha Menon,Wayanad,Home Decor,Flower Vase,1,867,5,Net Banking,Returned
ONAM104200,2026-09-02,CUST1055,Arun Das,Kottayam,Electronics,Earbuds,8,2363,30,Cash,Delivered
ONAM104201,2026-08-25,CUST1410,Lakshmi Menon,Palakkad,Clothing,Kasavu Saree,7,5426,25,Cash,Delivered
ONAM104202,2026-08-21,CUST1288,Adarsh Das,Kottayam,Home Decor,Brass Lamp,3,2391,10,Wallet,Delivered
ONAM104203,2026-08-09,CUST1059,Meera Kumar,Thiruvananthapuram,Electronics,Kitchen Appliance,1,4275,0,Cash,Cancelled
ONAM104204,2026-08-15,CUST1026,Meera Thomas,Thiruvananthapuram,Grocery,Coconut Oil,5,708,25,Cash,Cancelled
ONAM104205,2026-08-01,CUST1470,Adarsh Krishnan,Palakkad,Grocery,Spices,8,234,10,Wallet,Delivered
ONAM104206,2026-08-31,CUST1415,Neha Krishnan,Alappuzha,Clothing,Mundu,5,477,25,Debit Card,Delivered
ONAM104207,2026-08-03,CUST1300,Neha Varma,Kollam,Home Decor,Brass Lamp,5,2283,10,Debit Card,Cancelled
ONAM104208,2026-07-31,CUST1554,Lakshmi Thomas,Kollam,Clothing,Kasavu Saree,2,4808,5,Debit Card,Returned
ONAM104209,2026-08-01,CUST1341,Akhil Nair,Malappuram,Grocery,Spices,8,187,0,UPI,Delivered
ONAM104210,2026-08-14,CUST1073,Lakshmi Thomas,Kollam,Clothing,Onam Dress,8,920,10,Debit Card,Delivered
ONAM104211,2026-08-06,CUST1495,Riya Pillai,Kannur,Clothing,Mundu,6,1578,5,Cash,Delivered
ONAM104212,2026-08-05,CUST1169,Neha Kumar,Kochi,Grocery,Banana Chips,8,666,10,UPI,Returned
ONAM104213,2026-08-25,CUST1315,Vishnu Rajan,Malappuram,Gifts,Dry Fruit Box,6,1774,20,UPI,Returned
ONAM104214,2026-08-13,CUST1094,Rahul Varma,Kochi,Clothing,Kurta,2,2163,10,Debit Card,Returned
ONAM104215,2026-07-27,CUST1175,Arun Varma,Kollam,Grocery,Rice,1,440,20,Wallet,Delivered
ONAM104216,2026-08-21,CUST1388,Gokul Joseph,Kochi,Home Decor,Pookalam Set,5,412,5,Credit Card,Delivered
ONAM104217,2026-08-07,CUST1332,Riya Rajan,Palakkad,Grocery,Banana Chips,3,309,20,Cash,Cancelled
ONAM104218,2026-07-30,CUST1171,Riya Nair,Thrissur,Clothing,Mundu,8,1354,30,Net Banking,Delivered
ONAM104219,2026-07-31,CUST1475,Anjali Thomas,Kottayam,Home Decor,Pookalam Set,1,300,0,UPI,Delivered
ONAM104220,2026-09-01,CUST1322,Divya Krishnan,Ernakulam,Clothing,Kasavu Saree,7,1790,10,Wallet,Delivered
ONAM104221,2026-09-03,CUST1314,Kavya Das,Malappuram,Gifts,Gift Hamper,6,1794,10,Wallet,Delivered
ONAM104222,2026-08-01,CUST1591,Amal Krishnan,Malappuram,Gifts,Tea Gift Set,6,1630,10,Cash,Returned
ONAM104223,2026-09-06,CUST1234,Kavya Thomas,Kozhikode,Grocery,Rice,7,345,20,Wallet,Delivered
ONAM104224,2026-08-29,CUST1449,Gokul Varma,Kozhikode,Clothing,Kasavu Saree,6,4756,0,Net Banking,Delivered
ONAM104225,2026-07-27,CUST1147,Hari Thomas,Kozhikode,Electronics,Bluetooth Speaker,2,4147,0,Credit Card,Delivered
ONAM104226,2026-08-04,CUST1492,Akhil Krishnan,Thrissur,Home Decor,Pookalam Set,8,333,20,Net Banking,Delivered
ONAM104227,2026-08-08,CUST1367,Lakshmi Varma,Thiruvananthapuram,Electronics,Kitchen Appliance,3,6838,20,Debit Card,Cancelled
ONAM104228,2026-08-23,CUST1446,Meera Thomas,Palakkad,Electronics,Kitchen Appliance,1,3149,10,Debit Card,Delivered
ONAM104229,2026-09-06,CUST1112,Hari Joseph,Thrissur,Home Decor,Wall Decor,1,489,15,Cash,Delivered
ONAM104230,2026-08-31,CUST1062,Lakshmi Das,Kozhikode,Electronics,Kitchen Appliance,3,6402,10,UPI,Delivered
ONAM104231,2026-08-27,CUST1468,Divya Kumar,Wayanad,Clothing,Onam Dress,4,3498,15,Debit Card,Cancelled
ONAM104232,2026-09-02,CUST1130,Meera Nair,Ernakulam,Grocery,Rice,2,277,0,Debit Card,Cancelled
ONAM104233,2026-08-26,CUST1349,Neha Nair,Kannur,Gifts,Kitchen Set,8,2189,25,Net Banking,Returned
ONAM104234,2026-07-27,CUST1316,Athira Krishnan,Kollam,Home Decor,Flower Vase,5,1036,30,Credit Card,Delivered
ONAM104235,2026-07-26,CUST1410,Nithin Krishnan,Thiruvananthapuram,Clothing,Kasavu Saree,8,1347,0,Net Banking,Delivered
ONAM104236,2026-08-23,CUST1107,Gokul Krishnan,Alappuzha,Home Decor,Wall Decor,1,507,25,Credit Card,Cancelled
ONAM104237,2026-08-08,CUST1204,Divya Pillai,Kozhikode,Electronics,Power Bank,8,2596,20,UPI,Cancelled
ONAM104238,2026-07-27,CUST1428,Lakshmi Nair,Kollam,Home Decor,Table Decor,2,1077,20,Net Banking,Cancelled
ONAM104239,2026-08-06,CUST1533,Lakshmi Menon,Kozhikode,Gifts,Kitchen Set,2,1938,15,Debit Card,Delivered
ONAM104240,2026-09-01,CUST1072,Riya Joseph,Thrissur,Electronics,Smart Watch,3,5122,30,Debit Card,Delivered
ONAM104241,2026-09-02,CUST1082,Vishnu Rajan,Thiruvananthapuram,Gifts,Kitchen Set,8,2221,5,Cash,Delivered
ONAM104242,2026-08-31,CUST1354,Hari Kumar,Malappuram,Clothing,Kids Ethnic Wear,4,2132,15,Debit Card,Returned
ONAM104243,2026-07-25,CUST1041,Akhil Rajan,Alappuzha,Clothing,Onam Dress,8,2348,15,Cash,Delivered
ONAM104244,2026-08-24,CUST1317,Rahul Krishnan,Kollam,Electronics,Smart Watch,7,5018,20,UPI,Delivered
ONAM104245,2026-09-01,CUST1082,Anjali Das,Alappuzha,Home Decor,Flower Vase,1,1172,5,UPI,Delivered
ONAM104246,2026-07-29,CUST1188,Rahul Nair,Kochi,Grocery,Banana Chips,8,343,5,Credit Card,Delivered
ONAM104247,2026-08-31,CUST1537,Divya Nair,Wayanad,Clothing,Mundu,7,454,10,Cash,Delivered
ONAM104248,2026-08-12,CUST1491,Nithin Thomas,Palakkad,Electronics,Power Bank,7,1777,0,Net Banking,Delivered
ONAM104249,2026-08-17,CUST1312,Lakshmi Varma,Kottayam,Gifts,Kitchen Set,8,2147,5,Wallet,Delivered
ONAM104250,2026-08-20,CUST1515,Rahul Thomas,Kottayam,Home Decor,Wall Decor,6,305,10,Credit Card,Returned
ONAM104251,2026-09-02,CUST1146,Gokul Rajan,Ernakulam,Home Decor,Pookalam Set,7,497,15,Credit Card,Returned
ONAM104252,2026-08-15,CUST1119,Divya Das,Thiruvananthapuram,Grocery,Rice,4,459,30,Wallet,Returned
ONAM104253,2026-08-14,CUST1445,Amal Kumar,Kannur,Gifts,Gift Hamper,5,1538,10,Wallet,Returned
ONAM104254,2026-08-18,CUST1086,Vishnu Pillai,Malappuram,Electronics,Bluetooth Speaker,3,2442,15,Net Banking,Returned
ONAM104255,2026-08-04,CUST1216,Kavya Joseph,Kannur,Grocery,Spices,5,963,20,Credit Card,Delivered
ONAM104256,2026-08-06,CUST1327,Nithin Pillai,Kochi,Grocery,Spices,2,151,5,Net Banking,Cancelled
ONAM104257,2026-09-08,CUST1016,Vishnu Nair,Kollam,Home Decor,Table Decor,2,1290,0,Wallet,Returned
ONAM104258,2026-08-31,CUST1185,Kavya Das,Palakkad,Home Decor,Table Decor,1,457,10,Debit Card,Delivered
ONAM104259,2026-08-09,CUST1064,Gokul Pillai,Ernakulam,Grocery,Pickle,3,467,10,Wallet,Delivered
ONAM104260,2026-08-15,CUST1195,Kavya Pillai,Kochi,Gifts,Gift Hamper,3,1371,25,Debit Card,Delivered
ONAM104261,2026-07-26,CUST1029,Arun Nair,Ernakulam,Home Decor,Flower Vase,3,1411,0,Cash,Delivered
ONAM104262,2026-07-29,CUST1321,Kavya Varma,Alappuzha,Gifts,Tea Gift Set,2,588,30,Cash,Delivered
ONAM104263,2026-09-02,CUST1016,Neha Varma,Ernakulam,Grocery,Banana Chips,6,481,15,Credit Card,Returned
ONAM104264,2026-08-10,CUST1005,Meera Krishnan,Kottayam,Clothing,Kasavu Saree,2,5030,25,Cash,Cancelled
ONAM104265,2026-08-10,CUST1191,Vishnu Pillai,Thrissur,Electronics,Smart Watch,1,2899,15,Wallet,Returned
ONAM104266,2026-08-28,CUST1028,Anjali Krishnan,Thiruvananthapuram,Home Decor,Table Decor,5,721,30,Wallet,Delivered
ONAM104267,2026-08-10,CUST1359,Vishnu Nair,Kottayam,Gifts,Kitchen Set,4,3264,30,Credit Card,Delivered
ONAM104268,2026-08-25,CUST1537,Athira Thomas,Kollam,Grocery,Pickle,4,209,5,Wallet,Delivered
ONAM104269,2026-09-04,CUST1453,Kavya Das,Thiruvananthapuram,Home Decor,Flower Vase,3,1198,10,UPI,Delivered
ONAM104270,2026-08-10,CUST1456,Lakshmi Varma,Wayanad,Grocery,Rice,2,157,15,Wallet,Delivered
ONAM104271,2026-08-18,CUST1060,Kavya Varma,Kollam,Gifts,Chocolate Box,7,919,5,Cash,Delivered
ONAM104272,2026-08-03,CUST1600,Akhil Krishnan,Palakkad,Grocery,Pickle,8,282,15,Cash,Delivered
ONAM104273,2026-08-28,CUST1276,Akhil Das,Kottayam,Home Decor,Brass Lamp,1,2814,10,Net Banking,Delivered
ONAM104274,2026-07-30,CUST1508,Anjali Joseph,Kozhikode,Home Decor,Table Decor,5,956,5,Wallet,Delivered
ONAM104275,2026-08-21,CUST1506,Lakshmi Das,Wayanad,Electronics,Bluetooth Speaker,8,5463,25,Net Banking,Cancelled
ONAM104276,2026-08-16,CUST1383,Hari Pillai,Wayanad,Grocery,Pickle,5,257,10,Credit Card,Delivered
ONAM104277,2026-07-28,CUST1587,Divya Kumar,Wayanad,Clothing,Mundu,1,664,5,Credit Card,Delivered
ONAM104278,2026-09-06,CUST1085,Arun Kumar,Ernakulam,Grocery,Coconut Oil,7,711,10,Credit Card,Delivered
ONAM104279,2026-08-14,CUST1076,Arun Pillai,Kollam,Home Decor,Table Decor,6,578,30,UPI,Delivered
ONAM104280,2026-09-01,CUST1081,Neha Pillai,Ernakulam,Clothing,Onam Dress,6,1915,25,UPI,Delivered
ONAM104281,2026-07-29,CUST1230,Nithin Krishnan,Kochi,Electronics,Earbuds,2,2074,20,Debit Card,Delivered
ONAM104282,2026-08-15,CUST1188,Adarsh Thomas,Kottayam,Gifts,Chocolate Box,3,776,30,Cash,Delivered
ONAM104283,2026-08-01,CUST1473,Athira Krishnan,Thrissur,Home Decor,Pookalam Set,5,582,0,Debit Card,Delivered
ONAM104284,2026-07-29,CUST1444,Kavya Varma,Kozhikode,Clothing,Mundu,1,1049,15,Wallet,Delivered
ONAM104285,2026-08-11,CUST1425,Suresh Thomas,Ernakulam,Grocery,Coconut Oil,6,358,25,Cash,Delivered
ONAM104286,2026-08-15,CUST1546,Riya Menon,Ernakulam,Home Decor,Brass Lamp,7,2931,10,Wallet,Delivered
ONAM104287,2026-08-12,CUST1132,Athira Rajan,Kottayam,Home Decor,Pookalam Set,5,1148,10,UPI,Delivered
ONAM104288,2026-08-18,CUST1595,Suresh Menon,Kannur,Clothing,Kurta,7,1103,0,Net Banking,Cancelled
ONAM104289,2026-08-19,CUST1009,Anjali Joseph,Kochi,Gifts,Kitchen Set,6,3430,0,Net Banking,Delivered
ONAM104290,2026-08-12,CUST1109,Amal Joseph,Kannur,Clothing,Kasavu Saree,7,2449,15,Net Banking,Delivered
ONAM104291,2026-08-14,CUST1150,Meera Nair,Kollam,Clothing,Onam Dress,1,3001,20,Credit Card,Returned
ONAM104292,2026-08-20,CUST1233,Vishnu Joseph,Kollam,Home Decor,Table Decor,5,992,25,Wallet,Returned
ONAM104293,2026-08-08,CUST1512,Suresh Das,Kozhikode,Clothing,Kurta,6,665,30,Net Banking,Cancelled
ONAM104294,2026-09-05,CUST1570,Gokul Varma,Palakkad,Clothing,Kurta,1,2432,0,UPI,Delivered
ONAM104295,2026-08-12,CUST1001,Nithin Das,Kottayam,Electronics,Smart Watch,8,7861,0,Debit Card,Delivered
ONAM104296,2026-08-07,CUST1059,Divya Nair,Kochi,Grocery,Banana Chips,2,195,0,Cash,Delivered
ONAM104297,2026-09-01,CUST1164,Arun Rajan,Malappuram,Gifts,Tea Gift Set,1,686,15,Credit Card,Delivered
ONAM104298,2026-09-04,CUST1104,Anjali Krishnan,Alappuzha,Clothing,Mundu,6,1249,10,Wallet,Delivered
ONAM104299,2026-08-03,CUST1580,Amal Menon,Alappuzha,Electronics,Bluetooth Speaker,4,3374,15,Wallet,Delivered
ONAM104300,2026-08-19,CUST1319,Nithin Pillai,Thrissur,Gifts,Dry Fruit Box,4,1890,20,Cash,Delivered
ONAM104301,2026-07-31,CUST1195,Rahul Kumar,Ernakulam,Electronics,Bluetooth Speaker,3,4457,25,Net Banking,Delivered
ONAM104302,2026-08-11,CUST1525,Riya Joseph,Ernakulam,Gifts,Kitchen Set,8,2176,0,UPI,Returned
ONAM104303,2026-08-04,CUST1505,Hari Rajan,Kollam,Home Decor,Table Decor,7,493,10,UPI,Delivered
ONAM104304,2026-08-03,CUST1166,Rahul Nair,Kottayam,Electronics,Earbuds,3,6307,10,Debit Card,Returned
ONAM104305,2026-08-20,CUST1154,Meera Varma,Kottayam,Gifts,Chocolate Box,4,1383,15,Wallet,Delivered
ONAM104306,2026-08-10,CUST1305,Divya Nair,Kozhikode,Gifts,Gift Hamper,5,1213,0,Debit Card,Delivered
ONAM104307,2026-08-07,CUST1348,Anjali Nair,Wayanad,Grocery,Coconut Oil,6,254,10,Credit Card,Delivered
ONAM104308,2026-09-06,CUST1491,Hari Rajan,Kannur,Gifts,Gift Hamper,8,1839,20,Cash,Delivered
ONAM104309,2026-08-29,CUST1381,Suresh Rajan,Kollam,Grocery,Pickle,1,254,20,Net Banking,Returned
ONAM104310,2026-07-29,CUST1093,Meera Rajan,Kollam,Clothing,Kurta,1,1068,10,UPI,Delivered
ONAM104311,2026-09-07,CUST1021,Meera Joseph,Wayanad,Clothing,Mundu,8,954,10,Net Banking,Delivered
ONAM104312,2026-08-02,CUST1151,Gokul Thomas,Kochi,Grocery,Rice,4,87,15,Debit Card,Delivered
ONAM104313,2026-08-08,CUST1338,Suresh Kumar,Palakkad,Home Decor,Wall Decor,2,1302,5,Cash,Delivered
ONAM104314,2026-09-05,CUST1464,Rahul Varma,Kollam,Gifts,Chocolate Box,3,1457,10,UPI,Delivered
ONAM104315,2026-08-05,CUST1399,Hari Krishnan,Palakkad,Grocery,Banana Chips,2,543,25,Credit Card,Delivered
ONAM104316,2026-09-02,CUST1211,Riya Thomas,Thiruvananthapuram,Electronics,Earbuds,5,2421,15,Cash,Cancelled
ONAM104317,2026-07-28,CUST1492,Riya Rajan,Kollam,Electronics,Bluetooth Speaker,7,5647,5,Cash,Returned
ONAM104318,2026-08-16,CUST1245,Neha Menon,Palakkad,Gifts,Kitchen Set,5,2503,0,Net Banking,Cancelled
ONAM104319,2026-08-22,CUST1409,Anjali Nair,Ernakulam,Electronics,Bluetooth Speaker,3,3040,10,Cash,Cancelled
ONAM104320,2026-07-29,CUST1360,Hari Nair,Wayanad,Clothing,Kasavu Saree,3,3560,10,Wallet,Delivered
ONAM104321,2026-08-20,CUST1122,Akhil Nair,Ernakulam,Gifts,Tea Gift Set,6,391,5,Debit Card,Delivered
ONAM104322,2026-08-04,CUST1293,Adarsh Rajan,Kozhikode,Electronics,Earbuds,5,4124,5,Wallet,Delivered
ONAM104323,2026-09-03,CUST1079,Amal Krishnan,Kottayam,Home Decor,Wall Decor,4,448,10,Wallet,Delivered
ONAM104324,2026-08-17,CUST1102,Hari Varma,Thrissur,Home Decor,Brass Lamp,7,2259,20,UPI,Delivered
ONAM104325,2026-08-18,CUST1600,Suresh Menon,Malappuram,Home Decor,Pookalam Set,4,211,10,Debit Card,Delivered
ONAM104326,2026-08-29,CUST1170,Neha Das,Kochi,Electronics,Kitchen Appliance,3,10313,15,Wallet,Delivered
ONAM104327,2026-08-09,CUST1494,Rahul Varma,Kochi,Electronics,Kitchen Appliance,8,9050,25,Debit Card,Delivered
ONAM104328,2026-08-06,CUST1561,Meera Kumar,Wayanad,Electronics,Kitchen Appliance,5,3514,10,Credit Card,Delivered
ONAM104329,2026-08-01,CUST1188,Athira Thomas,Kollam,Clothing,Kurta,6,948,5,UPI,Cancelled
ONAM104330,2026-08-08,CUST1205,Neha Varma,Kochi,Grocery,Pickle,5,159,10,Net Banking,Returned
ONAM104331,2026-08-23,CUST1284,Amal Das,Wayanad,Gifts,Tea Gift Set,7,688,30,Debit Card,Returned
ONAM104332,2026-08-16,CUST1328,Rahul Thomas,Kannur,Home Decor,Table Decor,8,1111,15,Net Banking,Delivered
ONAM104333,2026-08-28,CUST1051,Gokul Das,Alappuzha,Home Decor,Table Decor,6,405,10,UPI,Delivered
ONAM104334,2026-08-11,CUST1466,Anjali Krishnan,Thrissur,Electronics,Bluetooth Speaker,4,5181,30,UPI,Returned
ONAM104335,2026-08-19,CUST1159,Anjali Varma,Palakkad,Clothing,Kurta,7,1156,30,UPI,Cancelled
ONAM104336,2026-08-07,CUST1113,Divya Kumar,Malappuram,Gifts,Gift Hamper,8,2254,0,Cash,Delivered
ONAM104337,2026-08-22,CUST1085,Riya Nair,Kochi,Grocery,Pickle,2,369,5,Cash,Returned
ONAM104338,2026-08-16,CUST1367,Divya Pillai,Kollam,Home Decor,Wall Decor,6,501,5,Wallet,Returned
ONAM104339,2026-08-23,CUST1182,Gokul Kumar,Kozhikode,Home Decor,Wall Decor,1,811,25,Net Banking,Cancelled
ONAM104340,2026-08-17,CUST1027,Gokul Nair,Thiruvananthapuram,Clothing,Mundu,5,502,20,Credit Card,Delivered
ONAM104341,2026-09-05,CUST1496,Arun Varma,Alappuzha,Clothing,Kurta,7,922,30,Debit Card,Delivered
ONAM104342,2026-08-20,CUST1487,Meera Kumar,Alappuzha,Gifts,Kitchen Set,7,1666,5,Credit Card,Returned
ONAM104343,2026-08-05,CUST1157,Athira Kumar,Kannur,Grocery,Coconut Oil,7,847,15,Wallet,Delivered
ONAM104344,2026-07-31,CUST1472,Lakshmi Joseph,Alappuzha,Grocery,Coconut Oil,2,836,30,Credit Card,Cancelled
ONAM104345,2026-09-01,CUST1523,Amal Pillai,Kozhikode,Gifts,Dry Fruit Box,3,2311,10,Cash,Delivered
ONAM104346,2026-09-08,CUST1375,Anjali Nair,Malappuram,Gifts,Chocolate Box,1,1447,10,Net Banking,Delivered
ONAM104347,2026-08-12,CUST1430,Lakshmi Joseph,Thrissur,Clothing,Kasavu Saree,6,5121,20,Debit Card,Delivered
ONAM104348,2026-08-09,CUST1354,Hari Menon,Wayanad,Clothing,Mundu,7,1194,0,Debit Card,Returned
ONAM104349,2026-08-17,CUST1543,Meera Joseph,Thiruvananthapuram,Grocery,Spices,7,845,15,UPI,Delivered
ONAM104350,2026-08-01,CUST1385,Vishnu Menon,Wayanad,Clothing,Mundu,7,1387,25,Credit Card,Returned
ONAM104351,2026-08-08,CUST1362,Gokul Menon,Wayanad,Gifts,Dry Fruit Box,4,866,25,Wallet,Delivered
ONAM104352,2026-08-08,CUST1481,Akhil Pillai,Kochi,Gifts,Tea Gift Set,5,1370,0,Wallet,Delivered
ONAM104353,2026-08-06,CUST1271,Rahul Menon,Malappuram,Gifts,Kitchen Set,1,2844,10,Wallet,Delivered
ONAM104354,2026-08-23,CUST1479,Kavya Joseph,Kottayam,Electronics,Kitchen Appliance,8,7238,25,Debit Card,Returned
ONAM104355,2026-08-21,CUST1573,Kavya Kumar,Thrissur,Home Decor,Flower Vase,3,346,15,Cash,Delivered
ONAM104356,2026-08-20,CUST1322,Meera Pillai,Kottayam,Home Decor,Brass Lamp,2,1700,0,Debit Card,Delivered
ONAM104357,2026-08-11,CUST1052,Athira Rajan,Thrissur,Clothing,Kurta,5,1492,30,Credit Card,Delivered
ONAM104358,2026-09-04,CUST1411,Anjali Pillai,Kozhikode,Grocery,Pickle,5,232,25,Credit Card,Returned
ONAM104359,2026-09-04,CUST1366,Suresh Joseph,Wayanad,Grocery,Banana Chips,6,483,30,Debit Card,Delivered
ONAM104360,2026-08-18,CUST1065,Neha Krishnan,Kozhikode,Grocery,Pickle,6,135,0,Wallet,Delivered
ONAM104361,2026-09-08,CUST1151,Athira Rajan,Kozhikode,Gifts,Tea Gift Set,3,342,20,Wallet,Delivered
ONAM104362,2026-07-25,CUST1312,Amal Nair,Kottayam,Clothing,Onam Dress,8,1543,30,UPI,Delivered
ONAM104363,2026-07-31,CUST1031,Divya Pillai,Kottayam,Grocery,Rice,7,667,10,Cash,Delivered
ONAM104364,2026-07-29,CUST1287,Divya Krishnan,Alappuzha,Home Decor,Wall Decor,7,1692,10,Cash,Delivered
ONAM104365,2026-08-13,CUST1408,Divya Krishnan,Kozhikode,Clothing,Kids Ethnic Wear,1,1980,30,Credit Card,Returned
ONAM104366,2026-08-26,CUST1258,Amal Kumar,Thiruvananthapuram,Gifts,Dry Fruit Box,1,1099,15,Cash,Delivered
ONAM104367,2026-07-29,CUST1040,Lakshmi Joseph,Thrissur,Electronics,Bluetooth Speaker,8,1684,5,Debit Card,Cancelled
ONAM104368,2026-08-24,CUST1154,Meera Joseph,Alappuzha,Gifts,Dry Fruit Box,4,2078,5,Credit Card,Delivered
ONAM104369,2026-08-30,CUST1528,Suresh Kumar,Alappuzha,Home Decor,Brass Lamp,6,2939,10,Net Banking,Delivered
ONAM104370,2026-08-01,CUST1130,Athira Kumar,Kottayam,Home Decor,Table Decor,7,719,5,Cash,Delivered
ONAM104371,2026-08-12,CUST1043,Anjali Thomas,Thiruvananthapuram,Gifts,Tea Gift Set,8,465,0,Credit Card,Delivered
ONAM104372,2026-08-11,CUST1033,Suresh Nair,Kollam,Grocery,Rice,8,647,15,Credit Card,Delivered
ONAM104373,2026-07-26,CUST1338,Amal Nair,Alappuzha,Grocery,Rice,1,122,30,UPI,Cancelled
ONAM104374,2026-09-08,CUST1317,Rahul Rajan,Wayanad,Gifts,Dry Fruit Box,4,1063,5,Cash,Delivered
ONAM104375,2026-07-27,CUST1155,Athira Das,Kochi,Gifts,Gift Hamper,7,1339,20,Credit Card,Cancelled
ONAM104376,2026-09-02,CUST1446,Nithin Kumar,Ernakulam,Gifts,Chocolate Box,3,1348,25,Wallet,Delivered
ONAM104377,2026-08-04,CUST1215,Adarsh Nair,Wayanad,Home Decor,Brass Lamp,1,2974,25,Wallet,Delivered
ONAM104378,2026-08-06,CUST1311,Meera Rajan,Thrissur,Grocery,Rice,7,192,10,Wallet,Cancelled
ONAM104379,2026-07-29,CUST1436,Athira Kumar,Kozhikode,Gifts,Tea Gift Set,5,1573,10,Cash,Returned
ONAM104380,2026-08-05,CUST1498,Amal Das,Kochi,Grocery,Coconut Oil,6,800,10,UPI,Delivered
ONAM104381,2026-08-06,CUST1134,Nithin Varma,Palakkad,Electronics,Smart Watch,2,8466,10,Cash,Delivered
ONAM104382,2026-08-11,CUST1090,Riya Joseph,Kannur,Electronics,Power Bank,7,2290,10,Cash,Returned
ONAM104383,2026-08-05,CUST1326,Anjali Kumar,Kannur,Electronics,Kitchen Appliance,3,8860,10,Wallet,Delivered
ONAM104384,2026-09-01,CUST1286,Divya Thomas,Thiruvananthapuram,Electronics,Power Bank,1,2275,0,Wallet,Delivered
ONAM104385,2026-07-27,CUST1593,Gokul Kumar,Kozhikode,Electronics,Power Bank,5,2378,5,UPI,Delivered
ONAM104386,2026-09-04,CUST1008,Athira Krishnan,Palakkad,Home Decor,Pookalam Set,3,383,0,Wallet,Delivered
ONAM104387,2026-08-14,CUST1513,Athira Kumar,Thrissur,Electronics,Smart Watch,1,3038,5,Net Banking,Delivered
ONAM104388,2026-08-17,CUST1357,Adarsh Varma,Kottayam,Home Decor,Table Decor,2,1580,10,Debit Card,Delivered
ONAM104389,2026-08-10,CUST1239,Adarsh Krishnan,Ernakulam,Clothing,Kids Ethnic Wear,4,968,10,Cash,Delivered
ONAM104390,2026-08-03,CUST1037,Adarsh Joseph,Palakkad,Home Decor,Table Decor,3,720,25,UPI,Delivered
ONAM104391,2026-08-26,CUST1495,Lakshmi Das,Alappuzha,Clothing,Kasavu Saree,2,4827,10,Cash,Cancelled
ONAM104392,2026-07-31,CUST1434,Neha Krishnan,Palakkad,Home Decor,Brass Lamp,4,624,15,Net Banking,Delivered
ONAM104393,2026-07-28,CUST1446,Adarsh Varma,Kochi,Electronics,Smart Watch,4,8015,10,UPI,Delivered
ONAM104394,2026-09-01,CUST1122,Vishnu Das,Wayanad,Electronics,Power Bank,8,1032,15,Cash,Delivered
ONAM104395,2026-09-02,CUST1107,Amal Varma,Thrissur,Electronics,Earbuds,2,6403,5,Net Banking,Delivered
ONAM104396,2026-08-08,CUST1281,Meera Nair,Kannur,Grocery,Rice,7,699,10,Credit Card,Returned
ONAM104397,2026-08-01,CUST1187,Anjali Rajan,Kannur,Electronics,Smart Watch,3,3828,20,Debit Card,Delivered
ONAM104398,2026-07-28,CUST1385,Anjali Menon,Palakkad,Gifts,Tea Gift Set,6,807,10,Cash,Delivered
ONAM104399,2026-07-28,CUST1293,Divya Das,Wayanad,Grocery,Spices,4,531,20,Net Banking,Delivered
ONAM104400,2026-08-08,CUST1322,Amal Das,Kottayam,Home Decor,Table Decor,8,983,0,Credit Card,Delivered
ONAM104401,2026-08-18,CUST1258,Riya Pillai,Kottayam,Gifts,Dry Fruit Box,2,2262,0,Net Banking,Delivered
ONAM104402,2026-08-21,CUST1427,Suresh Pillai,Alappuzha,Grocery,Banana Chips,7,519,25,Net Banking,Delivered
ONAM104403,2026-08-04,CUST1377,Suresh Krishnan,Malappuram,Grocery,Spices,6,613,5,Cash,Delivered
ONAM104404,2026-09-03,CUST1135,Riya Pillai,Malappuram,Electronics,Bluetooth Speaker,4,2667,10,Wallet,Delivered
ONAM104405,2026-08-17,CUST1097,Akhil Das,Thrissur,Electronics,Smart Watch,7,4043,30,UPI,Delivered
ONAM104406,2026-09-05,CUST1367,Suresh Varma,Malappuram,Home Decor,Brass Lamp,3,4352,25,Net Banking,Delivered
ONAM104407,2026-08-15,CUST1561,Gokul Kumar,Thiruvananthapuram,Gifts,Tea Gift Set,4,1253,15,UPI,Returned
ONAM104408,2026-08-13,CUST1446,Vishnu Joseph,Ernakulam,Home Decor,Table Decor,2,705,5,Cash,Delivered
ONAM104409,2026-08-21,CUST1594,Rahul Kumar,Alappuzha,Grocery,Coconut Oil,6,577,30,Cash,Delivered
ONAM104410,2026-08-09,CUST1002,Meera Menon,Kollam,Grocery,Spices,1,669,25,Net Banking,Delivered
ONAM104411,2026-07-31,CUST1234,Suresh Kumar,Palakkad,Grocery,Coconut Oil,6,793,10,Net Banking,Cancelled
ONAM104412,2026-07-29,CUST1121,Amal Thomas,Kochi,Gifts,Tea Gift Set,5,595,20,Debit Card,Delivered
ONAM104413,2026-08-19,CUST1316,Rahul Rajan,Kottayam,Home Decor,Table Decor,2,481,15,Net Banking,Delivered
ONAM104414,2026-08-16,CUST1497,Suresh Das,Alappuzha,Clothing,Mundu,8,780,15,UPI,Delivered
ONAM104415,2026-08-12,CUST1139,Arun Kumar,Thiruvananthapuram,Electronics,Earbuds,4,3259,10,UPI,Cancelled
ONAM104416,2026-08-31,CUST1377,Anjali Krishnan,Alappuzha,Electronics,Power Bank,2,1788,25,Net Banking,Delivered
ONAM104417,2026-08-07,CUST1123,Kavya Varma,Thiruvananthapuram,Grocery,Pickle,6,452,5,Debit Card,Delivered
ONAM104418,2026-08-10,CUST1489,Adarsh Thomas,Kottayam,Grocery,Spices,2,341,30,Credit Card,Delivered
ONAM104419,2026-08-10,CUST1203,Lakshmi Thomas,Thrissur,Gifts,Chocolate Box,8,846,25,UPI,Delivered
ONAM104420,2026-08-16,CUST1580,Meera Menon,Ernakulam,Grocery,Banana Chips,1,442,15,UPI,Delivered
ONAM104421,2026-08-10,CUST1079,Anjali Krishnan,Ernakulam,Gifts,Gift Hamper,6,2018,0,Credit Card,Delivered
ONAM104422,2026-08-27,CUST1304,Divya Thomas,Alappuzha,Electronics,Smart Watch,6,8849,20,Net Banking,Delivered
ONAM104423,2026-07-27,CUST1167,Gokul Rajan,Thrissur,Home Decor,Brass Lamp,2,3583,30,UPI,Delivered
ONAM104424,2026-08-25,CUST1033,Athira Rajan,Thrissur,Gifts,Kitchen Set,8,1523,25,Net Banking,Returned
ONAM104425,2026-08-02,CUST1036,Adarsh Thomas,Kannur,Electronics,Earbuds,6,3553,0,Cash,Cancelled
ONAM104426,2026-08-17,CUST1388,Suresh Thomas,Thrissur,Electronics,Earbuds,7,3027,15,Credit Card,Delivered
ONAM104427,2026-07-29,CUST1560,Nithin Menon,Thiruvananthapuram,Grocery,Pickle,4,370,10,UPI,Delivered
ONAM104428,2026-08-24,CUST1327,Gokul Rajan,Kollam,Electronics,Earbuds,3,6126,0,Cash,Delivered
ONAM104429,2026-08-05,CUST1198,Vishnu Nair,Thiruvananthapuram,Electronics,Earbuds,6,3660,0,Wallet,Delivered
ONAM104430,2026-07-25,CUST1159,Akhil Varma,Kottayam,Clothing,Kasavu Saree,4,5709,30,Wallet,Delivered
ONAM104431,2026-09-06,CUST1459,Meera Menon,Palakkad,Electronics,Earbuds,3,2351,15,Net Banking,Delivered
ONAM104432,2026-07-28,CUST1556,Rahul Thomas,Kochi,Clothing,Onam Dress,5,2411,0,Wallet,Delivered
ONAM104433,2026-08-24,CUST1296,Kavya Rajan,Thiruvananthapuram,Home Decor,Flower Vase,4,546,25,UPI,Delivered
ONAM104434,2026-09-07,CUST1072,Lakshmi Joseph,Kollam,Grocery,Coconut Oil,8,573,10,Wallet,Delivered
ONAM104435,2026-08-05,CUST1439,Rahul Varma,Alappuzha,Electronics,Earbuds,3,6759,0,Cash,Cancelled
ONAM104436,2026-09-02,CUST1289,Meera Varma,Thiruvananthapuram,Home Decor,Pookalam Set,8,352,15,UPI,Returned
ONAM104437,2026-07-25,CUST1358,Athira Thomas,Kollam,Grocery,Banana Chips,4,660,5,Wallet,Cancelled
ONAM104438,2026-09-05,CUST1195,Neha Kumar,Kottayam,Home Decor,Table Decor,2,1073,0,Wallet,Delivered
ONAM104439,2026-09-08,CUST1021,Meera Das,Wayanad,Electronics,Power Bank,2,3298,25,Net Banking,Delivered
ONAM104440,2026-09-06,CUST1385,Divya Das,Alappuzha,Grocery,Pickle,4,285,25,UPI,Returned
ONAM104441,2026-08-21,CUST1539,Akhil Krishnan,Ernakulam,Gifts,Tea Gift Set,7,1706,30,Wallet,Delivered
ONAM104442,2026-08-23,CUST1092,Anjali Joseph,Kollam,Grocery,Coconut Oil,3,789,15,UPI,Cancelled
ONAM104443,2026-08-30,CUST1342,Vishnu Pillai,Wayanad,Gifts,Chocolate Box,3,304,0,Debit Card,Cancelled
ONAM104444,2026-08-16,CUST1583,Kavya Krishnan,Kottayam,Home Decor,Table Decor,8,1113,20,Credit Card,Delivered
ONAM104445,2026-09-06,CUST1032,Neha Rajan,Kochi,Grocery,Banana Chips,6,454,0,Cash,Delivered
ONAM104446,2026-08-21,CUST1396,Suresh Menon,Wayanad,Home Decor,Pookalam Set,8,237,20,Net Banking,Returned
ONAM104447,2026-08-05,CUST1539,Kavya Krishnan,Ernakulam,Gifts,Kitchen Set,2,724,10,Net Banking,Delivered
ONAM104448,2026-08-12,CUST1024,Kavya Rajan,Malappuram,Grocery,Coconut Oil,3,415,30,Cash,Returned
ONAM104449,2026-08-16,CUST1337,Akhil Krishnan,Ernakulam,Grocery,Rice,5,846,10,Cash,Cancelled
ONAM104450,2026-08-24,CUST1015,Hari Varma,Thiruvananthapuram,Grocery,Coconut Oil,3,808,25,Credit Card,Cancelled
ONAM104451,2026-08-24,CUST1183,Amal Nair,Kollam,Grocery,Pickle,2,227,0,Net Banking,Cancelled
ONAM104452,2026-07-26,CUST1389,Athira Thomas,Palakkad,Home Decor,Flower Vase,5,1472,20,Debit Card,Cancelled
ONAM104453,2026-07-28,CUST1154,Hari Nair,Kozhikode,Home Decor,Wall Decor,3,1070,30,Wallet,Delivered
ONAM104454,2026-07-30,CUST1074,Hari Kumar,Kannur,Electronics,Power Bank,8,2222,10,Credit Card,Delivered
ONAM104455,2026-08-27,CUST1444,Akhil Kumar,Kollam,Clothing,Kurta,2,1367,10,Net Banking,Delivered
ONAM104456,2026-08-25,CUST1292,Vishnu Kumar,Kochi,Clothing,Onam Dress,8,1088,30,Cash,Delivered
ONAM104457,2026-09-03,CUST1472,Anjali Menon,Kannur,Gifts,Dry Fruit Box,4,2693,25,Wallet,Delivered
ONAM104458,2026-09-03,CUST1171,Divya Varma,Kottayam,Gifts,Gift Hamper,1,976,5,UPI,Delivered
ONAM104459,2026-08-28,CUST1030,Amal Varma,Palakkad,Grocery,Rice,2,673,20,Credit Card,Delivered
ONAM104460,2026-09-01,CUST1178,Arun Varma,Kozhikode,Home Decor,Flower Vase,2,1497,5,Wallet,Delivered
ONAM104461,2026-07-31,CUST1115,Kavya Rajan,Malappuram,Grocery,Banana Chips,1,216,20,UPI,Returned
ONAM104462,2026-08-23,CUST1026,Akhil Thomas,Kochi,Electronics,Bluetooth Speaker,5,2353,10,Debit Card,Delivered
ONAM104463,2026-08-29,CUST1296,Riya Menon,Wayanad,Gifts,Chocolate Box,6,1274,10,Net Banking,Delivered
ONAM104464,2026-08-21,CUST1472,Anjali Varma,Wayanad,Electronics,Kitchen Appliance,4,6076,20,Cash,Delivered
ONAM104465,2026-08-08,CUST1006,Divya Rajan,Kochi,Grocery,Coconut Oil,2,327,15,Debit Card,Delivered
ONAM104466,2026-08-29,CUST1016,Suresh Thomas,Palakkad,Electronics,Kitchen Appliance,5,3052,30,Credit Card,Delivered
ONAM104467,2026-09-08,CUST1432,Suresh Thomas,Kollam,Clothing,Mundu,2,477,15,Cash,Returned
ONAM104468,2026-08-16,CUST1494,Divya Das,Malappuram,Home Decor,Table Decor,7,241,30,Net Banking,Delivered
ONAM104469,2026-09-06,CUST1262,Rahul Varma,Kottayam,Gifts,Chocolate Box,2,509,15,Net Banking,Returned
ONAM104470,2026-07-26,CUST1355,Rahul Joseph,Kochi,Home Decor,Flower Vase,3,576,20,Net Banking,Cancelled
ONAM104471,2026-08-02,CUST1210,Rahul Kumar,Kottayam,Gifts,Tea Gift Set,4,1700,10,Debit Card,Delivered
ONAM104472,2026-07-26,CUST1347,Anjali Krishnan,Alappuzha,Electronics,Earbuds,6,3513,15,Net Banking,Delivered
ONAM104473,2026-08-17,CUST1133,Hari Pillai,Alappuzha,Gifts,Kitchen Set,6,2466,0,Cash,Cancelled
ONAM104474,2026-09-01,CUST1383,Amal Das,Alappuzha,Gifts,Gift Hamper,6,821,25,Debit Card,Delivered
ONAM104475,2026-08-19,CUST1163,Meera Pillai,Alappuzha,Gifts,Tea Gift Set,5,642,30,Debit Card,Cancelled
ONAM104476,2026-08-20,CUST1282,Anjali Das,Thiruvananthapuram,Home Decor,Brass Lamp,2,3309,10,Net Banking,Delivered
ONAM104477,2026-08-22,CUST1115,Gokul Rajan,Kottayam,Grocery,Coconut Oil,5,402,20,Debit Card,Delivered
ONAM104478,2026-09-08,CUST1384,Gokul Das,Thiruvananthapuram,Grocery,Rice,8,463,15,Debit Card,Returned
ONAM104479,2026-08-17,CUST1081,Vishnu Nair,Thrissur,Clothing,Kasavu Saree,6,2663,0,Debit Card,Delivered
ONAM104480,2026-07-27,CUST1386,Rahul Das,Ernakulam,Electronics,Earbuds,8,6489,30,Credit Card,Cancelled
ONAM104481,2026-08-19,CUST1572,Kavya Varma,Thrissur,Home Decor,Brass Lamp,4,2982,20,UPI,Delivered
ONAM104482,2026-07-28,CUST1022,Neha Das,Alappuzha,Home Decor,Flower Vase,4,1128,25,Wallet,Returned
ONAM104483,2026-09-02,CUST1344,Athira Nair,Kollam,Grocery,Coconut Oil,6,439,20,Credit Card,Delivered
ONAM104484,2026-08-22,CUST1565,Neha Krishnan,Alappuzha,Electronics,Smart Watch,4,8107,5,Debit Card,Delivered
ONAM104485,2026-08-31,CUST1519,Vishnu Das,Thiruvananthapuram,Gifts,Chocolate Box,1,498,10,Net Banking,Cancelled
ONAM104486,2026-09-01,CUST1231,Meera Varma,Kozhikode,Clothing,Kasavu Saree,2,4250,0,Wallet,Delivered
ONAM104487,2026-08-31,CUST1100,Akhil Varma,Kollam,Electronics,Power Bank,5,2479,25,UPI,Delivered
ONAM104488,2026-09-01,CUST1091,Anjali Rajan,Kannur,Electronics,Earbuds,2,3109,0,Net Banking,Delivered
ONAM104489,2026-08-28,CUST1145,Akhil Kumar,Thrissur,Grocery,Banana Chips,8,520,15,Credit Card,Returned
ONAM104490,2026-08-16,CUST1304,Rahul Rajan,Wayanad,Home Decor,Pookalam Set,7,323,5,Credit Card,Returned
ONAM104491,2026-07-31,CUST1152,Arun Nair,Malappuram,Gifts,Gift Hamper,8,1289,25,Debit Card,Delivered
ONAM104492,2026-08-24,CUST1302,Amal Menon,Wayanad,Electronics,Earbuds,6,6144,15,Debit Card,Delivered
ONAM104493,2026-08-19,CUST1368,Lakshmi Krishnan,Kochi,Clothing,Onam Dress,4,1476,10,Cash,Delivered
ONAM104494,2026-07-25,CUST1421,Amal Das,Thrissur,Clothing,Kids Ethnic Wear,8,1653,30,Net Banking,Delivered
ONAM104495,2026-08-25,CUST1564,Divya Kumar,Palakkad,Home Decor,Wall Decor,6,1484,30,Wallet,Cancelled
ONAM104496,2026-08-08,CUST1444,Athira Rajan,Alappuzha,Gifts,Tea Gift Set,4,606,10,Cash,Delivered
ONAM104497,2026-07-25,CUST1376,Nithin Menon,Kozhikode,Gifts,Chocolate Box,2,782,20,Credit Card,Returned
ONAM104498,2026-08-08,CUST1392,Riya Pillai,Ernakulam,Gifts,Gift Hamper,5,2070,20,Net Banking,Delivered
ONAM104499,2026-09-06,CUST1079,Divya Thomas,Wayanad,Gifts,Kitchen Set,2,809,10,Debit Card,Delivered
ONAM104500,2026-07-25,CUST1518,Gokul Joseph,Palakkad,Grocery,Pickle,7,461,25,Credit Card,Delivered
ONAM104501,2026-08-09,CUST1043,Adarsh Das,Kollam,Gifts,Kitchen Set,1,2810,20,Wallet,Delivered
ONAM104502,2026-08-03,CUST1305,Arun Varma,Ernakulam,Electronics,Earbuds,7,4825,10,UPI,Delivered
ONAM104503,2026-08-30,CUST1423,Gokul Rajan,Kottayam,Electronics,Smart Watch,1,6322,15,Net Banking,Delivered
ONAM104504,2026-08-06,CUST1133,Adarsh Varma,Kochi,Grocery,Rice,3,166,15,UPI,Delivered
ONAM104505,2026-08-15,CUST1371,Gokul Rajan,Kollam,Clothing,Mundu,7,1258,5,Debit Card,Delivered
ONAM104506,2026-08-20,CUST1107,Gokul Thomas,Thiruvananthapuram,Clothing,Mundu,8,641,25,Cash,Returned
ONAM104507,2026-09-03,CUST1526,Hari Krishnan,Thiruvananthapuram,Clothing,Kids Ethnic Wear,2,1718,15,Debit Card,Delivered
ONAM104508,2026-08-03,CUST1323,Riya Nair,Kottayam,Electronics,Kitchen Appliance,5,10268,20,Net Banking,Delivered
ONAM104509,2026-09-05,CUST1223,Meera Varma,Thiruvananthapuram,Clothing,Kasavu Saree,6,1907,25,UPI,Cancelled
ONAM104510,2026-08-16,CUST1572,Nithin Menon,Malappuram,Gifts,Tea Gift Set,2,845,25,Wallet,Delivered
ONAM104511,2026-08-21,CUST1086,Riya Das,Palakkad,Clothing,Kids Ethnic Wear,5,1034,15,Debit Card,Delivered
ONAM104512,2026-08-03,CUST1244,Hari Thomas,Thrissur,Clothing,Kasavu Saree,8,4085,0,UPI,Returned
ONAM104513,2026-08-04,CUST1168,Divya Thomas,Thrissur,Electronics,Kitchen Appliance,4,5010,25,Credit Card,Delivered
ONAM104514,2026-08-17,CUST1374,Athira Varma,Thrissur,Grocery,Coconut Oil,6,572,15,Debit Card,Delivered
ONAM104515,2026-08-05,CUST1074,Rahul Pillai,Malappuram,Electronics,Kitchen Appliance,1,4681,15,Credit Card,Delivered
ONAM104516,2026-09-08,CUST1587,Anjali Thomas,Malappuram,Home Decor,Wall Decor,7,1637,0,Credit Card,Cancelled
ONAM104517,2026-08-02,CUST1539,Adarsh Nair,Alappuzha,Clothing,Onam Dress,6,2279,15,Credit Card,Delivered
ONAM104518,2026-09-07,CUST1450,Divya Krishnan,Kottayam,Grocery,Coconut Oil,5,397,20,Wallet,Delivered
ONAM104519,2026-08-12,CUST1331,Nithin Varma,Thiruvananthapuram,Clothing,Mundu,4,465,25,Debit Card,Delivered
ONAM104520,2026-08-03,CUST1593,Neha Pillai,Kannur,Home Decor,Flower Vase,4,1430,25,UPI,Delivered
ONAM104521,2026-08-28,CUST1409,Meera Joseph,Ernakulam,Clothing,Mundu,3,687,10,UPI,Returned
ONAM104522,2026-08-15,CUST1523,Rahul Pillai,Kannur,Grocery,Banana Chips,5,641,0,Cash,Returned
ONAM104523,2026-09-07,CUST1016,Vishnu Thomas,Wayanad,Grocery,Coconut Oil,2,481,20,Wallet,Delivered
ONAM104524,2026-08-07,CUST1288,Adarsh Joseph,Palakkad,Electronics,Kitchen Appliance,7,3240,20,Wallet,Returned
ONAM104525,2026-08-11,CUST1160,Vishnu Varma,Kochi,Clothing,Kasavu Saree,5,1861,5,Cash,Delivered
ONAM104526,2026-09-04,CUST1101,Arun Das,Kottayam,Clothing,Kurta,5,1947,0,UPI,Delivered
ONAM104527,2026-08-24,CUST1250,Nithin Nair,Ernakulam,Grocery,Coconut Oil,6,235,5,Net Banking,Delivered
ONAM104528,2026-09-08,CUST1482,Lakshmi Nair,Thiruvananthapuram,Gifts,Gift Hamper,6,2320,15,Wallet,Delivered
ONAM104529,2026-08-10,CUST1445,Vishnu Menon,Kollam,Gifts,Chocolate Box,7,296,10,Net Banking,Returned
ONAM104530,2026-08-03,CUST1531,Gokul Kumar,Malappuram,Grocery,Pickle,4,390,0,Credit Card,Cancelled
ONAM104531,2026-08-13,CUST1126,Lakshmi Nair,Alappuzha,Electronics,Smart Watch,2,3662,5,Cash,Delivered
ONAM104532,2026-07-26,CUST1420,Meera Krishnan,Ernakulam,Electronics,Smart Watch,8,3309,20,Net Banking,Delivered
ONAM104533,2026-09-08,CUST1256,Anjali Rajan,Kozhikode,Gifts,Kitchen Set,7,2335,5,Wallet,Delivered
ONAM104534,2026-07-25,CUST1214,Suresh Joseph,Alappuzha,Grocery,Banana Chips,4,571,10,Wallet,Delivered
ONAM104535,2026-08-09,CUST1395,Suresh Thomas,Thrissur,Clothing,Onam Dress,2,902,0,Debit Card,Delivered
ONAM104536,2026-08-18,CUST1037,Kavya Menon,Thrissur,Electronics,Earbuds,4,1696,30,Cash,Delivered
ONAM104537,2026-07-25,CUST1033,Lakshmi Nair,Thrissur,Electronics,Kitchen Appliance,4,4519,10,Cash,Delivered
ONAM104538,2026-09-02,CUST1012,Divya Kumar,Thrissur,Electronics,Power Bank,6,2434,30,Cash,Delivered
ONAM104539,2026-08-20,CUST1283,Kavya Pillai,Malappuram,Electronics,Power Bank,4,1176,10,UPI,Delivered
ONAM104540,2026-07-25,CUST1226,Arun Kumar,Thiruvananthapuram,Home Decor,Flower Vase,7,639,20,UPI,Delivered
ONAM104541,2026-09-05,CUST1031,Adarsh Thomas,Alappuzha,Electronics,Earbuds,7,4774,5,UPI,Delivered
ONAM104542,2026-08-23,CUST1325,Kavya Thomas,Kollam,Electronics,Smart Watch,7,7288,10,Cash,Delivered
ONAM104543,2026-08-17,CUST1267,Meera Joseph,Thrissur,Gifts,Chocolate Box,1,717,0,Cash,Delivered
ONAM104544,2026-09-01,CUST1118,Gokul Nair,Thiruvananthapuram,Home Decor,Pookalam Set,8,399,10,UPI,Returned
ONAM104545,2026-09-04,CUST1546,Rahul Thomas,Alappuzha,Electronics,Smart Watch,8,1575,15,Cash,Delivered
ONAM104546,2026-08-20,CUST1213,Suresh Kumar,Kozhikode,Grocery,Rice,8,616,30,Wallet,Delivered
ONAM104547,2026-08-14,CUST1115,Akhil Thomas,Wayanad,Gifts,Dry Fruit Box,1,2761,25,Cash,Delivered
ONAM104548,2026-08-18,CUST1235,Divya Menon,Kozhikode,Home Decor,Flower Vase,6,1482,15,Net Banking,Delivered
ONAM104549,2026-08-11,CUST1467,Hari Pillai,Wayanad,Home Decor,Table Decor,1,623,30,Credit Card,Delivered
ONAM104550,2026-08-08,CUST1309,Meera Thomas,Alappuzha,Home Decor,Wall Decor,8,704,30,Wallet,Delivered
ONAM104551,2026-08-17,CUST1215,Akhil Menon,Ernakulam,Gifts,Tea Gift Set,2,1697,30,Credit Card,Delivered
ONAM104552,2026-08-28,CUST1526,Rahul Kumar,Thrissur,Clothing,Kurta,5,1026,15,Wallet,Returned
ONAM104553,2026-09-08,CUST1342,Hari Rajan,Palakkad,Electronics,Earbuds,4,3196,0,Cash,Cancelled
ONAM104554,2026-08-30,CUST1535,Vishnu Varma,Kannur,Clothing,Kids Ethnic Wear,2,1528,10,Cash,Returned
ONAM104555,2026-08-31,CUST1556,Lakshmi Varma,Ernakulam,Gifts,Chocolate Box,1,437,25,Debit Card,Cancelled
ONAM104556,2026-08-29,CUST1185,Hari Thomas,Wayanad,Grocery,Banana Chips,6,289,20,Credit Card,Delivered
ONAM104557,2026-08-01,CUST1227,Nithin Das,Ernakulam,Gifts,Dry Fruit Box,6,1706,15,Wallet,Delivered
ONAM104558,2026-08-15,CUST1334,Divya Krishnan,Thrissur,Grocery,Coconut Oil,8,855,30,Net Banking,Delivered
ONAM104559,2026-08-04,CUST1315,Divya Kumar,Ernakulam,Clothing,Kids Ethnic Wear,2,1496,5,UPI,Delivered
ONAM104560,2026-09-07,CUST1438,Adarsh Joseph,Kochi,Grocery,Spices,4,334,20,Wallet,Returned
ONAM104561,2026-08-23,CUST1279,Vishnu Kumar,Kottayam,Home Decor,Pookalam Set,7,537,15,Credit Card,Delivered
ONAM104562,2026-09-02,CUST1513,Amal Kumar,Kannur,Gifts,Dry Fruit Box,3,1453,10,Net Banking,Delivered
ONAM104563,2026-08-31,CUST1597,Athira Rajan,Kannur,Gifts,Chocolate Box,5,529,25,Net Banking,Delivered
ONAM104564,2026-08-07,CUST1505,Athira Kumar,Wayanad,Gifts,Chocolate Box,6,485,20,Debit Card,Delivered
ONAM104565,2026-08-21,CUST1576,Riya Rajan,Kozhikode,Grocery,Rice,3,255,0,UPI,Cancelled
ONAM104566,2026-08-13,CUST1303,Amal Krishnan,Malappuram,Electronics,Smart Watch,3,7088,10,Cash,Delivered
ONAM104567,2026-08-22,CUST1098,Akhil Kumar,Kozhikode,Clothing,Kasavu Saree,3,1541,0,Wallet,Delivered
ONAM104568,2026-08-12,CUST1368,Rahul Thomas,Alappuzha,Electronics,Kitchen Appliance,3,4076,5,Net Banking,Delivered
ONAM104569,2026-08-31,CUST1027,Rahul Krishnan,Kannur,Gifts,Dry Fruit Box,2,1736,15,UPI,Returned
ONAM104570,2026-07-28,CUST1352,Athira Menon,Kannur,Electronics,Smart Watch,5,7861,10,Wallet,Delivered
ONAM104571,2026-08-24,CUST1250,Lakshmi Krishnan,Kozhikode,Home Decor,Brass Lamp,1,1979,10,Debit Card,Delivered
ONAM104572,2026-08-06,CUST1562,Akhil Nair,Wayanad,Gifts,Kitchen Set,5,1212,25,Debit Card,Cancelled
ONAM104573,2026-08-10,CUST1413,Lakshmi Thomas,Kozhikode,Clothing,Mundu,1,1556,5,Credit Card,Cancelled
ONAM104574,2026-09-07,CUST1099,Nithin Das,Ernakulam,Gifts,Kitchen Set,6,3172,5,Cash,Returned
ONAM104575,2026-08-16,CUST1144,Amal Nair,Thrissur,Gifts,Chocolate Box,6,295,0,Cash,Delivered
ONAM104576,2026-08-11,CUST1529,Divya Pillai,Kannur,Clothing,Kasavu Saree,8,1676,10,Net Banking,Cancelled
ONAM104577,2026-08-05,CUST1514,Gokul Nair,Kochi,Electronics,Earbuds,5,6574,5,Cash,Delivered
ONAM104578,2026-09-06,CUST1001,Hari Pillai,Wayanad,Clothing,Kurta,8,1511,15,Wallet,Delivered
ONAM104579,2026-08-31,CUST1442,Divya Das,Kochi,Clothing,Onam Dress,8,1052,15,Debit Card,Delivered
ONAM104580,2026-08-09,CUST1502,Nithin Krishnan,Thiruvananthapuram,Electronics,Power Bank,3,1941,10,Net Banking,Cancelled
ONAM104581,2026-07-30,CUST1506,Nithin Menon,Kochi,Electronics,Power Bank,1,1347,15,UPI,Delivered
ONAM104582,2026-08-18,CUST1346,Divya Varma,Thiruvananthapuram,Electronics,Bluetooth Speaker,8,5203,0,Cash,Delivered
ONAM104583,2026-08-31,CUST1201,Riya Das,Kozhikode,Clothing,Onam Dress,7,1566,15,Cash,Delivered
ONAM104584,2026-07-30,CUST1137,Riya Das,Thrissur,Gifts,Gift Hamper,5,1520,10,Credit Card,Returned
ONAM104585,2026-08-11,CUST1113,Hari Krishnan,Palakkad,Home Decor,Brass Lamp,1,4292,0,Net Banking,Delivered
ONAM104586,2026-08-03,CUST1216,Adarsh Das,Kannur,Gifts,Kitchen Set,5,1522,5,UPI,Cancelled
ONAM104587,2026-09-02,CUST1012,Neha Varma,Malappuram,Electronics,Bluetooth Speaker,1,2370,0,Credit Card,Cancelled
ONAM104588,2026-07-30,CUST1370,Suresh Menon,Kottayam,Clothing,Kurta,3,800,25,Cash,Returned
ONAM104589,2026-08-03,CUST1030,Adarsh Das,Alappuzha,Clothing,Kasavu Saree,2,1383,30,Debit Card,Delivered
ONAM104590,2026-08-28,CUST1316,Anjali Kumar,Thiruvananthapuram,Gifts,Kitchen Set,7,591,10,Net Banking,Delivered
ONAM104591,2026-08-23,CUST1464,Akhil Joseph,Thrissur,Electronics,Power Bank,8,1946,0,Wallet,Delivered
ONAM104592,2026-08-21,CUST1046,Lakshmi Varma,Ernakulam,Home Decor,Flower Vase,2,1303,30,Wallet,Cancelled
ONAM104593,2026-08-19,CUST1054,Nithin Menon,Kottayam,Home Decor,Wall Decor,5,1726,10,Debit Card,Delivered
ONAM104594,2026-07-25,CUST1228,Riya Das,Palakkad,Home Decor,Pookalam Set,7,958,25,Wallet,Delivered
ONAM104595,2026-08-24,CUST1165,Amal Varma,Palakkad,Electronics,Power Bank,1,3179,0,Cash,Delivered
ONAM104596,2026-08-29,CUST1355,Akhil Varma,Kollam,Electronics,Kitchen Appliance,7,10460,20,Net Banking,Delivered
ONAM104597,2026-08-11,CUST1161,Adarsh Kumar,Kochi,Home Decor,Pookalam Set,6,637,5,UPI,Delivered
ONAM104598,2026-08-01,CUST1255,Divya Rajan,Kochi,Grocery,Pickle,8,375,0,Wallet,Cancelled
ONAM104599,2026-07-27,CUST1421,Lakshmi Rajan,Ernakulam,Grocery,Banana Chips,8,334,5,Debit Card,Delivered
ONAM104600,2026-08-23,CUST1488,Gokul Varma,Thiruvananthapuram,Gifts,Gift Hamper,4,456,25,Debit Card,Returned
ONAM104601,2026-08-25,CUST1066,Hari Thomas,Ernakulam,Home Decor,Brass Lamp,3,1008,5,Wallet,Cancelled
ONAM104602,2026-08-15,CUST1093,Akhil Menon,Kollam,Grocery,Pickle,2,314,10,Credit Card,Delivered
ONAM104603,2026-08-28,CUST1158,Rahul Das,Ernakulam,Home Decor,Table Decor,3,1249,10,Debit Card,Delivered
ONAM104604,2026-08-06,CUST1313,Anjali Thomas,Thiruvananthapuram,Clothing,Kurta,4,810,30,Wallet,Delivered
ONAM104605,2026-08-31,CUST1139,Neha Varma,Kochi,Clothing,Onam Dress,2,1814,25,Debit Card,Delivered
ONAM104606,2026-07-29,CUST1008,Anjali Menon,Thiruvananthapuram,Home Decor,Wall Decor,8,1797,25,Credit Card,Cancelled
ONAM104607,2026-08-16,CUST1154,Gokul Das,Alappuzha,Clothing,Mundu,7,1359,30,Credit Card,Delivered
ONAM104608,2026-08-19,CUST1069,Athira Nair,Thrissur,Electronics,Kitchen Appliance,8,9187,10,UPI,Delivered
ONAM104609,2026-09-03,CUST1260,Kavya Menon,Kannur,Clothing,Kurta,6,1213,10,Wallet,Delivered
ONAM104610,2026-07-27,CUST1284,Arun Nair,Kollam,Electronics,Earbuds,1,988,10,Cash,Cancelled
ONAM104611,2026-09-01,CUST1132,Lakshmi Varma,Kottayam,Clothing,Kids Ethnic Wear,4,1529,30,Wallet,Delivered
ONAM104612,2026-09-08,CUST1052,Kavya Kumar,Alappuzha,Grocery,Spices,2,153,0,Net Banking,Delivered
ONAM104613,2026-08-24,CUST1383,Neha Krishnan,Ernakulam,Home Decor,Pookalam Set,4,505,5,Credit Card,Cancelled
ONAM104614,2026-07-31,CUST1272,Suresh Thomas,Wayanad,Clothing,Kasavu Saree,6,2231,30,Cash,Delivered
ONAM104615,2026-07-25,CUST1071,Lakshmi Krishnan,Thiruvananthapuram,Grocery,Pickle,1,236,10,Credit Card,Cancelled
ONAM104616,2026-08-25,CUST1187,Neha Rajan,Kochi,Electronics,Kitchen Appliance,8,2480,0,Cash,Cancelled
ONAM104617,2026-08-26,CUST1067,Arun Pillai,Malappuram,Grocery,Coconut Oil,1,626,0,Debit Card,Delivered
ONAM104618,2026-08-11,CUST1230,Vishnu Krishnan,Palakkad,Gifts,Chocolate Box,8,1361,20,Credit Card,Cancelled
ONAM104619,2026-08-22,CUST1498,Suresh Menon,Thiruvananthapuram,Home Decor,Brass Lamp,4,1039,20,Net Banking,Cancelled
ONAM104620,2026-08-31,CUST1163,Neha Joseph,Malappuram,Grocery,Pickle,2,441,10,Credit Card,Delivered
ONAM104621,2026-08-21,CUST1416,Arun Menon,Kozhikode,Grocery,Pickle,8,347,15,Net Banking,Returned
ONAM104622,2026-07-31,CUST1277,Nithin Varma,Kannur,Clothing,Mundu,2,494,25,Credit Card,Returned
ONAM104623,2026-09-07,CUST1563,Hari Pillai,Ernakulam,Grocery,Pickle,1,120,10,Wallet,Returned
ONAM104624,2026-08-22,CUST1450,Nithin Nair,Kozhikode,Clothing,Kids Ethnic Wear,2,1238,5,Net Banking,Delivered
ONAM104625,2026-08-24,CUST1535,Meera Kumar,Kottayam,Gifts,Dry Fruit Box,7,1830,30,Cash,Delivered
ONAM104626,2026-08-06,CUST1209,Suresh Varma,Thiruvananthapuram,Home Decor,Brass Lamp,4,1453,0,Credit Card,Cancelled
ONAM104627,2026-08-08,CUST1115,Akhil Joseph,Kannur,Grocery,Banana Chips,1,444,10,UPI,Delivered
ONAM104628,2026-08-24,CUST1507,Vishnu Varma,Thiruvananthapuram,Grocery,Banana Chips,7,123,10,UPI,Cancelled
ONAM104629,2026-08-07,CUST1130,Athira Das,Thiruvananthapuram,Clothing,Onam Dress,8,2444,0,Net Banking,Delivered
ONAM104630,2026-08-02,CUST1433,Riya Rajan,Palakkad,Electronics,Power Bank,3,2190,20,Credit Card,Returned
ONAM104631,2026-08-22,CUST1270,Suresh Nair,Kannur,Gifts,Gift Hamper,1,616,25,Net Banking,Returned
ONAM104632,2026-07-30,CUST1080,Rahul Menon,Thrissur,Clothing,Kids Ethnic Wear,7,1347,25,Credit Card,Returned
ONAM104633,2026-08-21,CUST1507,Athira Thomas,Kollam,Home Decor,Wall Decor,3,948,5,UPI,Delivered
ONAM104634,2026-08-28,CUST1052,Amal Rajan,Kochi,Electronics,Smart Watch,4,6331,30,Wallet,Returned
ONAM104635,2026-08-08,CUST1010,Kavya Das,Wayanad,Electronics,Bluetooth Speaker,7,4584,0,Credit Card,Delivered
ONAM104636,2026-08-24,CUST1139,Akhil Das,Kannur,Grocery,Banana Chips,4,555,10,Wallet,Delivered
ONAM104637,2026-07-25,CUST1496,Gokul Kumar,Alappuzha,Gifts,Dry Fruit Box,5,588,15,Wallet,Delivered
ONAM104638,2026-08-26,CUST1444,Athira Thomas,Kollam,Grocery,Banana Chips,5,215,5,Debit Card,Delivered
ONAM104639,2026-08-15,CUST1439,Neha Nair,Thiruvananthapuram,Gifts,Tea Gift Set,7,626,25,Debit Card,Delivered
ONAM104640,2026-09-05,CUST1505,Amal Joseph,Palakkad,Electronics,Bluetooth Speaker,1,1510,30,Credit Card,Delivered
ONAM104641,2026-08-09,CUST1508,Nithin Joseph,Ernakulam,Grocery,Spices,8,907,0,Net Banking,Returned
ONAM104642,2026-08-27,CUST1213,Suresh Krishnan,Kannur,Clothing,Mundu,4,1082,10,Net Banking,Delivered
ONAM104643,2026-08-22,CUST1351,Vishnu Joseph,Ernakulam,Gifts,Chocolate Box,8,281,30,Debit Card,Delivered
ONAM104644,2026-08-22,CUST1305,Meera Varma,Kannur,Grocery,Spices,3,738,15,Cash,Delivered
ONAM104645,2026-08-02,CUST1506,Meera Kumar,Thiruvananthapuram,Home Decor,Table Decor,3,558,0,Cash,Delivered
ONAM104646,2026-08-04,CUST1276,Divya Thomas,Kannur,Electronics,Earbuds,1,3759,25,UPI,Delivered
ONAM104647,2026-08-29,CUST1196,Adarsh Thomas,Malappuram,Electronics,Power Bank,1,2463,10,UPI,Cancelled
ONAM104648,2026-08-18,CUST1111,Adarsh Varma,Thrissur,Electronics,Kitchen Appliance,3,11661,15,Debit Card,Returned
ONAM104649,2026-09-04,CUST1485,Vishnu Pillai,Kottayam,Home Decor,Pookalam Set,6,635,30,Cash,Delivered
ONAM104650,2026-08-29,CUST1296,Adarsh Varma,Thiruvananthapuram,Grocery,Banana Chips,4,211,20,UPI,Cancelled
ONAM104651,2026-08-07,CUST1060,Meera Pillai,Kollam,Electronics,Smart Watch,2,5878,25,UPI,Delivered
ONAM104652,2026-08-27,CUST1551,Nithin Rajan,Thrissur,Grocery,Spices,7,280,0,Wallet,Delivered
ONAM104653,2026-08-23,CUST1370,Rahul Joseph,Ernakulam,Clothing,Mundu,2,830,5,UPI,Delivered
ONAM104654,2026-08-11,CUST1456,Kavya Varma,Thrissur,Home Decor,Wall Decor,5,471,15,UPI,Cancelled
ONAM104655,2026-08-25,CUST1338,Arun Pillai,Alappuzha,Gifts,Chocolate Box,4,511,0,Debit Card,Delivered
ONAM104656,2026-08-08,CUST1410,Riya Rajan,Ernakulam,Grocery,Pickle,4,298,15,Credit Card,Delivered
ONAM104657,2026-08-08,CUST1235,Anjali Varma,Malappuram,Grocery,Banana Chips,8,544,15,Credit Card,Delivered
ONAM104658,2026-08-17,CUST1335,Gokul Nair,Alappuzha,Clothing,Kids Ethnic Wear,6,1341,10,Wallet,Delivered
ONAM104659,2026-09-03,CUST1455,Divya Kumar,Kottayam,Grocery,Spices,8,1122,20,Wallet,Cancelled
ONAM104660,2026-08-27,CUST1290,Amal Rajan,Thrissur,Clothing,Kids Ethnic Wear,3,1447,30,Net Banking,Delivered
ONAM104661,2026-09-04,CUST1432,Adarsh Rajan,Malappuram,Grocery,Pickle,1,454,15,Credit Card,Delivered
ONAM104662,2026-08-21,CUST1501,Arun Pillai,Kozhikode,Gifts,Gift Hamper,8,628,30,Wallet,Returned
ONAM104663,2026-08-25,CUST1239,Neha Thomas,Kottayam,Home Decor,Table Decor,4,333,10,Debit Card,Cancelled
ONAM104664,2026-08-13,CUST1583,Divya Pillai,Thiruvananthapuram,Gifts,Chocolate Box,8,935,25,Cash,Delivered
ONAM104665,2026-08-01,CUST1172,Kavya Krishnan,Malappuram,Electronics,Kitchen Appliance,5,10758,0,Debit Card,Delivered
ONAM104666,2026-08-06,CUST1051,Gokul Varma,Palakkad,Gifts,Dry Fruit Box,6,1833,30,UPI,Delivered
ONAM104667,2026-09-01,CUST1050,Rahul Pillai,Thrissur,Home Decor,Wall Decor,2,1243,5,Wallet,Delivered
ONAM104668,2026-08-04,CUST1488,Vishnu Joseph,Palakkad,Clothing,Kasavu Saree,5,2212,15,Cash,Delivered
ONAM104669,2026-08-27,CUST1033,Nithin Menon,Kozhikode,Clothing,Mundu,5,750,0,Debit Card,Cancelled
ONAM104670,2026-08-03,CUST1031,Kavya Joseph,Kollam,Home Decor,Flower Vase,7,1049,15,Wallet,Delivered
ONAM104671,2026-08-17,CUST1281,Anjali Varma,Kollam,Home Decor,Table Decor,1,382,15,UPI,Delivered
ONAM104672,2026-08-05,CUST1540,Riya Pillai,Malappuram,Grocery,Spices,7,184,15,Cash,Delivered
ONAM104673,2026-07-29,CUST1465,Adarsh Nair,Thiruvananthapuram,Gifts,Gift Hamper,4,1202,30,Credit Card,Delivered
ONAM104674,2026-09-08,CUST1190,Nithin Menon,Ernakulam,Electronics,Bluetooth Speaker,5,3519,15,Wallet,Delivered
ONAM104675,2026-07-28,CUST1202,Riya Das,Kannur,Gifts,Kitchen Set,8,530,30,Wallet,Delivered
ONAM104676,2026-08-15,CUST1121,Suresh Varma,Malappuram,Clothing,Onam Dress,5,3459,10,Credit Card,Delivered
ONAM104677,2026-09-03,CUST1166,Nithin Nair,Kollam,Grocery,Rice,4,265,10,Credit Card,Delivered
ONAM104678,2026-08-16,CUST1600,Athira Pillai,Ernakulam,Home Decor,Table Decor,7,1125,25,Wallet,Cancelled
ONAM104679,2026-08-26,CUST1026,Hari Kumar,Kollam,Clothing,Mundu,1,1311,10,Net Banking,Delivered
ONAM104680,2026-08-30,CUST1425,Rahul Nair,Kollam,Gifts,Chocolate Box,6,813,10,Debit Card,Delivered
ONAM104681,2026-08-01,CUST1149,Anjali Thomas,Thrissur,Grocery,Rice,7,169,0,Net Banking,Delivered
ONAM104682,2026-07-25,CUST1491,Adarsh Joseph,Palakkad,Grocery,Spices,4,125,10,Credit Card,Delivered
ONAM104683,2026-09-05,CUST1579,Adarsh Joseph,Kollam,Home Decor,Wall Decor,5,1139,0,Debit Card,Delivered
ONAM104684,2026-08-10,CUST1088,Athira Nair,Thiruvananthapuram,Electronics,Bluetooth Speaker,3,3212,5,Credit Card,Cancelled
ONAM104685,2026-09-04,CUST1054,Amal Nair,Kochi,Electronics,Kitchen Appliance,7,4505,15,Cash,Delivered
ONAM104686,2026-08-05,CUST1147,Hari Das,Kochi,Gifts,Tea Gift Set,7,308,30,UPI,Returned
ONAM104687,2026-09-08,CUST1202,Neha Das,Ernakulam,Clothing,Kids Ethnic Wear,7,1570,10,UPI,Delivered
ONAM104688,2026-08-11,CUST1031,Akhil Nair,Malappuram,Home Decor,Brass Lamp,2,1350,30,Debit Card,Returned
ONAM104689,2026-08-05,CUST1026,Meera Kumar,Kollam,Electronics,Kitchen Appliance,5,4665,0,Credit Card,Returned
ONAM104690,2026-08-13,CUST1161,Nithin Kumar,Kottayam,Electronics,Bluetooth Speaker,3,2477,15,UPI,Delivered
ONAM104691,2026-09-02,CUST1362,Arun Thomas,Kottayam,Home Decor,Wall Decor,6,1332,15,Net Banking,Returned
ONAM104692,2026-08-21,CUST1479,Amal Menon,Thiruvananthapuram,Home Decor,Brass Lamp,4,1807,25,Credit Card,Delivered
ONAM104693,2026-07-29,CUST1505,Nithin Nair,Kannur,Clothing,Kasavu Saree,7,4677,20,UPI,Delivered
ONAM104694,2026-08-01,CUST1113,Anjali Varma,Alappuzha,Electronics,Power Bank,6,766,25,Cash,Delivered
ONAM104695,2026-08-02,CUST1453,Anjali Menon,Malappuram,Clothing,Mundu,7,494,10,Net Banking,Delivered
ONAM104696,2026-07-30,CUST1530,Divya Nair,Kottayam,Clothing,Mundu,1,1614,5,Credit Card,Cancelled
ONAM104697,2026-08-10,CUST1340,Anjali Kumar,Kannur,Gifts,Gift Hamper,7,2311,20,Net Banking,Delivered
ONAM104698,2026-08-05,CUST1485,Vishnu Menon,Kollam,Home Decor,Pookalam Set,8,854,10,Debit Card,Returned
ONAM104699,2026-08-04,CUST1398,Meera Pillai,Kochi,Home Decor,Table Decor,8,519,5,Credit Card,Delivered
ONAM104700,2026-08-30,CUST1467,Vishnu Das,Kottayam,Gifts,Kitchen Set,1,535,10,UPI,Returned
ONAM104701,2026-08-20,CUST1195,Arun Rajan,Palakkad,Gifts,Tea Gift Set,8,719,0,Credit Card,Cancelled
ONAM104702,2026-08-29,CUST1257,Kavya Kumar,Ernakulam,Gifts,Tea Gift Set,8,588,0,Wallet,Delivered
ONAM104703,2026-07-28,CUST1440,Lakshmi Krishnan,Kochi,Clothing,Kids Ethnic Wear,5,1586,20,Debit Card,Cancelled
ONAM104704,2026-08-21,CUST1198,Anjali Kumar,Malappuram,Grocery,Rice,8,802,10,Wallet,Delivered
ONAM104705,2026-08-08,CUST1095,Divya Varma,Thrissur,Electronics,Earbuds,5,2018,30,Wallet,Delivered
ONAM104706,2026-08-27,CUST1281,Divya Menon,Kottayam,Grocery,Pickle,1,189,0,Debit Card,Delivered
ONAM104707,2026-09-02,CUST1253,Lakshmi Menon,Kollam,Clothing,Onam Dress,1,1640,5,Credit Card,Delivered
ONAM104708,2026-08-07,CUST1209,Nithin Das,Kozhikode,Grocery,Spices,2,324,10,UPI,Cancelled
ONAM104709,2026-08-28,CUST1145,Riya Joseph,Kochi,Home Decor,Table Decor,5,1465,10,UPI,Delivered
ONAM104710,2026-08-16,CUST1329,Arun Krishnan,Kottayam,Gifts,Dry Fruit Box,8,1002,25,Cash,Returned
ONAM104711,2026-08-19,CUST1146,Kavya Joseph,Wayanad,Clothing,Kids Ethnic Wear,7,732,25,Credit Card,Delivered
ONAM104712,2026-09-02,CUST1152,Arun Menon,Palakkad,Clothing,Mundu,5,1318,5,Debit Card,Delivered
ONAM104713,2026-08-31,CUST1304,Vishnu Thomas,Thiruvananthapuram,Electronics,Kitchen Appliance,5,1661,10,Wallet,Delivered
ONAM104714,2026-08-18,CUST1328,Athira Kumar,Palakkad,Clothing,Kids Ethnic Wear,8,979,25,Wallet,Cancelled
ONAM104715,2026-09-01,CUST1033,Hari Rajan,Kannur,Clothing,Onam Dress,4,1121,20,Credit Card,Returned
ONAM104716,2026-09-07,CUST1223,Rahul Nair,Ernakulam,Gifts,Gift Hamper,7,1973,30,Debit Card,Delivered
ONAM104717,2026-08-27,CUST1457,Meera Varma,Kozhikode,Grocery,Spices,2,134,10,UPI,Delivered
ONAM104718,2026-09-06,CUST1215,Adarsh Pillai,Thrissur,Clothing,Kurta,5,694,5,UPI,Cancelled
ONAM104719,2026-09-07,CUST1204,Vishnu Das,Thrissur,Electronics,Bluetooth Speaker,4,3427,10,UPI,Delivered
ONAM104720,2026-08-08,CUST1092,Athira Kumar,Kottayam,Electronics,Bluetooth Speaker,3,4916,25,UPI,Delivered
ONAM104721,2026-08-21,CUST1289,Gokul Das,Malappuram,Home Decor,Flower Vase,6,234,10,UPI,Returned
ONAM104722,2026-08-18,CUST1226,Kavya Joseph,Kottayam,Gifts,Tea Gift Set,3,1750,25,UPI,Delivered
ONAM104723,2026-08-23,CUST1132,Akhil Das,Kottayam,Clothing,Kasavu Saree,2,2759,5,Debit Card,Delivered
ONAM104724,2026-08-28,CUST1439,Anjali Kumar,Kollam,Gifts,Tea Gift Set,7,834,30,Debit Card,Delivered
ONAM104725,2026-08-01,CUST1586,Anjali Thomas,Wayanad,Gifts,Chocolate Box,1,435,25,UPI,Delivered
ONAM104726,2026-09-05,CUST1223,Rahul Menon,Kollam,Electronics,Kitchen Appliance,7,6253,20,Cash,Delivered
ONAM104727,2026-07-31,CUST1075,Anjali Varma,Kannur,Gifts,Dry Fruit Box,6,2535,20,Credit Card,Delivered
ONAM104728,2026-08-11,CUST1145,Amal Das,Ernakulam,Gifts,Tea Gift Set,2,772,10,UPI,Delivered
ONAM104729,2026-09-04,CUST1446,Lakshmi Pillai,Malappuram,Clothing,Mundu,2,1637,15,Cash,Delivered
ONAM104730,2026-08-22,CUST1149,Adarsh Krishnan,Kochi,Gifts,Chocolate Box,4,1396,10,Debit Card,Delivered
ONAM104731,2026-08-29,CUST1465,Hari Joseph,Alappuzha,Clothing,Kids Ethnic Wear,6,1968,25,UPI,Cancelled
ONAM104732,2026-08-17,CUST1487,Arun Thomas,Kannur,Electronics,Kitchen Appliance,5,1950,25,Cash,Delivered
ONAM104733,2026-07-26,CUST1126,Meera Thomas,Kannur,Clothing,Kids Ethnic Wear,6,942,25,Net Banking,Delivered
ONAM104734,2026-09-04,CUST1479,Gokul Nair,Thiruvananthapuram,Home Decor,Wall Decor,8,1451,15,Net Banking,Delivered
ONAM104735,2026-09-01,CUST1246,Hari Menon,Palakkad,Grocery,Spices,3,561,15,Credit Card,Delivered
ONAM104736,2026-08-16,CUST1505,Kavya Joseph,Alappuzha,Electronics,Earbuds,1,3772,30,Credit Card,Cancelled
ONAM104737,2026-08-30,CUST1441,Meera Joseph,Ernakulam,Home Decor,Flower Vase,4,450,10,UPI,Returned
ONAM104738,2026-07-31,CUST1471,Neha Joseph,Alappuzha,Home Decor,Table Decor,1,1072,5,UPI,Cancelled
ONAM104739,2026-08-14,CUST1075,Vishnu Nair,Wayanad,Grocery,Rice,3,551,25,Debit Card,Delivered
ONAM104740,2026-07-26,CUST1086,Akhil Rajan,Wayanad,Clothing,Kurta,5,1064,25,Cash,Cancelled
ONAM104741,2026-07-29,CUST1532,Neha Joseph,Kottayam,Home Decor,Flower Vase,8,549,20,Wallet,Delivered
ONAM104742,2026-08-08,CUST1020,Athira Varma,Wayanad,Electronics,Bluetooth Speaker,5,2692,5,Cash,Cancelled
ONAM104743,2026-09-04,CUST1537,Vishnu Das,Ernakulam,Electronics,Bluetooth Speaker,1,1950,30,Cash,Returned
ONAM104744,2026-08-29,CUST1334,Neha Rajan,Malappuram,Electronics,Smart Watch,8,9024,10,Net Banking,Delivered
ONAM104745,2026-08-05,CUST1184,Riya Das,Thrissur,Gifts,Tea Gift Set,5,963,10,Cash,Delivered
ONAM104746,2026-08-22,CUST1424,Divya Varma,Malappuram,Gifts,Chocolate Box,7,880,25,UPI,Delivered
ONAM104747,2026-08-20,CUST1234,Akhil Das,Thiruvananthapuram,Clothing,Kasavu Saree,4,1538,20,Net Banking,Cancelled
ONAM104748,2026-08-23,CUST1172,Riya Krishnan,Wayanad,Electronics,Earbuds,2,2729,10,Debit Card,Returned
ONAM104749,2026-08-10,CUST1567,Arun Kumar,Thiruvananthapuram,Gifts,Tea Gift Set,4,1610,15,Wallet,Delivered
ONAM104750,2026-09-06,CUST1231,Suresh Varma,Palakkad,Home Decor,Pookalam Set,7,1116,5,Debit Card,Cancelled
ONAM104751,2026-09-02,CUST1098,Riya Rajan,Kochi,Gifts,Kitchen Set,3,3245,10,Debit Card,Returned
ONAM104752,2026-08-26,CUST1168,Riya Krishnan,Wayanad,Home Decor,Table Decor,7,1241,20,Wallet,Delivered
ONAM104753,2026-08-20,CUST1089,Akhil Thomas,Palakkad,Gifts,Dry Fruit Box,8,2254,25,UPI,Delivered
ONAM104754,2026-08-19,CUST1176,Gokul Menon,Alappuzha,Grocery,Spices,3,1124,30,Net Banking,Cancelled
ONAM104755,2026-07-28,CUST1206,Athira Krishnan,Palakkad,Grocery,Banana Chips,3,483,10,Debit Card,Delivered
ONAM104756,2026-08-31,CUST1110,Akhil Varma,Kannur,Clothing,Mundu,2,1751,15,Debit Card,Delivered
ONAM104757,2026-08-13,CUST1054,Anjali Rajan,Thiruvananthapuram,Grocery,Coconut Oil,6,439,20,Credit Card,Delivered
ONAM104758,2026-08-29,CUST1404,Divya Rajan,Malappuram,Gifts,Dry Fruit Box,7,1203,5,Debit Card,Delivered
ONAM104759,2026-08-31,CUST1090,Lakshmi Krishnan,Kozhikode,Gifts,Tea Gift Set,4,1557,0,Cash,Cancelled
ONAM104760,2026-09-08,CUST1515,Kavya Rajan,Palakkad,Electronics,Earbuds,1,1866,15,Debit Card,Delivered
ONAM104761,2026-09-01,CUST1406,Anjali Das,Palakkad,Clothing,Onam Dress,3,3063,0,UPI,Returned
ONAM104762,2026-07-28,CUST1526,Amal Joseph,Alappuzha,Home Decor,Table Decor,2,1289,15,Credit Card,Delivered
ONAM104763,2026-08-04,CUST1196,Anjali Thomas,Kochi,Gifts,Gift Hamper,3,1869,25,Credit Card,Delivered
ONAM104764,2026-07-27,CUST1497,Lakshmi Pillai,Palakkad,Gifts,Tea Gift Set,6,1503,25,Wallet,Delivered
ONAM104765,2026-08-20,CUST1081,Kavya Thomas,Kollam,Grocery,Spices,5,616,20,Net Banking,Delivered
ONAM104766,2026-08-27,CUST1499,Neha Rajan,Ernakulam,Electronics,Bluetooth Speaker,1,2180,5,Debit Card,Delivered
ONAM104767,2026-08-07,CUST1120,Adarsh Varma,Thrissur,Clothing,Kids Ethnic Wear,7,1625,0,Cash,Delivered
ONAM104768,2026-09-08,CUST1504,Athira Joseph,Kollam,Electronics,Earbuds,1,6596,0,Debit Card,Cancelled
ONAM104769,2026-09-08,CUST1194,Divya Rajan,Kollam,Grocery,Spices,3,234,15,Credit Card,Returned
ONAM104770,2026-08-11,CUST1481,Meera Das,Thrissur,Gifts,Chocolate Box,7,1092,30,Cash,Delivered
ONAM104771,2026-09-08,CUST1113,Divya Thomas,Thiruvananthapuram,Home Decor,Table Decor,2,727,0,Cash,Delivered
ONAM104772,2026-08-04,CUST1591,Divya Krishnan,Kollam,Gifts,Chocolate Box,6,1458,15,Credit Card,Delivered
ONAM104773,2026-08-02,CUST1286,Kavya Varma,Thrissur,Gifts,Dry Fruit Box,3,1221,20,UPI,Delivered
ONAM104774,2026-09-06,CUST1073,Suresh Nair,Thiruvananthapuram,Electronics,Power Bank,2,1132,10,Credit Card,Delivered
ONAM104775,2026-09-04,CUST1200,Suresh Rajan,Kollam,Clothing,Kids Ethnic Wear,2,610,10,Wallet,Delivered
ONAM104776,2026-08-20,CUST1183,Arun Krishnan,Wayanad,Clothing,Kurta,7,1798,20,Debit Card,Cancelled
ONAM104777,2026-08-16,CUST1233,Kavya Joseph,Kollam,Grocery,Banana Chips,4,261,0,Debit Card,Returned
ONAM104778,2026-08-28,CUST1477,Hari Thomas,Kozhikode,Grocery,Rice,3,604,5,Credit Card,Delivered
ONAM104779,2026-07-25,CUST1125,Akhil Kumar,Kannur,Electronics,Smart Watch,2,4319,10,Net Banking,Delivered
ONAM104780,2026-08-17,CUST1460,Akhil Rajan,Kollam,Electronics,Earbuds,7,1844,15,Credit Card,Delivered
ONAM104781,2026-09-03,CUST1416,Amal Rajan,Malappuram,Electronics,Power Bank,1,2689,0,Cash,Delivered
ONAM104782,2026-08-21,CUST1177,Adarsh Krishnan,Palakkad,Grocery,Pickle,1,119,10,UPI,Delivered
ONAM104783,2026-09-06,CUST1528,Gokul Joseph,Kochi,Electronics,Smart Watch,3,9717,25,Wallet,Returned
ONAM104784,2026-08-26,CUST1357,Lakshmi Kumar,Ernakulam,Clothing,Mundu,4,1704,10,Debit Card,Delivered
ONAM104785,2026-09-06,CUST1139,Riya Krishnan,Thrissur,Home Decor,Table Decor,6,453,10,Net Banking,Delivered
ONAM104786,2026-09-02,CUST1498,Gokul Thomas,Palakkad,Gifts,Tea Gift Set,5,896,20,UPI,Returned
ONAM104787,2026-08-17,CUST1573,Hari Das,Kottayam,Clothing,Kids Ethnic Wear,3,2152,10,Net Banking,Delivered
ONAM104788,2026-07-27,CUST1050,Divya Varma,Kannur,Clothing,Kurta,6,1796,0,Cash,Returned
ONAM104789,2026-08-06,CUST1118,Rahul Pillai,Thrissur,Gifts,Gift Hamper,4,774,30,UPI,Cancelled
ONAM104790,2026-07-31,CUST1323,Kavya Nair,Kochi,Clothing,Onam Dress,7,1220,10,Cash,Delivered
ONAM104791,2026-08-27,CUST1149,Akhil Kumar,Kannur,Grocery,Banana Chips,5,679,10,Wallet,Delivered
ONAM104792,2026-08-04,CUST1065,Amal Varma,Alappuzha,Grocery,Pickle,8,343,20,Debit Card,Delivered
ONAM104793,2026-08-08,CUST1344,Meera Varma,Alappuzha,Clothing,Kurta,7,2177,25,Credit Card,Delivered
ONAM104794,2026-08-19,CUST1420,Vishnu Menon,Wayanad,Clothing,Onam Dress,8,1093,20,UPI,Returned
ONAM104795,2026-08-25,CUST1446,Athira Menon,Thrissur,Clothing,Onam Dress,3,2835,25,Debit Card,Delivered
ONAM104796,2026-08-15,CUST1428,Adarsh Menon,Wayanad,Gifts,Kitchen Set,8,2217,10,Debit Card,Delivered
ONAM104797,2026-08-12,CUST1362,Riya Das,Thrissur,Home Decor,Wall Decor,4,1466,25,Wallet,Cancelled
ONAM104798,2026-08-21,CUST1310,Adarsh Kumar,Palakkad,Electronics,Power Bank,8,3166,5,Credit Card,Returned
ONAM104799,2026-09-07,CUST1405,Vishnu Varma,Kannur,Gifts,Tea Gift Set,3,1344,20,Debit Card,Delivered
ONAM104800,2026-08-10,CUST1360,Akhil Menon,Kannur,Grocery,Rice,1,583,0,Net Banking,Delivered
ONAM104801,2026-08-26,CUST1003,Anjali Thomas,Thiruvananthapuram,Gifts,Chocolate Box,2,1313,30,Wallet,Cancelled
ONAM104802,2026-08-06,CUST1496,Divya Pillai,Wayanad,Clothing,Kurta,8,833,0,Cash,Delivered
ONAM104803,2026-08-12,CUST1323,Gokul Pillai,Malappuram,Grocery,Pickle,3,106,5,Debit Card,Delivered
ONAM104804,2026-08-07,CUST1560,Suresh Krishnan,Kozhikode,Home Decor,Flower Vase,8,1164,10,UPI,Delivered
ONAM104805,2026-08-26,CUST1429,Meera Varma,Kozhikode,Gifts,Tea Gift Set,8,1047,0,Credit Card,Delivered
ONAM104806,2026-08-12,CUST1403,Lakshmi Krishnan,Thrissur,Grocery,Banana Chips,5,533,30,Net Banking,Delivered
ONAM104807,2026-08-20,CUST1573,Anjali Kumar,Kochi,Electronics,Bluetooth Speaker,2,1427,10,Debit Card,Delivered
ONAM104808,2026-09-05,CUST1366,Suresh Menon,Kochi,Home Decor,Brass Lamp,2,1653,0,Net Banking,Delivered
ONAM104809,2026-09-07,CUST1302,Akhil Joseph,Kottayam,Clothing,Kids Ethnic Wear,1,544,5,Cash,Delivered
ONAM104810,2026-08-01,CUST1452,Gokul Nair,Malappuram,Grocery,Rice,1,655,10,Cash,Cancelled
ONAM104811,2026-08-14,CUST1395,Hari Menon,Thrissur,Grocery,Banana Chips,4,413,10,Credit Card,Delivered
ONAM104812,2026-08-05,CUST1318,Anjali Rajan,Kannur,Grocery,Spices,7,420,5,Debit Card,Delivered
ONAM104813,2026-08-06,CUST1573,Kavya Nair,Thiruvananthapuram,Electronics,Kitchen Appliance,1,10104,25,Debit Card,Delivered
ONAM104814,2026-07-30,CUST1010,Arun Krishnan,Thrissur,Electronics,Earbuds,4,5222,20,Net Banking,Delivered
ONAM104815,2026-08-15,CUST1304,Athira Krishnan,Kozhikode,Home Decor,Flower Vase,5,1174,5,Cash,Delivered
ONAM104816,2026-08-09,CUST1009,Lakshmi Thomas,Kottayam,Clothing,Kids Ethnic Wear,3,677,0,Credit Card,Delivered
ONAM104817,2026-08-04,CUST1151,Anjali Das,Thrissur,Clothing,Kids Ethnic Wear,8,970,20,Debit Card,Cancelled
ONAM104818,2026-08-10,CUST1083,Gokul Nair,Kochi,Grocery,Spices,3,436,10,UPI,Delivered
ONAM104819,2026-08-12,CUST1327,Lakshmi Rajan,Ernakulam,Clothing,Mundu,1,1632,5,Debit Card,Delivered
ONAM104820,2026-08-16,CUST1408,Kavya Nair,Kochi,Grocery,Pickle,8,305,30,Debit Card,Delivered
ONAM104821,2026-09-02,CUST1273,Akhil Krishnan,Thiruvananthapuram,Home Decor,Pookalam Set,1,461,10,Credit Card,Delivered
ONAM104822,2026-07-27,CUST1434,Arun Varma,Kozhikode,Electronics,Bluetooth Speaker,7,1906,25,Debit Card,Delivered
ONAM104823,2026-07-25,CUST1153,Nithin Rajan,Ernakulam,Clothing,Kids Ethnic Wear,4,1954,10,Net Banking,Delivered
ONAM104824,2026-08-07,CUST1253,Anjali Krishnan,Malappuram,Gifts,Kitchen Set,8,1104,10,Debit Card,Cancelled
ONAM104825,2026-08-06,CUST1567,Meera Rajan,Ernakulam,Gifts,Chocolate Box,3,1091,0,Credit Card,Delivered
ONAM104826,2026-08-27,CUST1212,Lakshmi Krishnan,Kollam,Grocery,Spices,8,560,10,Credit Card,Delivered
ONAM104827,2026-08-22,CUST1036,Neha Pillai,Ernakulam,Grocery,Pickle,3,149,0,Wallet,Delivered
ONAM104828,2026-08-10,CUST1513,Divya Pillai,Thrissur,Clothing,Kasavu Saree,6,1748,0,Cash,Delivered
ONAM104829,2026-09-03,CUST1009,Suresh Thomas,Wayanad,Clothing,Kasavu Saree,6,1452,25,Net Banking,Delivered
ONAM104830,2026-08-11,CUST1323,Akhil Joseph,Kochi,Clothing,Mundu,4,1500,15,Debit Card,Delivered
ONAM104831,2026-08-03,CUST1506,Divya Nair,Alappuzha,Gifts,Gift Hamper,3,669,10,Net Banking,Delivered
ONAM104832,2026-08-18,CUST1425,Vishnu Pillai,Kozhikode,Grocery,Spices,5,811,30,Cash,Returned
ONAM104833,2026-08-25,CUST1281,Arun Krishnan,Wayanad,Clothing,Kasavu Saree,8,4441,30,UPI,Cancelled
ONAM104834,2026-07-27,CUST1122,Divya Kumar,Kochi,Gifts,Dry Fruit Box,4,2110,0,Net Banking,Returned
ONAM104835,2026-09-05,CUST1369,Vishnu Menon,Kottayam,Gifts,Chocolate Box,1,455,5,UPI,Delivered
ONAM104836,2026-08-16,CUST1212,Athira Rajan,Malappuram,Gifts,Gift Hamper,3,532,20,Debit Card,Delivered
ONAM104837,2026-08-09,CUST1142,Adarsh Nair,Kannur,Home Decor,Table Decor,7,469,20,Wallet,Delivered
ONAM104838,2026-07-26,CUST1477,Akhil Nair,Malappuram,Grocery,Coconut Oil,1,314,15,Net Banking,Delivered
ONAM104839,2026-08-23,CUST1316,Suresh Das,Thrissur,Grocery,Spices,8,1163,15,Wallet,Delivered
ONAM104840,2026-07-27,CUST1537,Neha Pillai,Kottayam,Electronics,Power Bank,1,2439,5,Debit Card,Delivered
ONAM104841,2026-09-04,CUST1032,Riya Kumar,Malappuram,Gifts,Chocolate Box,5,988,0,Wallet,Delivered
ONAM104842,2026-08-21,CUST1246,Kavya Pillai,Thiruvananthapuram,Home Decor,Wall Decor,1,1272,25,Cash,Delivered
ONAM104843,2026-07-27,CUST1487,Neha Menon,Thrissur,Electronics,Bluetooth Speaker,7,5489,10,Net Banking,Delivered
ONAM104844,2026-08-08,CUST1276,Nithin Krishnan,Kochi,Clothing,Kurta,8,972,25,Debit Card,Returned
ONAM104845,2026-08-27,CUST1287,Nithin Pillai,Thiruvananthapuram,Electronics,Bluetooth Speaker,1,1775,10,UPI,Delivered
ONAM104846,2026-08-27,CUST1447,Meera Thomas,Ernakulam,Clothing,Kids Ethnic Wear,8,500,25,Debit Card,Cancelled
ONAM104847,2026-08-24,CUST1041,Gokul Kumar,Ernakulam,Home Decor,Flower Vase,7,780,15,Cash,Delivered
ONAM104848,2026-08-30,CUST1208,Suresh Nair,Ernakulam,Electronics,Power Bank,4,1449,10,UPI,Delivered
ONAM104849,2026-08-31,CUST1241,Suresh Das,Kannur,Electronics,Smart Watch,1,3889,5,UPI,Returned
ONAM104850,2026-09-02,CUST1201,Gokul Thomas,Palakkad,Gifts,Chocolate Box,1,1493,30,Wallet,Returned
ONAM104851,2026-08-03,CUST1517,Meera Rajan,Thiruvananthapuram,Clothing,Kids Ethnic Wear,5,1242,5,Debit Card,Delivered
ONAM104852,2026-08-01,CUST1336,Athira Joseph,Kottayam,Grocery,Pickle,3,341,10,Net Banking,Cancelled
ONAM104853,2026-08-12,CUST1271,Hari Thomas,Thiruvananthapuram,Home Decor,Table Decor,3,295,10,Debit Card,Delivered
ONAM104854,2026-08-22,CUST1064,Nithin Krishnan,Thiruvananthapuram,Gifts,Kitchen Set,1,2513,0,Credit Card,Delivered
ONAM104855,2026-08-10,CUST1260,Rahul Krishnan,Wayanad,Grocery,Spices,4,967,25,Wallet,Delivered
ONAM104856,2026-08-13,CUST1404,Divya Pillai,Wayanad,Electronics,Kitchen Appliance,1,2224,25,Wallet,Delivered
ONAM104857,2026-08-09,CUST1242,Athira Kumar,Kannur,Electronics,Earbuds,1,4090,10,Cash,Delivered
ONAM104858,2026-08-31,CUST1401,Athira Thomas,Malappuram,Electronics,Earbuds,2,3257,5,Debit Card,Delivered
ONAM104859,2026-08-30,CUST1032,Lakshmi Menon,Kochi,Home Decor,Table Decor,4,977,25,Wallet,Delivered
ONAM104860,2026-09-05,CUST1482,Athira Krishnan,Kollam,Clothing,Mundu,3,526,30,Debit Card,Cancelled
ONAM104861,2026-08-26,CUST1507,Kavya Menon,Alappuzha,Clothing,Kasavu Saree,4,5777,10,Net Banking,Delivered
ONAM104862,2026-08-25,CUST1585,Kavya Varma,Thrissur,Clothing,Kids Ethnic Wear,6,1583,10,Debit Card,Delivered
ONAM104863,2026-08-03,CUST1191,Adarsh Pillai,Ernakulam,Electronics,Kitchen Appliance,2,2190,0,Credit Card,Returned
ONAM104864,2026-08-20,CUST1583,Arun Rajan,Malappuram,Electronics,Bluetooth Speaker,1,5721,25,UPI,Delivered
ONAM104865,2026-08-03,CUST1383,Lakshmi Varma,Thiruvananthapuram,Home Decor,Pookalam Set,3,1133,10,UPI,Delivered
ONAM104866,2026-08-12,CUST1236,Adarsh Joseph,Kozhikode,Electronics,Bluetooth Speaker,7,1965,30,Debit Card,Delivered
ONAM104867,2026-08-31,CUST1413,Anjali Das,Kollam,Gifts,Tea Gift Set,4,692,0,Cash,Delivered
ONAM104868,2026-08-06,CUST1154,Adarsh Kumar,Kollam,Grocery,Coconut Oil,7,352,30,UPI,Delivered
ONAM104869,2026-08-02,CUST1242,Vishnu Menon,Kottayam,Electronics,Power Bank,2,874,20,Credit Card,Delivered
ONAM104870,2026-08-28,CUST1547,Hari Varma,Thrissur,Clothing,Kasavu Saree,3,5758,5,UPI,Delivered
ONAM104871,2026-08-25,CUST1376,Kavya Varma,Wayanad,Grocery,Pickle,4,181,20,Cash,Delivered
ONAM104872,2026-08-26,CUST1293,Neha Joseph,Thrissur,Electronics,Kitchen Appliance,8,3962,10,Debit Card,Delivered
ONAM104873,2026-08-25,CUST1103,Anjali Rajan,Kannur,Home Decor,Table Decor,6,582,10,UPI,Delivered
ONAM104874,2026-08-21,CUST1206,Gokul Joseph,Palakkad,Gifts,Dry Fruit Box,5,1765,10,Wallet,Returned
ONAM104875,2026-08-20,CUST1165,Neha Thomas,Kollam,Home Decor,Table Decor,5,254,10,Debit Card,Delivered
ONAM104876,2026-07-31,CUST1311,Divya Menon,Thiruvananthapuram,Clothing,Mundu,2,1061,0,Cash,Delivered
ONAM104877,2026-09-07,CUST1039,Akhil Nair,Kollam,Home Decor,Brass Lamp,5,3222,5,Wallet,Delivered
ONAM104878,2026-09-03,CUST1348,Neha Das,Wayanad,Gifts,Kitchen Set,5,701,25,Cash,Returned
ONAM104879,2026-08-11,CUST1339,Divya Rajan,Malappuram,Electronics,Kitchen Appliance,8,5813,10,Wallet,Delivered
ONAM104880,2026-08-19,CUST1061,Rahul Thomas,Wayanad,Home Decor,Pookalam Set,7,442,0,Net Banking,Delivered
ONAM104881,2026-07-27,CUST1083,Suresh Menon,Kochi,Gifts,Chocolate Box,5,889,0,Credit Card,Delivered
ONAM104882,2026-09-08,CUST1159,Kavya Thomas,Kozhikode,Grocery,Spices,6,1027,5,Debit Card,Delivered
ONAM104883,2026-08-01,CUST1298,Amal Thomas,Malappuram,Electronics,Bluetooth Speaker,3,1560,10,Debit Card,Returned
ONAM104884,2026-07-31,CUST1196,Meera Varma,Thiruvananthapuram,Clothing,Kasavu Saree,1,1090,15,Net Banking,Delivered
ONAM104885,2026-09-03,CUST1417,Lakshmi Thomas,Kollam,Home Decor,Brass Lamp,7,1540,25,Net Banking,Delivered
ONAM104886,2026-08-23,CUST1242,Nithin Thomas,Palakkad,Clothing,Onam Dress,8,1132,15,Debit Card,Delivered
ONAM104887,2026-08-07,CUST1509,Anjali Rajan,Thrissur,Electronics,Power Bank,4,2614,25,Debit Card,Returned
ONAM104888,2026-08-01,CUST1292,Lakshmi Thomas,Kozhikode,Gifts,Tea Gift Set,5,1496,15,UPI,Delivered
ONAM104889,2026-09-02,CUST1122,Lakshmi Das,Kannur,Electronics,Earbuds,8,4560,0,Net Banking,Cancelled
ONAM104890,2026-08-16,CUST1208,Amal Krishnan,Kannur,Home Decor,Brass Lamp,3,4196,20,Cash,Delivered
ONAM104891,2026-08-22,CUST1584,Hari Varma,Alappuzha,Electronics,Power Bank,6,3152,5,Cash,Cancelled
ONAM104892,2026-08-27,CUST1063,Riya Nair,Alappuzha,Grocery,Pickle,2,415,0,Cash,Returned
ONAM104893,2026-08-17,CUST1163,Vishnu Rajan,Thrissur,Electronics,Power Bank,5,1776,5,Credit Card,Delivered
ONAM104894,2026-08-21,CUST1069,Lakshmi Nair,Palakkad,Home Decor,Pookalam Set,8,590,5,Wallet,Delivered
ONAM104895,2026-09-06,CUST1236,Nithin Das,Kollam,Grocery,Banana Chips,6,645,10,UPI,Delivered
ONAM104896,2026-07-26,CUST1589,Divya Thomas,Kollam,Gifts,Kitchen Set,7,3184,30,Net Banking,Returned
ONAM104897,2026-08-23,CUST1317,Hari Menon,Kannur,Gifts,Gift Hamper,1,646,10,Cash,Delivered
ONAM104898,2026-09-01,CUST1370,Rahul Krishnan,Kollam,Grocery,Rice,5,640,0,UPI,Delivered
ONAM104899,2026-09-01,CUST1053,Amal Varma,Ernakulam,Electronics,Power Bank,4,1364,10,UPI,Cancelled
ONAM104900,2026-08-25,CUST1173,Kavya Pillai,Wayanad,Home Decor,Flower Vase,3,591,10,Net Banking,Returned
ONAM104901,2026-08-13,CUST1250,Arun Nair,Thiruvananthapuram,Clothing,Kids Ethnic Wear,8,1459,5,Debit Card,Delivered
ONAM104902,2026-08-05,CUST1108,Adarsh Das,Kollam,Grocery,Coconut Oil,8,291,0,Wallet,Delivered
ONAM104903,2026-08-15,CUST1513,Nithin Pillai,Malappuram,Gifts,Dry Fruit Box,6,2739,10,Wallet,Cancelled
ONAM104904,2026-08-17,CUST1248,Riya Das,Wayanad,Home Decor,Wall Decor,7,353,30,Cash,Delivered
ONAM104905,2026-08-16,CUST1225,Nithin Das,Thrissur,Clothing,Mundu,3,1485,25,Credit Card,Returned
ONAM104906,2026-08-24,CUST1294,Arun Pillai,Kozhikode,Gifts,Chocolate Box,5,1193,10,Wallet,Returned
ONAM104907,2026-08-07,CUST1230,Rahul Rajan,Alappuzha,Gifts,Dry Fruit Box,4,1506,15,Debit Card,Cancelled
ONAM104908,2026-08-08,CUST1315,Suresh Kumar,Palakkad,Clothing,Kasavu Saree,1,2797,10,Wallet,Delivered
ONAM104909,2026-08-12,CUST1394,Arun Menon,Thrissur,Grocery,Banana Chips,2,471,5,Net Banking,Cancelled
ONAM104910,2026-08-02,CUST1256,Rahul Pillai,Palakkad,Grocery,Coconut Oil,1,656,10,Net Banking,Returned
ONAM104911,2026-08-08,CUST1553,Akhil Varma,Kollam,Home Decor,Table Decor,8,1478,10,Credit Card,Cancelled
ONAM104912,2026-08-19,CUST1082,Adarsh Menon,Wayanad,Gifts,Gift Hamper,4,2456,30,Debit Card,Cancelled
ONAM104913,2026-07-25,CUST1279,Lakshmi Thomas,Kottayam,Clothing,Mundu,2,622,10,Debit Card,Returned
ONAM104914,2026-08-23,CUST1382,Lakshmi Krishnan,Kochi,Grocery,Pickle,4,426,5,Credit Card,Delivered
ONAM104915,2026-08-23,CUST1009,Nithin Thomas,Kannur,Clothing,Onam Dress,6,2668,15,Debit Card,Delivered
ONAM104916,2026-08-15,CUST1293,Anjali Nair,Ernakulam,Home Decor,Table Decor,4,1518,20,Cash,Returned
ONAM104917,2026-08-15,CUST1013,Divya Kumar,Kozhikode,Electronics,Earbuds,8,2824,10,Credit Card,Cancelled
ONAM104918,2026-08-31,CUST1313,Rahul Joseph,Kollam,Electronics,Bluetooth Speaker,6,3841,30,Debit Card,Cancelled
ONAM104919,2026-08-08,CUST1153,Hari Nair,Wayanad,Gifts,Dry Fruit Box,5,1544,0,Debit Card,Returned
ONAM104920,2026-08-20,CUST1361,Neha Varma,Kannur,Clothing,Kurta,7,2047,10,Credit Card,Delivered
ONAM104921,2026-09-01,CUST1206,Divya Joseph,Kollam,Electronics,Bluetooth Speaker,5,4000,30,Wallet,Delivered
ONAM104922,2026-08-31,CUST1191,Neha Pillai,Thiruvananthapuram,Electronics,Smart Watch,6,8930,30,Debit Card,Delivered
ONAM104923,2026-09-04,CUST1172,Akhil Joseph,Wayanad,Gifts,Kitchen Set,6,3406,15,UPI,Delivered
ONAM104924,2026-08-03,CUST1311,Arun Pillai,Kochi,Clothing,Onam Dress,5,3035,5,Cash,Delivered
ONAM104925,2026-07-30,CUST1211,Divya Nair,Kozhikode,Electronics,Bluetooth Speaker,7,5875,10,Credit Card,Cancelled
ONAM104926,2026-08-21,CUST1598,Vishnu Krishnan,Thrissur,Grocery,Spices,2,915,25,Wallet,Delivered
ONAM104927,2026-08-13,CUST1401,Vishnu Pillai,Kollam,Gifts,Chocolate Box,8,1064,0,Cash,Delivered
ONAM104928,2026-08-22,CUST1565,Meera Varma,Kollam,Gifts,Chocolate Box,6,1351,20,Credit Card,Delivered
ONAM104929,2026-08-11,CUST1223,Rahul Nair,Thrissur,Grocery,Rice,5,383,30,Wallet,Delivered
ONAM104930,2026-08-26,CUST1102,Hari Pillai,Thiruvananthapuram,Clothing,Onam Dress,3,2124,15,Credit Card,Delivered
ONAM104931,2026-09-05,CUST1423,Lakshmi Krishnan,Malappuram,Grocery,Coconut Oil,3,835,25,Debit Card,Delivered
ONAM104932,2026-08-06,CUST1452,Divya Kumar,Thiruvananthapuram,Clothing,Kasavu Saree,4,5695,5,Debit Card,Delivered
ONAM104933,2026-07-31,CUST1526,Arun Menon,Malappuram,Clothing,Mundu,7,1371,20,Credit Card,Delivered
ONAM104934,2026-08-12,CUST1501,Arun Pillai,Malappuram,Gifts,Chocolate Box,4,981,10,Debit Card,Returned
ONAM104935,2026-08-19,CUST1479,Hari Das,Ernakulam,Grocery,Pickle,6,449,5,UPI,Returned
ONAM104936,2026-08-28,CUST1420,Riya Krishnan,Kochi,Grocery,Spices,3,545,30,UPI,Cancelled
ONAM104937,2026-08-28,CUST1324,Lakshmi Menon,Kochi,Electronics,Earbuds,7,5291,10,Net Banking,Delivered
ONAM104938,2026-07-25,CUST1332,Rahul Kumar,Ernakulam,Clothing,Kids Ethnic Wear,3,1387,20,UPI,Delivered
ONAM104939,2026-08-08,CUST1098,Rahul Thomas,Kollam,Clothing,Kasavu Saree,5,2741,0,Net Banking,Delivered
ONAM104940,2026-09-03,CUST1052,Adarsh Kumar,Malappuram,Gifts,Dry Fruit Box,2,1173,0,UPI,Delivered
ONAM104941,2026-08-20,CUST1240,Vishnu Varma,Ernakulam,Home Decor,Flower Vase,8,483,0,UPI,Delivered
ONAM104942,2026-08-15,CUST1555,Lakshmi Kumar,Ernakulam,Grocery,Banana Chips,6,668,15,Cash,Returned
ONAM104943,2026-08-28,CUST1531,Riya Kumar,Alappuzha,Clothing,Kids Ethnic Wear,1,821,0,Debit Card,Delivered
ONAM104944,2026-08-15,CUST1162,Meera Joseph,Thiruvananthapuram,Clothing,Kids Ethnic Wear,3,1553,25,Wallet,Delivered
ONAM104945,2026-08-27,CUST1466,Adarsh Das,Kannur,Electronics,Earbuds,2,2219,25,Net Banking,Delivered
ONAM104946,2026-08-24,CUST1254,Suresh Pillai,Wayanad,Electronics,Kitchen Appliance,4,3539,30,Credit Card,Returned
ONAM104947,2026-08-12,CUST1164,Amal Nair,Kannur,Electronics,Kitchen Appliance,5,2569,5,Debit Card,Delivered
ONAM104948,2026-08-17,CUST1298,Rahul Kumar,Ernakulam,Electronics,Kitchen Appliance,8,3564,10,Debit Card,Delivered
ONAM104949,2026-09-07,CUST1431,Rahul Nair,Kozhikode,Gifts,Tea Gift Set,6,532,20,Debit Card,Delivered
ONAM104950,2026-08-29,CUST1580,Divya Varma,Kottayam,Home Decor,Table Decor,1,403,30,Debit Card,Returned
ONAM104951,2026-08-12,CUST1327,Anjali Nair,Kozhikode,Home Decor,Brass Lamp,7,3470,10,Wallet,Delivered
ONAM104952,2026-08-04,CUST1023,Hari Nair,Palakkad,Gifts,Kitchen Set,2,2476,30,Cash,Delivered
ONAM104953,2026-08-31,CUST1521,Neha Das,Palakkad,Clothing,Kurta,8,2271,5,UPI,Returned
ONAM104954,2026-07-29,CUST1521,Rahul Joseph,Thiruvananthapuram,Clothing,Onam Dress,6,2216,20,Wallet,Delivered
ONAM104955,2026-08-04,CUST1275,Suresh Kumar,Wayanad,Clothing,Kurta,2,738,30,UPI,Delivered
ONAM104956,2026-08-19,CUST1554,Adarsh Rajan,Kottayam,Clothing,Kids Ethnic Wear,5,1958,25,Debit Card,Delivered
ONAM104957,2026-08-09,CUST1545,Athira Kumar,Wayanad,Grocery,Banana Chips,7,130,20,Wallet,Delivered
ONAM104958,2026-08-05,CUST1399,Neha Varma,Thrissur,Grocery,Banana Chips,4,632,15,Debit Card,Delivered
ONAM104959,2026-08-07,CUST1271,Suresh Rajan,Ernakulam,Home Decor,Brass Lamp,6,3662,10,UPI,Delivered
ONAM104960,2026-08-15,CUST1236,Athira Joseph,Palakkad,Home Decor,Pookalam Set,3,489,5,Debit Card,Delivered
ONAM104961,2026-08-12,CUST1157,Lakshmi Rajan,Kannur,Home Decor,Wall Decor,1,768,15,Debit Card,Delivered
ONAM104962,2026-07-28,CUST1590,Gokul Nair,Thrissur,Electronics,Power Bank,6,1543,15,Net Banking,Delivered
ONAM104963,2026-09-06,CUST1215,Lakshmi Nair,Malappuram,Grocery,Banana Chips,1,124,15,Cash,Cancelled
ONAM104964,2026-08-20,CUST1048,Anjali Thomas,Thiruvananthapuram,Home Decor,Wall Decor,1,1053,15,UPI,Delivered
ONAM104965,2026-08-08,CUST1143,Gokul Menon,Palakkad,Gifts,Dry Fruit Box,1,1659,30,Cash,Cancelled
ONAM104966,2026-09-01,CUST1297,Arun Nair,Palakkad,Gifts,Chocolate Box,6,902,15,Debit Card,Delivered
ONAM104967,2026-08-03,CUST1373,Kavya Nair,Wayanad,Electronics,Earbuds,2,4094,15,Wallet,Delivered
ONAM104968,2026-07-30,CUST1548,Divya Kumar,Kochi,Home Decor,Brass Lamp,8,3226,30,Debit Card,Delivered
ONAM104969,2026-08-27,CUST1225,Athira Das,Alappuzha,Gifts,Chocolate Box,6,502,30,Cash,Returned
ONAM104970,2026-08-04,CUST1144,Kavya Joseph,Kannur,Grocery,Rice,1,536,0,UPI,Delivered
ONAM104971,2026-07-30,CUST1511,Neha Thomas,Kannur,Home Decor,Brass Lamp,5,2340,0,UPI,Delivered
ONAM104972,2026-08-16,CUST1274,Anjali Rajan,Malappuram,Grocery,Pickle,5,279,15,Debit Card,Returned
ONAM104973,2026-08-25,CUST1436,Akhil Pillai,Kottayam,Grocery,Pickle,6,499,20,Net Banking,Delivered
ONAM104974,2026-09-03,CUST1248,Gokul Kumar,Thiruvananthapuram,Home Decor,Table Decor,1,1540,5,Cash,Delivered
ONAM104975,2026-08-21,CUST1479,Adarsh Rajan,Alappuzha,Home Decor,Flower Vase,4,1259,25,Cash,Returned
ONAM104976,2026-08-25,CUST1576,Adarsh Varma,Ernakulam,Clothing,Kids Ethnic Wear,7,1863,15,Net Banking,Delivered
ONAM104977,2026-09-01,CUST1131,Adarsh Pillai,Thiruvananthapuram,Gifts,Gift Hamper,7,678,10,Net Banking,Delivered
ONAM104978,2026-08-14,CUST1467,Akhil Nair,Thiruvananthapuram,Gifts,Dry Fruit Box,3,777,20,Wallet,Delivered
ONAM104979,2026-08-03,CUST1063,Vishnu Rajan,Kottayam,Gifts,Gift Hamper,3,1773,5,UPI,Cancelled
ONAM104980,2026-09-07,CUST1254,Vishnu Nair,Kozhikode,Gifts,Kitchen Set,8,2899,25,Credit Card,Delivered
ONAM104981,2026-08-05,CUST1312,Akhil Das,Wayanad,Gifts,Kitchen Set,6,3116,0,Wallet,Delivered
ONAM104982,2026-08-08,CUST1086,Amal Das,Kottayam,Grocery,Rice,4,583,0,Credit Card,Delivered
ONAM104983,2026-08-26,CUST1159,Arun Pillai,Kollam,Home Decor,Flower Vase,1,890,20,Credit Card,Delivered
ONAM104984,2026-08-14,CUST1082,Divya Nair,Palakkad,Grocery,Coconut Oil,2,263,25,Credit Card,Cancelled
ONAM104985,2026-08-21,CUST1517,Arun Menon,Thiruvananthapuram,Clothing,Kurta,4,1892,10,Debit Card,Delivered
ONAM104986,2026-07-28,CUST1005,Kavya Krishnan,Kannur,Clothing,Onam Dress,3,2543,20,Wallet,Returned
ONAM104987,2026-09-08,CUST1454,Nithin Rajan,Palakkad,Gifts,Chocolate Box,2,394,10,Wallet,Delivered
ONAM104988,2026-09-03,CUST1025,Amal Joseph,Thiruvananthapuram,Electronics,Bluetooth Speaker,6,4394,20,Net Banking,Delivered
ONAM104989,2026-08-23,CUST1009,Lakshmi Thomas,Kozhikode,Clothing,Mundu,4,1165,15,Cash,Returned
ONAM104990,2026-09-07,CUST1205,Vishnu Varma,Wayanad,Home Decor,Flower Vase,3,1203,25,Cash,Delivered
ONAM104991,2026-08-18,CUST1583,Kavya Joseph,Thiruvananthapuram,Electronics,Bluetooth Speaker,5,5597,25,Cash,Delivered
ONAM104992,2026-07-29,CUST1419,Vishnu Das,Malappuram,Gifts,Dry Fruit Box,5,2741,5,Credit Card,Delivered
ONAM104993,2026-08-09,CUST1044,Anjali Menon,Thrissur,Clothing,Kids Ethnic Wear,4,704,5,Wallet,Delivered
ONAM104994,2026-08-29,CUST1417,Gokul Pillai,Kochi,Grocery,Rice,5,445,20,Debit Card,Delivered
ONAM104995,2026-09-08,CUST1517,Vishnu Varma,Palakkad,Electronics,Smart Watch,1,2980,10,Net Banking,Delivered
ONAM104996,2026-08-29,CUST1196,Riya Rajan,Ernakulam,Clothing,Kids Ethnic Wear,6,1104,25,Net Banking,Cancelled
ONAM104997,2026-08-19,CUST1035,Suresh Kumar,Ernakulam,Electronics,Power Bank,4,1636,20,Debit Card,Cancelled
ONAM104998,2026-08-29,CUST1436,Rahul Menon,Thrissur,Home Decor,Pookalam Set,4,398,30,Cash,Returned
ONAM104999,2026-09-04,CUST1070,Adarsh Varma,Alappuzha,Electronics,Smart Watch,6,5880,15,Cash,Delivered
ONAM105000,2026-08-14,CUST1034,Kavya Rajan,Kottayam,Gifts,Kitchen Set,3,2654,30,UPI,Cancelled
